University,Degree Program,Year,Course Name,Skills
SJP,Computer Science,1,Professional English,"Communication, Technical Writing, Teamwork, Professional Conduct"
SJP,Computer Science,1,Principles of Management,"Project Management, Strategic Planning, Business Intelligence, Stakeholder Management"
SJP,Computer Science,1,Introductory Statistics,"Statistical Analysis, Descriptive Statistics, Probability, Hypothesis Testing, Excel"
SJP,Computer Science,1,Discrete Mathematics,"Set Theory, Logic, Combinatorics, Graph Theory Basics, Discrete Structures"
SJP,Computer Science,1,Computer System Organization,"Computer Organization, Assembly Language, Memory Hierarchy, I/O Systems"
SJP,Computer Science,1,Fundamentals of Programming,"Programming, Debugging, Variables, Control Structures, Functions"
SJP,Computer Science,1,Introduction to Software Engineering,"Software Design, Code Review, Documentation, SDLC, Requirements Engineering"
SJP,Computer Science,1,Leadership and Human Skills Development,"Problem Solving, Computer Science Fundamentals, Analytical Thinking"
SJP,Computer Science,1,Objected Oriented Programming,"Design Patterns, OOP Design, Inheritance, Polymorphism, Encapsulation"
SJP,Computer Science,1,Database Management Systems,"SQL, Database Design, Project Management, Strategic Planning, Business Intelligence, Stakeholder Management, Normalization, ER Diagrams, CRUD Operations, Relational Algebra"
SJP,Computer Science,1,Data Structures and Algorithms,"Arrays, Linked Lists, Trees, Graphs, Sorting, Searching, Hash Tables, Complexity Analysis"
SJP,Computer Science,1,Operating Systems,"Team Management, Process Management, Memory Management, Scheduling, Deadlock Prevention, Linux/Unix"
SJP,Computer Science,1,Computer System Architecture,"Instruction Set Architecture, Pipelining, Cache Memory, CPU Design, Performance Metrics"
SJP,Computer Science,1,Rapid Application Development,"Problem Solving, Computer Science Fundamentals, Analytical Thinking"
SJP,Computer Science,1,Algebra for Computing,"Problem Solving, Mathematical Modeling, Mathematical Reasoning"
SJP,Computer Science,2,Group Project,"Git, Documentation, Project Planning, Team Collaboration, Presentation Skills"
SJP,Computer Science,2,Data Communication and Networks,"Network Protocols, Network Design, Communication, TCP/IP, Routing, Switching, Wireshark, Presentation Skills, Professional Writing"
SJP,Computer Science,2,Object Oriented Analysis and Design,"Design Patterns, OOP Design, Inheritance, Polymorphism, Encapsulation"
SJP,Computer Science,2,Web Technologies,"HTML, CSS, JavaScript, Frontend Development, jQuery, Bootstrap"
SJP,Computer Science,2,Statistical Distribution and Inferences,"Data Analysis, Statistical Methods, Data Interpretation, Exploratory Data Analysis"
SJP,Computer Science,2,Mathematics for computing,"Problem Solving, Mathematical Modeling, Mathematical Reasoning"
SJP,Computer Science,2,Artificial Intelligence,"Supervised Learning, Unsupervised Learning, scikit-learn, Feature Engineering, Model Evaluation"
SJP,Computer Science,2,Computer Graphics,"3D Modeling, OpenGL, Rendering, Shaders, Computer Graphics, Ray Tracing"
SJP,Computer Science,2,Knowledge Representation,"Communication, Presentation Skills, Professional Writing"
SJP,Computer Science,2,Software Quality Assurance,"Automation, Java, Python, JavaScript, SQL, Cucumber)"
SJP,Computer Science,2,Differential Equations,"Intergration, Differentiation, Linear Equations, Non Linear Equation"
SJP,Computer Science,2,Service Oriented Web Applications,"HTML, CSS, JavaScript, Responsive Design, Integration Patterns, REST APIs, Web Frameworks, Message Queues, Middleware Architecture, SOA, ESB"
SJP,Computer Science,2,Industrial Inspection,"Industry Practices, Professional Experience, Workplace Skills, Applied Learning"
SJP,Computer Science,2,Software Architecture and Design Patterns,"Problem Solving, Computer Science Fundamentals, Analytical Thinking"
SJP,Computer Science,3,Research Methodologies,"Research Methodologies, Data Collection, Literature Review, Academic Writing, LaTeX"
SJP,Computer Science,3,Social and Professional Issues in Information Technology,"Communication, Technical Writing, Teamwork, Professional Conduct"
SJP,Computer Science,3,High Performance Computing,"MPI, OpenMP, CUDA, GPU Programming, Parallel Algorithms, HPC"
SJP,Computer Science,3,Advanced Data Structures and Algorithms,"Graph Algorithms, Dynamic Programming, Greedy Algorithms, Advanced Trees, Algorithm Optimization"
SJP,Computer Science,3,Computer Security,"Cryptography, Network Security, Penetration Testing, Security Protocols, Firewalls, IDS/IPS"
SJP,Computer Science,3,Machine Learning,"Supervised Learning, Unsupervised Learning, scikit-learn, Feature Engineering, Model Evaluation"
SJP,Computer Science,3,Visual Computing,"Visualization Techniques, Interactive Graphics, Visual Analytics, Scientific Visualization"
SJP,Computer Science,3,Software Project Management,"Git, Documentation, Project Management, Strategic Planning, Business Intelligence, Stakeholder Management, Project Planning, Team Collaboration, Presentation Skills"
SJP,Computer Science,3,Theory of Computation,"Automata Theory, Turing Machines, Complexity Theory, Computability"
SJP,Computer Science,3,Mobile Computing,"Kotlin, Swift, Android Studio, Mobile UI/UX, Mobile Architecture, App Deployment"
SJP,Computer Science,3,Digital Image Processing and Computer Vision,"OpenCV, Image Filtering, Edge Detection, Object Detection, Feature Extraction, Image Segmentation, Boolean Algebra, Logic Gates, Sequential Circuits, Combinational Circuits, VHDL"
SJP,Computer Science,3,Independent Research Studies,"Research Methodologies, Data Collection, Literature Review, Academic Writing, LaTeX"
SJP,Computer Science,3,Human Computer Interactions,"UI/UX Design, Usability Testing, Prototyping, User Research, Interaction Design, Figma"
SJP,Computer Science,3,Natural Language Processing,"Communication, Presentation Skills, Professional Writing"
SJP,Computer Science,3,Theory of Programming Languages,"Programming, Problem Solving, Communication, Code Design, Algorithm Implementation, Presentation Skills, Professional Writing"
SJP,Computer Science,3,Multimedia Systems,"Model Development, Audio Processing, Video Processing, Compression Algorithms, Streaming"
SJP,Computer Science,3,Deep Learning,"Problem Solving, Computer Science Fundamentals, Analytical Thinking"
SJP,Computer Science,3,Middleware Architecture,"Integration Patterns, Message Queues, Middleware Architecture, SOA, ESB"
SJP,Computer Science,3,Big Data Analytics,"Hadoop, Spark, Scala, MapReduce, Hive, Distributed Computing"
SJP,Computer Science,4,Individual Research Project,"Research Methodologies, Data Collection, Literature Review, Academic Writing, LaTeX"
SJP,Computer Science,4,Cloud Computing and Network Security,"Cryptography, Network Security, Penetration Testing, Security Protocols, Firewalls, IDS/IPS"
SJP,Computer Science,4,Emerging Trends in computing,"Innovation, Technology Trends, Emerging Technologies, Tech Research"
SJP,Computer Science,4,Robotics and Automation,"ROS, Robot Kinematics, Path Planning, Computer Vision for Robotics, Sensor Fusion, Control Systems"
SJP,Computer Science,4,Nature Inspired Algorithms,"Arrays, Linked Lists, Trees, Graphs, Sorting, Searching, Hash Tables, Complexity Analysis, Genetic Algorithms, Particle Swarm Optimization, Ant Colony Optimization, Evolutionary Computation"
SJP,Computer Science,4,Mathematical Modeling and Simulation,"Problem Solving, Computer Science Fundamentals, Analytical Thinking"
SJP,Computer Science,4,Embedded Systems and Internet of Things,"Arduino, Raspberry Pi, IoT Protocols, MQTT, Sensor Integration, Edge Computing"
SJP,Computer Science,4,Game development,"C#, Game Design, Unity, Unreal Engine, Game Physics, Game AI, 3D Graphics"
SJP,Computer Science,4,Bioinformatics,"Sequence Alignment, Genomics, BioPython, Phylogenetics, Protein Structure, Biological Databases"
SJP,Computer Science,4,Complex Systems and Agent Technology,"Simulation, Multi-Agent Systems, Complex Systems Modeling, Emergent Behavior"
SJP,Computer Science,4,Operational Research,"Research Methodologies, Data Collection, Literature Review, Academic Writing, LaTeX"
SJP,Computer Science,4,Industrial Training,"Problem Solving, Adaptability, Initiative, Professional communication"
SJP,Software Engineering,1,Professional English,"Communication, Technical Writing, Teamwork, Professional Conduct"
SJP,Software Engineering,1,Principles of Management,"Project Management, Strategic Planning, Business Intelligence, Stakeholder Management"
SJP,Software Engineering,1,Introductory Statistics,"Statistical Analysis, Descriptive Statistics, Probability, Hypothesis Testing, Excel"
SJP,Software Engineering,1,Discrete Mathematics,"Set Theory, Logic, Combinatorics, Graph Theory Basics, Discrete Structures"
SJP,Software Engineering,1,Computer System Organization,"Computer Organization, Assembly Language, Memory Hierarchy, I/O Systems"
SJP,Software Engineering,1,Fundamentals of Programming,"Programming, Debugging, Variables, Control Structures, Functions"
SJP,Software Engineering,1,Introduction to Software Engineering,"Software Design, Code Review, Documentation, SDLC, Requirements Engineering"
SJP,Software Engineering,1,Leadership and Human Skills Development,"Problem Solving, Computer Science Fundamentals, Analytical Thinking"
SJP,Software Engineering,1,Object Oriented Programming,"Design Patterns, OOP Design, Inheritance, Polymorphism, Encapsulation"
SJP,Software Engineering,1,Database Management Systems,"SQL, Database Design, Project Management, Strategic Planning, Business Intelligence, Stakeholder Management, Normalization, ER Diagrams, CRUD Operations, Relational Algebra"
SJP,Software Engineering,1,Data Structures and Algorithms,"Arrays, Linked Lists, Trees, Graphs, Sorting, Searching, Hash Tables, Complexity Analysis"
SJP,Software Engineering,1,Formal Methods in Software Development,"Formal Specification, Model Checking, Theorem Proving, Z Notation, Formal Verification"
SJP,Software Engineering,1,Operating Systems,"Team Management, Process Management, Memory Management, Scheduling, Deadlock Prevention, Linux/Unix"
SJP,Software Engineering,1,Rapid Application Development,"Problem Solving, Computer Science Fundamentals, Analytical Thinking"
SJP,Software Engineering,1,Advanced Mathematics,"Problem Solving, Mathematical Modeling, Mathematical Reasoning"
SJP,Software Engineering,2,Group Project,"Git, Documentation, Project Planning, Team Collaboration, Presentation Skills"
SJP,Software Engineering,2,Data Communication and Networks,"Network Protocols, Network Design, Communication, TCP/IP, Routing, Switching, Wireshark, Presentation Skills, Professional Writing"
SJP,Software Engineering,2,Object Oriented Analysis and Design,"Design Patterns, OOP Design, Inheritance, Polymorphism, Encapsulation"
SJP,Software Engineering,2,Web Technologies,"HTML, CSS, JavaScript, Frontend Development, jQuery, Bootstrap"
SJP,Software Engineering,2,Software Project Management,"Git, Documentation, Project Management, Strategic Planning, Business Intelligence, Stakeholder Management, Project Planning, Team Collaboration, Presentation Skills"
SJP,Software Engineering,2,Mathematics for computing,"Problem Solving, Mathematical Modeling, Mathematical Reasoning"
SJP,Software Engineering,2,Artificial Intelligence,"Supervised Learning, Unsupervised Learning, scikit-learn, Feature Engineering, Model Evaluation"
SJP,Software Engineering,2,Essentials of Computer Law,"Problem Solving, Computer Science Fundamentals, Analytical Thinking"
SJP,Software Engineering,2,Fundamentals of Software Security,"Cryptography, Network Security, Penetration Testing, Security Protocols, Firewalls, IDS/IPS"
SJP,Software Engineering,2,Software testing and validation,"Python, Java, JavaScript, Selenium"
SJP,Software Engineering,2,Software Quality Assurance,"Problem Solving, Computer Science Fundamentals, Analytical Thinking"
SJP,Software Engineering,2,Software Configuration Management,"Project Management, Strategic Planning, Business Intelligence, Stakeholder Management"
SJP,Software Engineering,2,Industrial Inspection,"Industry Practices, Professional Experience, Workplace Skills, Applied Learning"
SJP,Software Engineering,2,Management Information Systems,"CRM, Enterprise Systems, Business Process Modeling, ERP, Business Analysis"
SJP,Software Engineering,3,Research Methodologies,"Research Methodologies, Data Collection, Literature Review, Academic Writing, LaTeX"
SJP,Software Engineering,3,Software safety and reliability,"Problem Solving, Computer Science Fundamentals, Analytical Thinking"
SJP,Software Engineering,3,Social and Professional Issues in Information Technology,"Communication, Technical Writing, Teamwork, Professional Conduct"
SJP,Software Engineering,3,Software Process Management,"Project Management, Strategic Planning, Business Intelligence, Stakeholder Management"
SJP,Software Engineering,3,Enterprise Information Systems,"Problem Solving, Computer Science Fundamentals, Analytical Thinking"
SJP,Software Engineering,3,Machine Learning,"Supervised Learning, Unsupervised Learning, scikit-learn, Feature Engineering, Model Evaluation"
SJP,Software Engineering,3,Visual Computing,"Visualization Techniques, Interactive Graphics, Visual Analytics, Scientific Visualization"
SJP,Software Engineering,3,Introduction to Business Intelligence,"Project Management, Strategic Planning, Business Intelligence, Stakeholder Management"
SJP,Software Engineering,3,High Performance Computing,"MPI, OpenMP, CUDA, GPU Programming, Parallel Algorithms, HPC"
SJP,Software Engineering,3,Mobile Computing,"Kotlin, Swift, Android Studio, Mobile UI/UX, Mobile Architecture, App Deployment"
SJP,Software Engineering,3,Digital Image Processing and Computer Vision,"OpenCV, Image Filtering, Edge Detection, Object Detection, Feature Extraction, Image Segmentation, Boolean Algebra, Logic Gates, Sequential Circuits, Combinational Circuits, VHDL"
SJP,Software Engineering,3,Natural Language Processing,"Communication, Presentation Skills, Professional Writing"
SJP,Software Engineering,3,Human Computer Interactions,"UI/UX Design, Usability Testing, Prototyping, User Research, Interaction Design, Figma"
SJP,Software Engineering,3,Independent Research Studies,"Research Methodologies, Data Collection, Literature Review, Academic Writing, LaTeX"
SJP,Software Engineering,3,Software Evolution,"Problem Solving, Computer Science Fundamentals, Analytical Thinking"
SJP,Software Engineering,3,Human Resource Management,"Risk Management, Client Management, Organizational Behavior, Performance Management"
SJP,Software Engineering,3,Middleware Architecture,"Integration Patterns, Message Queues, Middleware Architecture, SOA, ESB"
SJP,Software Engineering,3,Deep leaning,"Problem Solving, Computer Science Fundamentals, Analytical Thinking"
SJP,Software Engineering,3,Big Data Analytics,"Hadoop, Spark, Scala, MapReduce, Hive, Distributed Computing"
SJP,Software Engineering,4,Individual Research Project,"Research Methodologies, Data Collection, Literature Review, Academic Writing, LaTeX"
SJP,Software Engineering,4,Cloud Computing and Network Security,"Cryptography, Network Security, Penetration Testing, Security Protocols, Firewalls, IDS/IPS"
SJP,Software Engineering,4,Service Oriented Architecture,"Integration Patterns, Message Queues, Middleware Architecture, SOA, ESB"
SJP,Software Engineering,4,Software Engineering Economics,"Software Design, Code Review, Documentation, SDLC, Requirements Engineering, Cost-Benefit Analysis, Economic Modeling, Financial Accounting, Budget Management"
SJP,Software Engineering,4,Robotics and Automation,"ROS, Robot Kinematics, Path Planning, Computer Vision for Robotics, Sensor Fusion, Control Systems"
SJP,Software Engineering,4,Embedded Systems and IOT,"Arduino, Raspberry Pi, IoT Protocols, MQTT, Sensor Integration, Edge Computing"
SJP,Software Engineering,4,Refactoring and Design,"Problem Solving, Computer Science Fundamentals, Analytical Thinking"
SJP,Software Engineering,4,Emerging Trends in Computing,"Innovation, Technology Trends, Emerging Technologies, Tech Research"
SJP,Software Engineering,4,Game Designing and Development,"C#, Game Design, Unity, Unreal Engine, Game Physics, Game AI, 3D Graphics"
SJP,Software Engineering,4,Bio Informatics,"Sequence Alignment, Genomics, BioPython, Phylogenetics, Protein Structure, Biological Databases"
SJP,Software Engineering,4,Game Design and development,"C#, Game Design, Unity, Unreal Engine, Game Physics, Game AI, 3D Graphics"
SJP,Software Engineering,4,Complex Systems and Agent Technology,"Simulation, Multi-Agent Systems, Complex Systems Modeling, Emergent Behavior"
SJP,Software Engineering,4,Industrial Training,"Supervised Learning, Unsupervised Learning, scikit-learn, Feature Engineering, Model Evaluation, Industry Practices, Professional Experience, Workplace Skills, Applied Learning"
NSBM,Data Science,1,Introduction to Computer Science,"Problem Solving, Computer Science Fundamentals, Analytical Thinking"
NSBM,Data Science,1,Mathematics for Computing,"Problem Solving, Mathematical Modeling, Mathematical Reasoning"
NSBM,Data Science,1,Programming in Python,"Python, NumPy, Pandas, pip, Virtual Environments"
NSBM,Data Science,1,Database Management Systems,"SQL, Database Design, Project Management, Strategic Planning, Business Intelligence, Stakeholder Management, Normalization, ER Diagrams, CRUD Operations, Relational Algebra"
NSBM,Data Science,1,Professional Development,"Communication, Technical Writing, Teamwork, Professional Conduct"
NSBM,Data Science,1,Object Oriented Programming with Java,"Java, Maven, Gradle, JVM, OOP Principles"
NSBM,Data Science,1,Algorithms and Data Structures,"Arrays, Linked Lists, Trees, Graphs, Sorting, Searching, Hash Tables, Complexity Analysis"
NSBM,Data Science,1,Fundamentals of Computer Architecture,"Instruction Set Architecture, Pipelining, Cache Memory, CPU Design, Performance Metrics"
NSBM,Data Science,1,Data Communication and Networks,"Network Protocols, Network Design, Communication, TCP/IP, Routing, Switching, Wireshark, Presentation Skills, Professional Writing"
NSBM,Data Science,1,Web Based Application Development,"HTML, CSS, JavaScript, Responsive Design, REST APIs, Web Frameworks"
NSBM,Data Science,2,Introduction to Data Science,"Statistical Analysis, Descriptive Statistics, Probability, Hypothesis Testing, Excel"
NSBM,Data Science,2,Human Computer Interaction,"UI/UX Design, Usability Testing, Prototyping, User Research, Interaction Design, Figma"
NSBM,Data Science,2,Data Programming with R,"Programming, Problem Solving, Code Design, Algorithm Implementation"
NSBM,Data Science,2,Statistics for Data Science,"Data Analysis, Statistical Methods, Data Interpretation, Exploratory Data Analysis"
NSBM,Data Science,2,Introduction to Software Engineering,"Software Design, Code Review, Documentation, SDLC, Requirements Engineering"
NSBM,Data Science,2,System Fundamentals,"Problem Solving, Computer Science Fundamentals, Analytical Thinking"
NSBM,Data Science,2,Algorithms and Complexity,"Arrays, Linked Lists, Trees, Graphs, Sorting, Searching, Hash Tables, Complexity Analysis"
NSBM,Data Science,2,Data Science in Python,"Python, Data Analysis, NumPy, Pandas, pip, Virtual Environments, Statistical Methods, Data Interpretation, Exploratory Data Analysis"
NSBM,Data Science,2,Ethics in Data Science,"Data Analysis, Statistical Methods, Data Interpretation, Exploratory Data Analysis, Data Privacy, Ethical AI, GDPR, Professional Ethics, Responsible Computing"
NSBM,Data Science,3,Web Mining,"HTML, Web Scraping, BeautifulSoup, Selenium, Data Extraction, Association Rules, Classification, Clustering, Pattern Recognition, Weka, Anomaly Detection"
NSBM,Data Science,3,Advanced Statistics for Data Science,"Inferential Statistics, Multivariate Analysis, Regression, ANOVA, Time Series"
NSBM,Data Science,3,Data Warehousing & Data Mining,"Association Rules, Classification, Clustering, Pattern Recognition, Weka, Anomaly Detection"
NSBM,Data Science,3,Data Visualization,"Problem Solving, Computer Science Fundamentals, Analytical Thinking"
NSBM,Data Science,3,Advanced database Management Systems,"Project Management, Strategic Planning, Business Intelligence, Stakeholder Management, Query Optimization, Indexing, Transaction Management, NoSQL, Database Tuning"
NSBM,Data Science,3,Information Assurance and Security,"Cryptography, Network Security, Penetration Testing, Security Protocols, Firewalls, IDS/IPS"
NSBM,Data Science,3,Internship,"Industry Practices, Professional Experience, Workplace Skills, Applied Learning"
NSBM,Data Science,3,Cloud Computing,"Problem Solving, Computer Science Fundamentals, Analytical Thinking"
NSBM,Data Science,3,Machine Learning,"Supervised Learning, Unsupervised Learning, scikit-learn, Feature Engineering, Model Evaluation"
NSBM,Data Science,3,Mobile Application Development,"Kotlin, Swift, Android Studio, Mobile UI/UX, Mobile Architecture, App Deployment"
NSBM,Data Science,3,Big Data Analytics,"Hadoop, Spark, Scala, MapReduce, Hive, Distributed Computing"
NSBM,Data Science,4,Natural Language Processing,"Communication, Presentation Skills, Professional Writing"
NSBM,Data Science,4,Neural Networks,"Network Protocols, Network Design, TCP/IP, Routing, Switching, Wireshark"
NSBM,Data Science,4,Big Data Programming,"Programming, Problem Solving, Code Design, Algorithm Implementation"
NSBM,Data Science,4,DS Honors Award Project,"Git, Documentation, Project Planning, Team Collaboration, Presentation Skills"
NSBM,Data Science,4,Urban Computing,"GIS, Smart Cities, Urban Analytics, Location-Based Services, Spatial Data"
NSBM,Data Science,4,Artificial Intelligence,"Supervised Learning, Unsupervised Learning, scikit-learn, Feature Engineering, Model Evaluation"
NSBM,Data Science,4,Data Science Trends and Applications,"Data Analysis, Innovation, Statistical Methods, Data Interpretation, Exploratory Data Analysis, Technology Trends, Emerging Technologies, Tech Research"
NSBM,Data Science,4,Deep Learning,"Pytorch, Tensorflow, Linear Algebra, Calculus"
NSBM,Data Science,4,Parallel and Distributed Computing,"Distributed Algorithms, Consensus Protocols, CAP Theorem, Distributed Databases, RPC"
NSBM,Data Science,4,Internet of Things,"Arduino, Raspberry Pi, IoT Protocols, MQTT, Sensor Integration, Edge Computing"
NSBM,Computer Science,1,Introduction to Computer Science,"Problem Solving, Computer Science Fundamentals, Analytical Thinking"
NSBM,Computer Network,1,Mathematics for Computing,"Problem Solving, Mathematical Modeling, Mathematical Reasoning"
NSBM,Computer Network,1,Programming in Python,"Python, NumPy, Pandas, pip, Virtual Environments"
NSBM,Computer Network,1,Professional Development,"Communication, Technical Writing, Teamwork, Professional Conduct"
NSBM,Computer Network,1,Data communications and networks,"Network Protocols, Network Design, Communication, TCP/IP, Routing, Switching, Wireshark, Presentation Skills, Professional Writing"
NSBM,Computer Network,1,Object-Oriented Programming with Java,"Java, Maven, Gradle, JVM, OOP Principles"
NSBM,Computer Network,1,Algorithms and Data structures,"Arrays, Linked Lists, Trees, Graphs, Sorting, Searching, Hash Tables, Complexity Analysis"
NSBM,Computer Network,1,Computer Architecture,"Instruction Set Architecture, Pipelining, Cache Memory, CPU Design, Performance Metrics"
NSBM,Computer Network,1,Database Management Systems,"SQL, Database Design, Project Management, Strategic Planning, Business Intelligence, Stakeholder Management, Normalization, ER Diagrams, CRUD Operations, Relational Algebra"
NSBM,Computer Network,1,Web-Based Application Development,"HTML, CSS, JavaScript, Responsive Design, REST APIs, Web Frameworks"
NSBM,Computer Network,2,Computer Networks,"Network Protocols, Network Design, TCP/IP, Routing, Switching, Wireshark"
NSBM,Computer Network,2,Systems Analysis and Design,"Database Management, Modeling, Python, Java, System Architecture, SDLC Methodologies, BPMN)"
NSBM,Computer Network,2,Statistics for Computing,"Data Analysis, Statistical Methods, Data Interpretation, Exploratory Data Analysis"
NSBM,Computer Network,2,Development of Enterprise Applications I,"Problem Solving, Computer Science Fundamentals, Analytical Thinking"
NSBM,Computer Network,2,Human-Computer Interaction,"UI/UX Design, Prototyping, Python, JavaScript, Adobe XD)"
NSBM,Computer Network,2,Network Management,"Network Protocols, Network Design, Project Management, Strategic Planning, Business Intelligence, Stakeholder Management, TCP/IP, Routing, Switching, Wireshark"
NSBM,Computer Network,2,Voice and Video over IP,"Problem Solving, Computer Science Fundamentals, Analytical Thinking"
NSBM,Computer Network,2,Network systems configuration and administration,"Network Protocols, Network Design, TCP/IP, Routing, Switching, Wireshark"
NSBM,Computer Network,2,Network Security,"Cryptography, Network Security, Penetration Testing, Security Protocols, Firewalls, IDS/IPS"
NSBM,Computer Network,2,Operating Systems,"Team Management, Process Management, Memory Management, Scheduling, Deadlock Prevention, Linux/Unix"
NSBM,Computer Network,3,Internship,"Industry Practices, Professional Experience, Workplace Skills, Applied Learning"
NSBM,Computer Network,3,Information Assurance and Security,"Cryptography, Network Security, Penetration Testing, Security Protocols, Firewalls, IDS/IPS"
NSBM,Computer Network,3,Social Issues and Professional Practice,"Communication, Technical Writing, Teamwork, Professional Conduct"
NSBM,Computer Network,3,Wireless Technologies and Network Programming,"Programming, Problem Solving, Code Design, Algorithm Implementation, WiFi Standards, Wireless Protocols, RF Engineering, Mobile Networks, 5G Technology"
NSBM,Computer Network,3,Advanced Mathematics for Computing,"Problem Solving, Mathematical Modeling, Mathematical Reasoning"
NSBM,Computer Network,3,IT Project Management,"Git, Documentation, Project Management, Strategic Planning, Business Intelligence, Stakeholder Management, Project Planning, Team Collaboration, Presentation Skills"
NSBM,Computer Network,3,IT Audit and Control,"IT systems, networks, and databases"
NSBM,Computer Network,3,Enterprise Architecture,"Cloud Computing, Cybersecurity, data analytics"
NSBM,Computer Network,3,Service provider systems and networks,"Network Protocols, Network Design, TCP/IP, Routing, Switching, Wireshark"
NSBM,Computer Network,3,Cryptography,"Cryptography, Network Security, Penetration Testing, Security Protocols, Firewalls, IDS/IPS"
NSBM,Computer Network,4,CN Honours Award Project,"Git, Documentation, Project Planning, Team Collaboration, Presentation Skills"
NSBM,Computer Network,4,Data Warehousing and Data Mining,"Association Rules, Classification, Clustering, Pattern Recognition, Weka, Anomaly Detection"
NSBM,Computer Network,4,Internet of Things,"Arduino, Raspberry Pi, IoT Protocols, MQTT, Sensor Integration, Edge Computing"
NSBM,Computer Network,4,Business Policy and Strategy,"Project Management, Strategic Planning, Business Intelligence, Stakeholder Management"
NSBM,Computer Network,4,Enterprise Networks,"Network Protocols, Network Design, TCP/IP, Routing, Switching, Wireshark"
NSBM,Computer Network,4,E-Business Application Development,"Project Management, Strategic Planning, Business Intelligence, Stakeholder Management"
NSBM,Computer Network,4,Entrepreneurship,"CMS, Data Analysis, User Experience Design, digital marketing (SEO, analytics), Financial management (bookkeeping, QuickBooks), web/app development (HTML/CSS"
NSBM,Computer Network,4,Management Information Systems,"CRM, Enterprise Systems, Business Process Modeling, ERP, Business Analysis"
NSBM,Computer Network,4,Embedded Systems,"Arduino, Raspberry Pi, IoT Protocols, MQTT, Sensor Integration, Edge Computing"
NSBM,Computer Network,4,Disaster Recovery and High availability Techniques,"Supervised Learning, Unsupervised Learning, scikit-learn, Feature Engineering, Model Evaluation"
NSBM,Computer Network,4,"Intrusion Prevention, Detection & Response","Problem Solving, Computer Science Fundamentals, Analytical Thinking"
NSBM,Computer Network,4,Parallel and Distributed Computing,"Distributed Algorithms, Consensus Protocols, CAP Theorem, Distributed Databases, RPC"
NSBM,Software Engineering,1,Introduction to Computer Science,"Problem Solving, Computer Science Fundamentals, Analytical Thinking"
NSBM,Software Engineering,1,Mathematics for Computing,"Problem Solving, Mathematical Modeling, Mathematical Reasoning"
NSBM,Software Engineering,1,Programming in Python,"Python, NumPy, Pandas, pip, Virtual Environments"
NSBM,Software Engineering,1,Professional Development,"Communication, Technical Writing, Teamwork, Professional Conduct"
NSBM,Software Engineering,1,Data communications and networks,"Network Protocols, Network Design, Communication, TCP/IP, Routing, Switching, Wireshark, Presentation Skills, Professional Writing"
NSBM,Software Engineering,1,Object-Oriented Programming with Java,"Java, Maven, Gradle, JVM, OOP Principles"
NSBM,Software Engineering,1,Algorithms and Data structures,"Arrays, Linked Lists, Trees, Graphs, Sorting, Searching, Hash Tables, Complexity Analysis"
NSBM,Software Engineering,1,Computer Architecture,"Instruction Set Architecture, Pipelining, Cache Memory, CPU Design, Performance Metrics"
NSBM,Software Engineering,1,Database Management Systems,"SQL, Database Design, Project Management, Strategic Planning, Business Intelligence, Stakeholder Management, Normalization, ER Diagrams, CRUD Operations, Relational Algebra"
NSBM,Software Engineering,1,Web-Based Application Development,"HTML, CSS, JavaScript, Responsive Design, REST APIs, Web Frameworks"
NSBM,Software Engineering,2,Computer Networks,"Network Protocols, Network Design, TCP/IP, Routing, Switching, Wireshark"
NSBM,Software Engineering,2,Systems Analysis and Design,"Java, Python, Database Management, System modeling tools (UML)"
NSBM,Software Engineering,2,Statistics for Computing,"Data Analysis, Statistical Methods, Data Interpretation, Exploratory Data Analysis"
NSBM,Software Engineering,2,Business Processes and ERP,"Project Management, Strategic Planning, Business Intelligence, Stakeholder Management"
NSBM,Software Engineering,2,Introduction to Software Engineering,"Software Design, Code Review, Documentation, SDLC, Requirements Engineering"
NSBM,Software Engineering,2,Software Architecture,"Problem Solving, Computer Science Fundamentals, Analytical Thinking"
NSBM,Software Engineering,2,Algorithms and Complexity,"Arrays, Linked Lists, Trees, Graphs, Sorting, Searching, Hash Tables, Complexity Analysis"
NSBM,Software Engineering,2,Operating Systems,"Team Management, Process Management, Memory Management, Scheduling, Deadlock Prevention, Linux/Unix"
NSBM,Software Engineering,3,Internship,"Industry Practices, Professional Experience, Workplace Skills, Applied Learning"
NSBM,Software Engineering,3,Information Assurance and Security,"Cryptography, Network Security, Penetration Testing, Security Protocols, Firewalls, IDS/IPS"
NSBM,Software Engineering,3,Social Issues and Professional Practice,"Communication, Technical Writing, Teamwork, Professional Conduct"
NSBM,Software Engineering,3,Advanced Mathematics for Computing,"Problem Solving, Mathematical Modeling, Mathematical Reasoning"
NSBM,Software Engineering,3,Advanced Database Management Systems,"Project Management, Strategic Planning, Business Intelligence, Stakeholder Management, Query Optimization, Indexing, Transaction Management, NoSQL, Database Tuning"
NSBM,Software Engineering,3,Mobile Application Development,"Kotlin, Swift, Android Studio, Mobile UI/UX, Mobile Architecture, App Deployment"
NSBM,Software Engineering,3,Software Process Management,"Project Management, Strategic Planning, Business Intelligence, Stakeholder Management"
NSBM,Software Engineering,3,IT Project Management,"Git, Documentation, Project Management, Strategic Planning, Business Intelligence, Stakeholder Management, Project Planning, Team Collaboration, Presentation Skills"
NSBM,Software Engineering,4,Platform-Based Development,"Problem Solving, Computer Science Fundamentals, Analytical Thinking"
NSBM,Software Engineering,4,Data Warehousing and Data Mining,"Association Rules, Classification, Clustering, Pattern Recognition, Weka, Anomaly Detection"
NSBM,Software Engineering,4,Internet of Things,"Arduino, Raspberry Pi, IoT Protocols, MQTT, Sensor Integration, Edge Computing"
NSBM,Software Engineering,4,Business Policy and Strategy,"Project Management, Strategic Planning, Business Intelligence, Stakeholder Management"
NSBM,Software Engineering,4,Enterprise Networks,"Network Protocols, Network Design, TCP/IP, Routing, Switching, Wireshark"
NSBM,Software Engineering,4,E-Business Application Development,"Project Management, Strategic Planning, Business Intelligence, Stakeholder Management"
NSBM,Software Engineering,4,Agent-Based Systems,"Problem Solving, Computer Science Fundamentals, Analytical Thinking"
NSBM,Software Engineering,4,Management Information Systems,"CRM, Enterprise Systems, Business Process Modeling, ERP, Business Analysis"
NSBM,Software Engineering,4,Development of Enterprise Applications II,"Problem Solving, Computer Science Fundamentals, Analytical Thinking"
NSBM,Software Engineering,4,Computer Graphics and Visualization,"3D Modeling, OpenGL, Rendering, Shaders, Computer Graphics, Ray Tracing"
NSBM,Software Engineering,4,Artificial Intelligence,"Supervised Learning, Unsupervised Learning, scikit-learn, Feature Engineering, Model Evaluation"
NSBM,Software Engineering,4,Parallel and Distributed Computing,"Distributed Algorithms, Consensus Protocols, CAP Theorem, Distributed Databases, RPC"
NSBM,Software Engineering,4,Embedded Systems,"Arduino, Raspberry Pi, IoT Protocols, MQTT, Sensor Integration, Edge Computing"
NSBM,Computer Science,1,Introduction to Computer Science,"Problem Solving, Computer Science Fundamentals, Analytical Thinking"
NSBM,Computer Science,1,Mathematics for Computing,"Problem Solving, Mathematical Modeling, Mathematical Reasoning"
NSBM,Computer Science,1,Programming in Python,"Python, NumPy, Pandas, pip, Virtual Environments"
NSBM,Computer Science,1,Professional Development,"Communication, Technical Writing, Teamwork, Professional Conduct"
NSBM,Computer Science,1,Data communications and networks,"Network Protocols, Network Design, Communication, TCP/IP, Routing, Switching, Wireshark, Presentation Skills, Professional Writing"
NSBM,Computer Science,1,Object Oriented Programming with Java,"Java, Maven, Gradle, JVM, OOP Principles"
NSBM,Computer Science,1,Algorithms and Data Structures,"Arrays, Linked Lists, Trees, Graphs, Sorting, Searching, Hash Tables, Complexity Analysis"
NSBM,Computer Science,1,Computer Architecture,"Instruction Set Architecture, Pipelining, Cache Memory, CPU Design, Performance Metrics"
NSBM,Computer Science,1,Database Management Systems,"SQL, Database Design, Project Management, Strategic Planning, Business Intelligence, Stakeholder Management, Normalization, ER Diagrams, CRUD Operations, Relational Algebra"
NSBM,Computer Science,1,Web Based Application Development,"HTML, CSS, JavaScript, Responsive Design, REST APIs, Web Frameworks"
NSBM,Computer Science,2,Computer Networks,"Network Protocols, Network Design, TCP/IP, Routing, Switching, Wireshark"
NSBM,Computer Science,2,Systems Analysis and Design,"Java, Python, Database Management, System modeling tools (UML)"
NSBM,Computer Science,2,Statistics for Computing,"Data Analysis, Statistical Methods, Data Interpretation, Exploratory Data Analysis"
NSBM,Computer Science,2,Business Processes and ERP,"Project Management, Strategic Planning, Business Intelligence, Stakeholder Management"
NSBM,Computer Science,2,Introduction to Software Engineering,"Software Design, Code Review, Documentation, SDLC, Requirements Engineering"
NSBM,Computer Science,2,Software Architecture,"Problem Solving, Computer Science Fundamentals, Analytical Thinking"
NSBM,Computer Science,2,Algorithms and Complexity,"Arrays, Linked Lists, Trees, Graphs, Sorting, Searching, Hash Tables, Complexity Analysis"
NSBM,Computer Science,2,Operating Systems,"Team Management, Process Management, Memory Management, Scheduling, Deadlock Prevention, Linux/Unix"
NSBM,Computer Science,3,Internship,"Industry Practices, Professional Experience, Workplace Skills, Applied Learning"
NSBM,Computer Science,3,Information Assurance and Security,"Cryptography, Network Security, Penetration Testing, Security Protocols, Firewalls, IDS/IPS"
NSBM,Computer Science,3,Social Issues and Professional Practice,"Communication, Technical Writing, Teamwork, Professional Conduct"
NSBM,Computer Science,3,Wireless Technologies and Network Programming,"Programming, Problem Solving, Code Design, Algorithm Implementation, WiFi Standards, Wireless Protocols, RF Engineering, Mobile Networks, 5G Technology"
NSBM,Computer Science,3,Advanced Mathematics for Computing,"Problem Solving, Mathematical Modeling, Mathematical Reasoning"
NSBM,Computer Science,3,Computational Theory,"Problem Solving, Computer Science Fundamentals, Analytical Thinking"
NSBM,Computer Science,3,Programming Languages and Compiler Design,"Programming, Problem Solving, Communication, Code Design, Algorithm Implementation, Lexical Analysis, Parsing, Code Generation, Compiler Design, Syntax Trees, Presentation Skills, Professional Writing"
NSBM,Computer Science,3,Advanced Database Management Systems,"Project Management, Strategic Planning, Business Intelligence, Stakeholder Management, Query Optimization, Indexing, Transaction Management, NoSQL, Database Tuning"
NSBM,Computer Science,3,Cryptography,"Cryptography, Network Security, Penetration Testing, Security Protocols, Firewalls, IDS/IPS"
NSBM,Computer Science,3,Mobile Application Development,"Kotlin, Swift, Android Studio, Mobile UI/UX, Mobile Architecture, App Deployment"
NSBM,Computer Science,3,Software Process Management,"Project Management, Strategic Planning, Business Intelligence, Stakeholder Management"
NSBM,Computer Science,4,Business Policy and Strategy,"Project Management, Strategic Planning, Business Intelligence, Stakeholder Management"
NSBM,Computer Science,4,Entrepreneurship,"Data Analysis, digital literacy, and financial proficiency"
NSBM,Computer Science,4,Development of Enterprise Applications II,"high-performance, secure, and scalable architectures"
NSBM,Computer Science,4,Artificial Intelligence,"Supervised Learning, Unsupervised Learning, scikit-learn, Feature Engineering, Model Evaluation"
NSBM,Computer Science,4,Embedded Systems,"Arduino, Raspberry Pi, IoT Protocols, MQTT, Sensor Integration, Edge Computing"
NSBM,Computer Science,4,Computer Graphics and Visualization,"3D Modeling, OpenGL, Rendering, Shaders, Computer Graphics, Ray Tracing"
NSBM,Computer Science,4,Parallel and Distributed Computing,"Distributed Algorithms, Consensus Protocols, CAP Theorem, Distributed Databases, RPC"
NSBM,Computer Science,4,Data Warehousing and Data Mining,"Association Rules, Classification, Clustering, Pattern Recognition, Weka, Anomaly Detection"
NSBM,Computer Science,4,Internet of Things,"Arduino, Raspberry Pi, IoT Protocols, MQTT, Sensor Integration, Edge Computing"
NSBM,Computer Science,4,Agent Based Systems,"traditional AI/machine learning expertise, software engineering"
NSBM,Computer Science,4,CS Honours Award Project,"Git, Documentation, Project Planning, Team Collaboration, Presentation Skills"
NSBM,Computer Science,4,Bio Informatics,"Sequence Alignment, Genomics, BioPython, Phylogenetics, Protein Structure, Biological Databases"
SLIIT,Software Engineering,1,Introduction to Programming,"Programming, Problem Solving, Code Design, Algorithm Implementation"
SLIIT,Software Engineering,1,Data Communication Networks,"Network Protocols, Network Design, Communication, TCP/IP, Routing, Switching, Wireshark, Presentation Skills, Professional Writing"
SLIIT,Software Engineering,1,Mathematics for Computing,"Problem Solving, Mathematical Modeling, Mathematical Reasoning"
SLIIT,Software Engineering,1,Fundamentals of Computing,"operating systems, file management, and troubleshooting"
SLIIT,Software Engineering,1,Discrete Mathematics,"Set Theory, Logic, Combinatorics, Graph Theory Basics, Discrete Structures"
SLIIT,Software Engineering,1,Data Structures and Algorithms,"Arrays, Linked Lists, Trees, Graphs, Sorting, Searching, Hash Tables, Complexity Analysis"
SLIIT,Software Engineering,1,Software Engineering,"Software Design, Code Review, Documentation, SDLC, Requirements Engineering"
SLIIT,Software Engineering,1,Technical Writing,"Technical Documentation, Report Writing, Technical Communication"
SLIIT,Software Engineering,2,Probability and Statistics,"Data Analysis, Statistical Methods, Data Interpretation, Exploratory Data Analysis"
SLIIT,Software Engineering,2,Object Oriented Programming,"Design Patterns, OOP Design, Inheritance, Polymorphism, Encapsulation"
SLIIT,Software Engineering,2,Operating Systems & System Administration,"Team Management, Process Management, Memory Management, Scheduling, Deadlock Prevention, Linux/Unix"
SLIIT,Software Engineering,2,Database Design and Development,"SQL, Database Design, Normalization, ER Diagrams, CRUD Operations, Relational Algebra"
SLIIT,Software Engineering,2,Artificial Intelligence & Machine Learning,"Supervised Learning, Unsupervised Learning, scikit-learn, Feature Engineering, Model Evaluation"
SLIIT,Software Engineering,2,IT Project,"Git, Documentation, Project Planning, Team Collaboration, Presentation Skills"
SLIIT,Software Engineering,2,Web and Mobile Technologies,"HTML, CSS, JavaScript, Kotlin, Swift, Frontend Development, jQuery, Bootstrap, Android Studio, Mobile UI/UX, Mobile Architecture, App Deployment"
SLIIT,Software Engineering,2,Professional Skills,"Communication, Technical Writing, Teamwork, Professional Conduct"
SLIIT,Software Engineering,3,Industry Economics & Management,"Cost-Benefit Analysis, Economic Modeling, Financial Accounting, Budget Management"
SLIIT,Software Engineering,3,Software Engineering Frameworks,"Software Design, Code Review, Documentation, SDLC, Requirements Engineering"
SLIIT,Software Engineering,3,Quality Managment in Software Engineering,"Test Automation, JUnit, Unit Testing, Integration Testing, Selenium, TDD"
SLIIT,Software Engineering,3,Industry Training,"Supervised Learning, Unsupervised Learning, scikit-learn, Feature Engineering, Model Evaluation, Industry Practices, Professional Experience, Workplace Skills, Applied Learning"
SLIIT,Software Engineering,3,Distributed Systems,"Distributed Algorithms, Consensus Protocols, CAP Theorem, Distributed Databases, RPC"
SLIIT,Software Engineering,3,User Experience Research & Design,"Prototyping, Research methods, and data analysis"
SLIIT,Software Engineering,3,Research Methods,"Research Methodologies, Data Collection, Literature Review, Academic Writing, LaTeX"
SLIIT,Software Engineering,4,Research Project - I,"Research Methodologies, Data Collection, Literature Review, Academic Writing, LaTeX"
SLIIT,Software Engineering,4,Secure Software Development,"Software Design, Code Review, Documentation, SDLC, Requirements Engineering"
SLIIT,Software Engineering,4,Cloud Native Development,"Docker, Kubernetes, CI/CD, Ansible, Go, Python, Terraform"
SLIIT,Software Engineering,4,Deep Learning,"Machine Learning, Tensorflow, Pytorch"
SLIIT,Software Engineering,4,Mobile Application Design & Development,"Kotlin, Swift, Android Studio, Mobile UI/UX, Mobile Architecture, App Deployment"
SLIIT,Software Engineering,4,Research Project - II,"Research Methodologies, Data Collection, Literature Review, Academic Writing, LaTeX"
SLIIT,Software Engineering,4,Current Trends in Software Engineering,"Software Design, Code Review, Documentation, Innovation, SDLC, Requirements Engineering, Technology Trends, Emerging Technologies, Tech Research"
SLIIT,Software Engineering,4,Enterprise Application Development,"Problem Solving, Computer Science Fundamentals, Analytical Thinking"
SLIIT,Software Engineering,4,Big Data & Data Analytics,"Hadoop, Spark, Scala, MapReduce, Hive, Distributed Computing"
SLIIT,Software Engineering,4,Parallel Computing,"MPI, OpenMP, CUDA, GPU Programming, Parallel Algorithms, HPC"
SLIIT,Computer Science,1,Programming Methodology,"Programming, Problem Solving, Code Design, Algorithm Implementation"
SLIIT,Computer Science,1,Engineering Mathematics - I,"Problem Solving, Mathematical Modeling, Mathematical Reasoning"
SLIIT,Computer Science,1,Discrete Mathematics,"Set Theory, Logic, Combinatorics, Graph Theory Basics, Discrete Structures"
SLIIT,Computer Science,1,Communication Skills,"Network Protocols, Network Design, Communication, TCP/IP, Routing, Switching, Wireshark, Presentation Skills, Professional Writing"
SLIIT,Computer Science,1,Computer Organization and Architecture,"Problem Solving, Computer Science Fundamentals, Analytical Thinking"
SLIIT,Computer Science,1,Engineering Mathematics - II,"Problem Solving, Mathematical Modeling, Mathematical Reasoning"
SLIIT,Computer Science,1,Digital Electronics,"Boolean Algebra, Logic Gates, Sequential Circuits, Combinational Circuits, VHDL"
SLIIT,Computer Science,1,English for Academic Purposes,"Team Management, Process Management, Memory Management, Scheduling, Deadlock Prevention, Linux/Unix"
SLIIT,Computer Science,1,Data Structures and Algorithms,"Arrays, Linked Lists, Trees, Graphs, Sorting, Searching, Hash Tables, Complexity Analysis"
SLIIT,Computer Science,2,Computer Networks,"Network Protocols, Network Design, TCP/IP, Routing, Switching, Wireshark"
SLIIT,Computer Science,2,Object Oriented Analysis and Design,"Design Patterns, OOP Design, Inheritance, Polymorphism, Encapsulation"
SLIIT,Computer Science,2,Design and Analysis of Algorithms,"Arrays, Linked Lists, Trees, Graphs, Sorting, Searching, Hash Tables, Complexity Analysis"
SLIIT,Computer Science,2,Database Management Systems,"SQL, Database Design, Project Management, Strategic Planning, Business Intelligence, Stakeholder Management, Normalization, ER Diagrams, CRUD Operations, Relational Algebra"
SLIIT,Computer Science,2,Probability and Statistics,"Data Analysis, Statistical Methods, Data Interpretation, Exploratory Data Analysis"
SLIIT,Computer Science,2,Operating Systems,"Team Management, Process Management, Memory Management, Scheduling, Deadlock Prevention, Linux/Unix"
SLIIT,Computer Science,2,Programming Paradigms,"Programming, Problem Solving, Code Design, Algorithm Implementation"
SLIIT,Computer Science,2,Distributed Systems,"Distributed Algorithms, Consensus Protocols, CAP Theorem, Distributed Databases, RPC"
SLIIT,Computer Science,2,Software Engineering,"Software Design, Code Review, Documentation, SDLC, Requirements Engineering"
SLIIT,Computer Science,2,Human Computer Interaction,"UI/UX Design, Usability Testing, Prototyping, User Research, Interaction Design, Figma"
SLIIT,Computer Science,3,Case Study Project,"Git, Documentation, Project Planning, Team Collaboration, Presentation Skills"
SLIIT,Computer Science,3,Graphics and Visualization,"3D Modeling, OpenGL, Rendering, Shaders, Computer Graphics, Ray Tracing"
SLIIT,Computer Science,3,Advanced Software Engineering,"Software Design, Code Review, Documentation, SDLC, Requirements Engineering"
SLIIT,Computer Science,3,Professional Skills,"Communication, Technical Writing, Teamwork, Professional Conduct"
SLIIT,Computer Science,3,Intelligent Systems,"Programming, R, Java, Machine learning/Deep learning (PyTorch, TensorFlow), and Data Engineering"
SLIIT,Computer Science,3,Parallel Computing,"MPI, OpenMP, CUDA, GPU Programming, Parallel Algorithms, HPC"
SLIIT,Computer Science,3,Industry Economics and Management,"Cost-Benefit Analysis, Economic Modeling, Financial Accounting, Budget Management"
SLIIT,Computer Science,3,Research Methods,"Research Methodologies, Data Collection, Literature Review, Academic Writing, LaTeX"
SLIIT,Computer Science,3,Industry Training,"Supervised Learning, Unsupervised Learning, scikit-learn, Feature Engineering, Model Evaluation, Industry Practices, Professional Experience, Workplace Skills, Applied Learning"
SLIIT,Computer Science,4,Research Project,"Research Methodologies, Data Collection, Literature Review, Academic Writing, LaTeX"
SLIIT,Computer Science,4,Machine Learning,"Supervised Learning, Unsupervised Learning, scikit-learn, Feature Engineering, Model Evaluation"
SLIIT,Computer Science,4,Advanced Mathematics,"Problem Solving, Mathematical Modeling, Mathematical Reasoning"
SLIIT,Computer Science,4,Information Security,"Cryptography, Network Security, Penetration Testing, Security Protocols, Firewalls, IDS/IPS"
SLIIT,Computer Science,4,Modelling and Simulation of Sciences,"Data Analysis, Simulation, numerical methods"
SLIIT,Computer Science,4,Research Project,"Research Methodologies, Data Collection, Literature Review, Academic Writing, LaTeX"
SLIIT,Computer Science,4,Compiler Construction (Elective),"Lexical Analysis, Parsing, Code Generation, Compiler Design, Syntax Trees"
SLIIT,Computer Science,4,Image Processing and Computer Vision (Elective),"OpenCV, Image Filtering, Edge Detection, Object Detection, Feature Extraction, Image Segmentation"
SLIIT,Computer Science,4,Deep Learning (Elective),"Problem Solving, Computer Science Fundamentals, Analytical Thinking"
SLIIT,Computer Science,4,Robotics (Elective),"ROS, Robot Kinematics, Path Planning, Computer Vision for Robotics, Sensor Fusion, Control Systems"
SLIIT,Data Science,1,Introduction to Programming,"Programming, Problem Solving, Code Design, Algorithm Implementation"
SLIIT,Data Science,1,Data Communication Networks,"Network Protocols, Network Design, Communication, TCP/IP, Routing, Switching, Wireshark, Presentation Skills, Professional Writing"
SLIIT,Data Science,1,Mathematics for Computing,"Problem Solving, Mathematical Modeling, Mathematical Reasoning"
SLIIT,Data Science,1,Fundamentals of Computing,"Problem Solving, Computer Science Fundamentals, Analytical Thinking"
SLIIT,Data Science,1,Discrete Mathematics,"Set Theory, Logic, Combinatorics, Graph Theory Basics, Discrete Structures"
SLIIT,Data Science,1,Data Structures and Algorithms,"Arrays, Linked Lists, Trees, Graphs, Sorting, Searching, Hash Tables, Complexity Analysis"
SLIIT,Data Science,1,Software Engineering,"Software Design, Code Review, Documentation, SDLC, Requirements Engineering"
SLIIT,Data Science,1,Technical Writing,"Technical Documentation, Report Writing, Technical Communication"
SLIIT,Data Science,2,Probability and Statistics,"Data Analysis, Statistical Methods, Data Interpretation, Exploratory Data Analysis"
SLIIT,Data Science,2,Object Oriented Programming,"Design Patterns, OOP Design, Inheritance, Polymorphism, Encapsulation"
SLIIT,Data Science,2,Operating Systems & System Administration,"Team Management, Process Management, Memory Management, Scheduling, Deadlock Prevention, Linux/Unix"
SLIIT,Data Science,2,Database Design and Development,"SQL, Database Design, Normalization, ER Diagrams, CRUD Operations, Relational Algebra"
SLIIT,Data Science,2,Artificial Intelligence & Machine Learning,"Supervised Learning, Unsupervised Learning, scikit-learn, Feature Engineering, Model Evaluation"
SLIIT,Data Science,2,IT Project,"Git, Documentation, Project Planning, Team Collaboration, Presentation Skills"
SLIIT,Data Science,2,Web and Mobile Technologies,"HTML, CSS, JavaScript, Kotlin, Swift, Frontend Development, jQuery, Bootstrap, Android Studio, Mobile UI/UX, Mobile Architecture, App Deployment"
SLIIT,Data Science,2,Professional Skills,"Communication, Technical Writing, Teamwork, Professional Conduct"
SLIIT,Data Science,3,Industry Economics & Management,"Cost-Benefit Analysis, Economic Modeling, Financial Accounting, Budget Management"
SLIIT,Data Science,3,Statistical Modelling,"Data Analysis, Statistical Methods, Data Interpretation, Exploratory Data Analysis"
SLIIT,Data Science,3,Machine Learning,"Supervised Learning, Unsupervised Learning, scikit-learn, Feature Engineering, Model Evaluation"
SLIIT,Data Science,3,Data Warehousing and Business Intelligence,"Project Management, Strategic Planning, Business Intelligence, Stakeholder Management"
SLIIT,Data Science,3,Industry Training,"Supervised Learning, Unsupervised Learning, scikit-learn, Feature Engineering, Model Evaluation, Industry Practices, Professional Experience, Workplace Skills, Applied Learning"
SLIIT,Data Science,3,Deep Learning,"Problem Solving, Computer Science Fundamentals, Analytical Thinking"
SLIIT,Data Science,3,Cloud Data Analytics,"Data Analysis, Statistical Methods, Data Interpretation, Exploratory Data Analysis"
SLIIT,Data Science,3,Research Methods,"Research Methodologies, Data Collection, Literature Review, Academic Writing, LaTeX"
SLIIT,Data Science,4,Research Project - I,"Research Methodologies, Data Collection, Literature Review, Academic Writing, LaTeX"
SLIIT,Data Science,4,Modern Topics in Data Science,"Data Analysis, Statistical Methods, Data Interpretation, Exploratory Data Analysis"
SLIIT,Data Science,4,Natural Language Processing,"Communication, Presentation Skills, Professional Writing"
SLIIT,Data Science,4,Software Engineering Concepts,"Software Design, Code Review, Documentation, SDLC, Requirements Engineering"
SLIIT,Data Science,4,Optimization Methods,"Problem Solving, Computer Science Fundamentals, Analytical Thinking"
SLIIT,Data Science,4,Research Project - II,"Research Methodologies, Data Collection, Literature Review, Academic Writing, LaTeX"
SLIIT,Data Science,4,"Data Governance, Privacy and Security","Cryptography, Network Security, Penetration Testing, Security Protocols, Firewalls, IDS/IPS"
SLIIT,Data Science,4,Database Implementation and Administration,"SQL, Database Design, Normalization, ER Diagrams, CRUD Operations, Relational Algebra"
SLIIT,Data Science,4,MLOps for Data Analytics,"Data Analysis, Statistical Methods, Data Interpretation, Exploratory Data Analysis, Supervised Learning, Unsupervised Learning, scikit-learn, Feature Engineering, Model Evaluation"
SLIIT,Cyber Security,1,Introduction to Programming,"Programming, Problem Solving, Code Design, Algorithm Implementation"
SLIIT,Cyber Security,1,Data Communication Networks,"Network Protocols, Network Design, Communication, TCP/IP, Routing, Switching, Wireshark, Presentation Skills, Professional Writing"
SLIIT,Cyber Security,1,Mathematics for Computing,"Problem Solving, Mathematical Modeling, Mathematical Reasoning"
SLIIT,Cyber Security,1,Fundamentals of Computing,"Problem Solving, Computer Science Fundamentals, Analytical Thinking"
SLIIT,Cyber Security,1,Discrete Mathematics,"Set Theory, Logic, Combinatorics, Graph Theory Basics, Discrete Structures"
SLIIT,Cyber Security,1,Data Structures and Algorithms,"Arrays, Linked Lists, Trees, Graphs, Sorting, Searching, Hash Tables, Complexity Analysis"
SLIIT,Cyber Security,1,Software Engineering,"Software Design, Code Review, Documentation, SDLC, Requirements Engineering"
SLIIT,Cyber Security,1,Technical Writing,"Technical Documentation, Report Writing, Technical Communication"
SLIIT,Cyber Security,2,Probability and Statistics,"Data Analysis, Statistical Methods, Data Interpretation, Exploratory Data Analysis"
SLIIT,Cyber Security,2,Object Oriented Programming,"Design Patterns, OOP Design, Inheritance, Polymorphism, Encapsulation"
SLIIT,Cyber Security,2,Operating Systems & System Administration,"Team Management, Process Management, Memory Management, Scheduling, Deadlock Prevention, Linux/Unix"
SLIIT,Cyber Security,2,Database Design and Development,"SQL, Database Design, Normalization, ER Diagrams, CRUD Operations, Relational Algebra"
SLIIT,Cyber Security,2,Artificial Intelligence & Machine Learning,"Supervised Learning, Unsupervised Learning, scikit-learn, Feature Engineering, Model Evaluation"
SLIIT,Cyber Security,2,Introduction to Cyber Security,"Cryptography, Network Security, Penetration Testing, Security Protocols, Firewalls, IDS/IPS"
SLIIT,Cyber Security,2,Network Programming,"Programming, Problem Solving, Network Protocols, Network Design, Code Design, Algorithm Implementation, TCP/IP, Routing, Switching, Wireshark"
SLIIT,Cyber Security,2,Professional Skills,"Communication, Technical Writing, Teamwork, Professional Conduct"
SLIIT,Cyber Security,3,Industry Economics & Management,"Cost-Benefit Analysis, Economic Modeling, Financial Accounting, Budget Management"
SLIIT,Cyber Security,3,Network Security,"Cryptography, Network Security, Penetration Testing, Security Protocols, Firewalls, IDS/IPS"
SLIIT,Cyber Security,3,Vulnerability Assessment & Penetration Testing,"Problem Solving, Computer Science Fundamentals, Analytical Thinking"
SLIIT,Cyber Security,3,DevOps Security,"Cryptography, Network Security, Penetration Testing, Security Protocols, Firewalls, IDS/IPS"
SLIIT,Cyber Security,3,Industry Training,"Supervised Learning, Unsupervised Learning, scikit-learn, Feature Engineering, Model Evaluation, Industry Practices, Professional Experience, Workplace Skills, Applied Learning"
SLIIT,Cyber Security,3,Cryptography,"Cryptography, Network Security, Penetration Testing, Security Protocols, Firewalls, IDS/IPS"
SLIIT,Cyber Security,3,Ethical Hacking & Cyber Ops,"Problem Solving, Computer Science Fundamentals, Analytical Thinking"
SLIIT,Cyber Security,3,Research Methods,"Research Methodologies, Data Collection, Literature Review, Academic Writing, LaTeX"
SLIIT,Cyber Security,4,Research Project - I,"Research Methodologies, Data Collection, Literature Review, Academic Writing, LaTeX"
SLIIT,Cyber Security,4,"Governance, Risk Management & Compliance","Project Management, Strategic Planning, Business Intelligence, Stakeholder Management"
SLIIT,Cyber Security,4,Data & Systems Security,"Cryptography, Network Security, Penetration Testing, Security Protocols, Firewalls, IDS/IPS"
SLIIT,Cyber Security,4,Secure Software Engineering,"Software Design, Code Review, Documentation, SDLC, Requirements Engineering"
SLIIT,Cyber Security,4,Cyber Law & Ethics,"Data Privacy, Ethical AI, GDPR, Professional Ethics, Responsible Computing"
SLIIT,Cyber Security,4,Research Project - II,"Research Methodologies, Data Collection, Literature Review, Academic Writing, LaTeX"
SLIIT,Cyber Security,4,Digital Forensics,"Digital Forensics, Incident Response, Boolean Algebra, Logic Gates, Sequential Circuits, Combinational Circuits, VHDL, Evidence Collection, Forensic Tools, Chain of Custody"
SLIIT,Cyber Security,4,Virtualization & Cloud Security,"Cryptography, Network Security, Penetration Testing, Security Protocols, Firewalls, IDS/IPS"
SLIIT,Cyber Security,4,Internet of Things,"Arduino, Raspberry Pi, IoT Protocols, MQTT, Sensor Integration, Edge Computing"
UOK,Data Science,1,Mathematics for Computer Science I,"Problem Solving, Mathematical Modeling, Mathematical Reasoning"
UOK,Data Science,1,Fundamentals of Statistics,"Data Analysis, Statistical Methods, Data Interpretation, Exploratory Data Analysis"
UOK,Data Science,1,Structured Programming I,"Programming, Problem Solving, Code Design, Algorithm Implementation"
UOK,Data Science,1,Fundamentals of Digital Electronics,"Boolean Algebra, Logic Gates, Sequential Circuits, Combinational Circuits, VHDL"
UOK,Data Science,1,Web Fundamentals,"HTML, CSS, JavaScript, Frontend Development, jQuery, Bootstrap"
UOK,Data Science,1,Introduction to Database Management Systems,"SQL, Database Design, Project Management, Strategic Planning, Business Intelligence, Stakeholder Management, Normalization, ER Diagrams, CRUD Operations, Relational Algebra"
UOK,Data Science,1,English for Computing and Technology,"Problem Solving, Computer Science Fundamentals, Analytical Thinking"
UOK,Data Science,1,Mathematics for Computer Science II,"Problem Solving, Mathematical Modeling, Mathematical Reasoning"
UOK,Data Science,1,Probability Distribution and Applications,"interpreting data, predicting outcomes, assessing risk"
UOK,Data Science,1,Computer Architecture and Design,"Instruction Set Architecture, Pipelining, Cache Memory, CPU Design, Performance Metrics"
UOK,Data Science,1,Structured Programming II,"Programming, Problem Solving, Code Design, Algorithm Implementation"
UOK,Data Science,1,Fundamentals of Operating Systems,"Team Management, Process Management, Memory Management, Scheduling, Deadlock Prevention, Linux/Unix"
UOK,Data Science,1,Web Programming,"Programming, Problem Solving, HTML, CSS, JavaScript, Code Design, Algorithm Implementation, Frontend Development, jQuery, Bootstrap"
UOK,Data Science,1,Software Engineering,"Software Design, Code Review, Documentation, SDLC, Requirements Engineering"
UOK,Data Science,2,Statistics in Two-Dimensional Random Variable,"R, Statistical Analysis, ggplot2, dplyr, tidyr, RStudio"
UOK,Data Science,2,Data Communication and Networks,"Network Protocols, Network Design, Communication, TCP/IP, Routing, Switching, Wireshark, Presentation Skills, Professional Writing"
UOK,Data Science,2,Data Structures and Algorithms,"Arrays, Linked Lists, Trees, Graphs, Sorting, Searching, Hash Tables, Complexity Analysis"
UOK,Data Science,2,Object-Oriented Analysis and Design,"UML, encapsulation, Polymorphism, Abstration, Inheritance"
UOK,Data Science,2,Python Programming,"Python, NumPy, Pandas, pip, Virtual Environments"
UOK,Data Science,2,Advanced Database Management Systems,"Project Management, Strategic Planning, Business Intelligence, Stakeholder Management, Query Optimization, Indexing, Transaction Management, NoSQL, Database Tuning"
UOK,Data Science,2,Group Project,"Git, Documentation, Project Planning, Team Collaboration, Presentation Skills"
UOK,Data Science,2,English for the World,"Problem Solving, Computer Science Fundamentals, Analytical Thinking"
UOK,Data Science,2,Principles of Management,"Project Management, Strategic Planning, Business Intelligence, Stakeholder Management"
UOK,Data Science,2,Statistical Inference and Decision Making,"Data Analysis, Statistical Methods, Data Interpretation, Exploratory Data Analysis"
UOK,Data Science,2,Advanced Operating Systems,"Kernel Development, Virtual Memory, File Systems, I/O Systems, OS Internals"
UOK,Data Science,2,Object-Oriented Programming,"OOP Concepts, OOD, Encapsulation, Polymorphism, Inheritance"
UOK,Data Science,2,Visual Programming,"Programming, Problem Solving, Code Design, Algorithm Implementation"
UOK,Data Science,2,Introduction to Artificial Intelligence,"Supervised Learning, Unsupervised Learning, scikit-learn, Feature Engineering, Model Evaluation"
UOK,Data Science,2,Introduction to Cyber Security,"Cryptography, Network Security, Penetration Testing, Security Protocols, Firewalls, IDS/IPS"
UOK,Data Science,2,Mobile Application Development,"Kotlin, Swift, Android Studio, Mobile UI/UX, Mobile Architecture, App Deployment"
UOK,Data Science,2,Embedded Systems,"Arduino, Raspberry Pi, IoT Protocols, MQTT, Sensor Integration, Edge Computing"
UOK,Data Science,2,Human Resource Management,"Risk Management, Client Management, Organizational Behavior, Performance Management"
UOK,Data Science,3,Mathematics for Computer Science III,"Problem Solving, Mathematical Modeling, Mathematical Reasoning"
UOK,Data Science,3,Human Computer Interaction,"UI/UX Design, Usability Testing, Prototyping, User Research, Interaction Design, Figma"
UOK,Data Science,3,Machine Learning and Pattern Recognition,"Supervised Learning, Unsupervised Learning, scikit-learn, Feature Engineering, Model Evaluation"
UOK,Data Science,3,Theory of Programming Languages,"Programming, Problem Solving, Communication, Code Design, Algorithm Implementation, Presentation Skills, Professional Writing"
UOK,Data Science,3,Advanced Data Structures and Algorithms,"Graph Algorithms, Dynamic Programming, Greedy Algorithms, Advanced Trees, Algorithm Optimization"
UOK,Data Science,3,Project Management for Computing,"Git, Documentation, Project Management, Strategic Planning, Business Intelligence, Stakeholder Management, Project Planning, Team Collaboration, Presentation Skills"
UOK,Data Science,3,Semantic Web and Ontological Modeling,"HTML, CSS, JavaScript, Frontend Development, jQuery, Bootstrap"
UOK,Data Science,3,Systems Administration,"Problem Solving, Computer Science Fundamentals, Analytical Thinking"
UOK,Data Science,3,Wireless Communications and Networking,"Communication, WiFi Standards, Wireless Protocols, RF Engineering, Mobile Networks, 5G Technology, Presentation Skills, Professional Writing"
UOK,Data Science,3,Natural Language Processing,"Communication, Presentation Skills, Professional Writing"
UOK,Data Science,3,Deductive Reasoning and Logic Programming,"Prolog, Logic Programming, Declarative Programming, Constraint Solving"
UOK,Data Science,3,English for Professional Purposes,"Team Management, Communication, Process Management, Memory Management, Scheduling, Deadlock Prevention, Linux/Unix, Technical Writing, Teamwork, Professional Conduct"
UOK,Data Science,3,Introduction to Entrepreneurship,"Financial Management, Digital Marketing & SEO, Data Analytics & Interpretation"
UOK,Data Science,3,Research Methodology and Scientific Communication,"Network Protocols, Network Design, Research Methodologies, Data Collection, Communication, TCP/IP, Routing, Switching, Wireshark, Literature Review, Academic Writing, LaTeX, Presentation Skills, Professional Writing"
UOK,Data Science,3,Social and Professional Issues,"Communication, Technical Writing, Teamwork, Professional Conduct"
UOK,Data Science,3,Distributed Systems and Cloud Computing,"Distributed Algorithms, Consensus Protocols, CAP Theorem, Distributed Databases, RPC"
UOK,Data Science,3,Computer Graphics,"3D Modeling, OpenGL, Rendering, Shaders, Computer Graphics, Ray Tracing"
UOK,Data Science,3,Introduction to Game Development,"C#, Game Design, Unity, Unreal Engine, Game Physics, Game AI, 3D Graphics"
UOK,Data Science,3,Data Mining and Warehousing,"Association Rules, Classification, Clustering, Pattern Recognition, Weka, Anomaly Detection"
UOK,Data Science,3,Blockchain Technology,"Supervised Learning, Unsupervised Learning, scikit-learn, Feature Engineering, Model Evaluation"
UOK,Data Science,3,Advanced Database Applications,"Query Optimization, Indexing, Transaction Management, NoSQL, Database Tuning"
UOK,Data Science,3,Complex Systems and Agent Technology,"Simulation, Multi-Agent Systems, Complex Systems Modeling, Emergent Behavior"
UOK,Data Science,3,Parallel Computing,"MPI, OpenMP, CUDA, GPU Programming, Parallel Algorithms, HPC"
UOK,Data Science,4,Research Project,"Research Methodologies, Data Collection, Literature Review, Academic Writing, LaTeX"
UOK,Data Science,4,Industrial Training,"Supervised Learning, Unsupervised Learning, scikit-learn, Feature Engineering, Model Evaluation, Industry Practices, Professional Experience, Workplace Skills, Applied Learning"
UOK,Data Science,4,Software Architecture and Design,"Problem Solving, Computer Science Fundamentals, Analytical Thinking"
UOK,Data Science,4,Emerging Technologies in Computing,"Innovation, Technology Trends, Emerging Technologies, Tech Research"
UOK,Data Science,4,Introduction to Quantum Computing,"Qiskit, quantum programming, algorithm development"
UOK,Data Science,4,"Governance, Risk Management and Compliance","Project Management, Strategic Planning, Business Intelligence, Stakeholder Management"
UOK,Data Science,4,Cyber Crime and Forensics,"Digital Forensics, Incident Response, Evidence Collection, Forensic Tools, Chain of Custody"
UOK,Data Science,4,Cyber Laws and Standards,"Problem Solving, Computer Science Fundamentals, Analytical Thinking"
UOK,Data Science,4,Internet of Things,"Arduino, Raspberry Pi, IoT Protocols, MQTT, Sensor Integration, Edge Computing"
UOK,Data Science,4,Python for Data Science,"Python, Data Analysis, NumPy, Pandas, pip, Virtual Environments, Statistical Methods, Data Interpretation, Exploratory Data Analysis"
UOK,Data Science,4,Data Visualization,"Matplotlib, Seaborn, Pandas, Numpy"
UOK,Data Science,4,Big Data Analytics,"Hadoop, Spark, Scala, MapReduce, Hive, Distributed Computing"
UOK,Data Science,4,NoSQL Databases,"SQL, Database Design, Team Management, Normalization, ER Diagrams, CRUD Operations, Relational Algebra, Process Management, Memory Management, Scheduling, Deadlock Prevention, Linux/Unix"
UOK,Data Science,4,Time Series Analysis for Data Science,"Data Analysis, Statistical Methods, Data Interpretation, Exploratory Data Analysis"
UOK,Data Science,4,Big Data Architecture and Management,"Project Management, Strategic Planning, Business Intelligence, Stakeholder Management"
UOK,Data Science,4,Geographical Information Systems,"Problem Solving, Computer Science Fundamentals, Analytical Thinking"
UOK,Data Science,4,Artificial Neural Networks,"Network Protocols, Network Design, TCP/IP, Routing, Switching, Wireshark"
UOK,Data Science,4,Deep Learning,"Neural Networks, Pytorch, Tensorflow"
UOK,Data Science,4,High Performance Computing,"MPI, OpenMP, CUDA, GPU Programming, Parallel Algorithms, HPC"
UOK,Computer Science,1,Mathematics for Computer Science I,"Problem Solving, Mathematical Modeling, Mathematical Reasoning"
UOK,Computer Science,1,Fundamentals of Statistics,"Data Analysis, Statistical Methods, Data Interpretation, Exploratory Data Analysis"
UOK,Computer Science,1,Structured Programming I,"Programming, Problem Solving, Code Design, Algorithm Implementation"
UOK,Computer Science,1,Fundamentals of Digital Electronics,"Boolean Algebra, Logic Gates, Sequential Circuits, Combinational Circuits, VHDL"
UOK,Computer Science,1,Web Fundamentals,"HTML, CSS, JavaScript, Frontend Development, jQuery, Bootstrap"
UOK,Computer Science,1,Introduction to Database Management Systems,"SQL, Database Design, Project Management, Strategic Planning, Business Intelligence, Stakeholder Management, Normalization, ER Diagrams, CRUD Operations, Relational Algebra"
UOK,Computer Science,1,English for Computing and Technology,"Problem Solving, Computer Science Fundamentals, Analytical Thinking"
UOK,Computer Science,1,Mathematics for Computer Science II,"Problem Solving, Mathematical Modeling, Mathematical Reasoning"
UOK,Computer Science,1,Probability Distribution and Applications,"Data Analysis, Statistical Modeling, Machine Learning"
UOK,Computer Science,1,Computer Architecture and Design,"Instruction Set Architecture, Pipelining, Cache Memory, CPU Design, Performance Metrics"
UOK,Computer Science,1,Structured Programming II,"Programming, Problem Solving, Code Design, Algorithm Implementation"
UOK,Computer Science,1,Fundamentals of Operating Systems,"Team Management, Process Management, Memory Management, Scheduling, Deadlock Prevention, Linux/Unix"
UOK,Computer Science,1,Web Programming,"Programming, Problem Solving, HTML, CSS, JavaScript, Code Design, Algorithm Implementation, Frontend Development, jQuery, Bootstrap"
UOK,Computer Science,1,Software Engineering,"Software Design, Code Review, Documentation, SDLC, Requirements Engineering"
UOK,Computer Science,1,Statistics in Two-Dimensional Random Variable,"R, Statistical Analysis, ggplot2, dplyr, tidyr, RStudio"
UOK,Computer Science,1,Data Communication and Networks,"Network Protocols, Network Design, Communication, TCP/IP, Routing, Switching, Wireshark, Presentation Skills, Professional Writing"
UOK,Computer Science,2,Data Structures and Algorithms,"Arrays, Linked Lists, Trees, Graphs, Sorting, Searching, Hash Tables, Complexity Analysis"
UOK,Computer Science,2,Object-Oriented Analysis and Design,"Problem Solving, Computer Science Fundamentals, Analytical Thinking"
UOK,Computer Science,2,Python Programming,"Python, NumPy, Pandas, pip, Virtual Environments"
UOK,Computer Science,2,Advanced Database Management Systems,"Project Management, Strategic Planning, Business Intelligence, Stakeholder Management, Query Optimization, Indexing, Transaction Management, NoSQL, Database Tuning"
UOK,Computer Science,2,Group Project,"Git, Documentation, Project Planning, Team Collaboration, Presentation Skills"
UOK,Computer Science,2,Principles of Management,"Project Management, Strategic Planning, Business Intelligence, Stakeholder Management"
UOK,Computer Science,2,Statistical Inference and Decision Making,"Data Analysis, Statistical Methods, Data Interpretation, Exploratory Data Analysis"
UOK,Computer Science,2,Advanced Operating Systems,"Kernel Development, Virtual Memory, File Systems, I/O Systems, OS Internals"
UOK,Computer Science,2,Object-Oriented Programming,"Programming, Encapsulation, Inheritance, Abstration, Polymorphism"
UOK,Computer Science,2,Introduction to Artificial Intelligence,"Supervised Learning, Unsupervised Learning, scikit-learn, Feature Engineering, Model Evaluation"
UOK,Computer Science,2,Introduction to Cyber Security,"Cryptography, Network Security, Penetration Testing, Security Protocols, Firewalls, IDS/IPS"
UOK,Computer Science,2,Mobile Application Development,"Kotlin, Swift, Android Studio, Mobile UI/UX, Mobile Architecture, App Deployment"
UOK,Computer Science,2,Embedded Systems,"Arduino, Raspberry Pi, IoT Protocols, MQTT, Sensor Integration, Edge Computing"
UOK,Computer Science,2,Human Resource Management,"Risk Management, Client Management, Organizational Behavior, Performance Management"
UOK,Computer Science,3,Mathematics for Computer Science III,"Problem Solving, Mathematical Modeling, Mathematical Reasoning"
UOK,Computer Science,3,Human Computer Interaction,"UI/UX Design, Usability Testing, Prototyping, User Research, Interaction Design, Figma"
UOK,Computer Science,3,Machine Learning and Pattern Recognition,"Supervised Learning, Unsupervised Learning, scikit-learn, Feature Engineering, Model Evaluation"
UOK,Computer Science,3,Theory of Programming Languages,"Programming, Problem Solving, Communication, Code Design, Algorithm Implementation, Presentation Skills, Professional Writing"
UOK,Computer Science,3,Advanced Data Structures and Algorithms,"Graph Algorithms, Dynamic Programming, Greedy Algorithms, Advanced Trees, Algorithm Optimization"
UOK,Computer Science,3,Project Management for Computing,"Git, Documentation, Project Management, Strategic Planning, Business Intelligence, Stakeholder Management, Project Planning, Team Collaboration, Presentation Skills"
UOK,Computer Science,3,Semantic Web and Ontological Modeling,"HTML, CSS, JavaScript, Frontend Development, jQuery, Bootstrap"
UOK,Computer Science,3,Applied Cryptography,"Cryptography, Network Security, Penetration Testing, Security Protocols, Firewalls, IDS/IPS"
UOK,Computer Science,3,Data and Systems Security,"Cryptography, Network Security, Penetration Testing, Security Protocols, Firewalls, IDS/IPS"
UOK,Computer Science,3,Wireless Communications and Networking,"Communication, WiFi Standards, Wireless Protocols, RF Engineering, Mobile Networks, 5G Technology, Presentation Skills, Professional Writing"
UOK,Computer Science,3,Natural Language Processing,"Communication, Presentation Skills, Professional Writing"
UOK,Computer Science,3,Deductive Reasoning and Logic Programming,"Prolog, Logic Programming, Declarative Programming, Constraint Solving"
UOK,Computer Science,3,English for Professional Purposes,"Team Management, Communication, Process Management, Memory Management, Scheduling, Deadlock Prevention, Linux/Unix, Technical Writing, Teamwork, Professional Conduct"
UOK,Computer Science,3,Research Methodology and Scientific Communication,"Network Protocols, Network Design, Research Methodologies, Data Collection, Communication, TCP/IP, Routing, Switching, Wireshark, Literature Review, Academic Writing, LaTeX, Presentation Skills, Professional Writing"
UOK,Computer Science,3,Social and Professional Issues,"Communication, Technical Writing, Teamwork, Professional Conduct"
UOK,Computer Science,3,Distributed Systems and Cloud Computing,"Distributed Algorithms, Consensus Protocols, CAP Theorem, Distributed Databases, RPC"
UOK,Computer Science,3,Computer Graphics,"3D Modeling, OpenGL, Rendering, Shaders, Computer Graphics, Ray Tracing"
UOK,Computer Science,3,Introduction to Game Development,"C#, Game Design, Unity, Unreal Engine, Game Physics, Game AI, 3D Graphics"
UOK,Computer Science,3,Stochastic Processes,"Problem Solving, Computer Science Fundamentals, Analytical Thinking"
UOK,Computer Science,3,Data Mining and Warehousing,"Association Rules, Classification, Clustering, Pattern Recognition, Weka, Anomaly Detection"
UOK,Computer Science,3,Advanced Computer Communication and Networking,"Network Protocols, Network Design, Communication, TCP/IP, Routing, Switching, Wireshark, Presentation Skills, Professional Writing"
UOK,Computer Science,3,Network Security,"Cryptography, Network Security, Penetration Testing, Security Protocols, Firewalls, IDS/IPS"
UOK,Computer Science,3,Security Analytics,"Data Analysis, Cryptography, Network Security, Penetration Testing, Security Protocols, Statistical Methods, Data Interpretation, Exploratory Data Analysis, Firewalls, IDS/IPS"
UOK,Computer Science,3,Blockchain Technology,"Supervised Learning, Unsupervised Learning, scikit-learn, Feature Engineering, Model Evaluation"
UOK,Computer Science,3,Advanced Database Applications,"Query Optimization, Indexing, Transaction Management, NoSQL, Database Tuning"
UOK,Computer Science,3,Digital Image Processing and Computer Vision,"OpenCV, Image Filtering, Edge Detection, Object Detection, Feature Extraction, Image Segmentation, Boolean Algebra, Logic Gates, Sequential Circuits, Combinational Circuits, VHDL"
UOK,Computer Science,3,Complex Systems and Agent Technology,"Simulation, Multi-Agent Systems, Complex Systems Modeling, Emergent Behavior"
UOK,Computer Science,3,Parallel Computing,"MPI, OpenMP, CUDA, GPU Programming, Parallel Algorithms, HPC"
UOK,Computer Science,4,Research Project,"Research Methodologies, Data Collection, Literature Review, Academic Writing, LaTeX"
UOK,Computer Science,4,Industrial Training,"Supervised Learning, Unsupervised Learning, scikit-learn, Feature Engineering, Model Evaluation, Industry Practices, Professional Experience, Workplace Skills, Applied Learning"
UOK,Computer Science,4,Theory of Computability and Complexity,"Problem Solving, Computer Science Fundamentals, Analytical Thinking"
UOK,Computer Science,4,Software Quality and Automation,"ROS, Robot Kinematics, Path Planning, Computer Vision for Robotics, Sensor Fusion, Control Systems"
UOK,Computer Science,4,Software Architecture and Design,"Problem Solving, Computer Science Fundamentals, Analytical Thinking"
UOK,Computer Science,4,Computer Modelling and Simulation,"Problem Solving, Computer Science Fundamentals, Analytical Thinking"
UOK,Computer Science,4,Emerging Technologies in Computing,"Innovation, Technology Trends, Emerging Technologies, Tech Research"
UOK,Computer Science,4,Enterprise Application Development,"Problem Solving, Computer Science Fundamentals, Analytical Thinking"
UOK,Computer Science,4,Advanced Compilers,"Lexical Analysis, Parsing, Code Generation, Compiler Design, Syntax Trees"
UOK,Computer Science,4,Introduction to Quantum Computing,"Problem Solving, Computer Science Fundamentals, Analytical Thinking"
UOK,Computer Science,4,Internet of Things,"Arduino, Raspberry Pi, IoT Protocols, MQTT, Sensor Integration, Edge Computing"
UOK,Computer Science,4,"Governance, Risk Management and Compliance","Project Management, Strategic Planning, Business Intelligence, Stakeholder Management"
UOK,Computer Science,4,Cyber Crime and Forensics,"Digital Forensics, Incident Response, Evidence Collection, Forensic Tools, Chain of Custody"
UOK,Computer Science,4,Cyber Laws and Standards,"Problem Solving, Computer Science Fundamentals, Analytical Thinking"
UOK,Computer Science,4,Secure Software Engineering,"Software Design, Code Review, Documentation, SDLC, Requirements Engineering"
UOK,Computer Science,4,Python for Data Science,"Python, Data Analysis, NumPy, Pandas, pip, Virtual Environments, Statistical Methods, Data Interpretation, Exploratory Data Analysis"
UOK,Computer Science,4,Data Visualization,"Problem Solving, Computer Science Fundamentals, Analytical Thinking"
UOK,Computer Science,4,NoSQL Databases,"SQL, Database Design, Team Management, Normalization, ER Diagrams, CRUD Operations, Relational Algebra, Process Management, Memory Management, Scheduling, Deadlock Prevention, Linux/Unix"
UOK,Computer Science,4,Time Series Analysis for Data Science,"Data Analysis, Statistical Methods, Data Interpretation, Exploratory Data Analysis"
UOK,Computer Science,4,Big Data Architecture and Management,"Project Management, Strategic Planning, Business Intelligence, Stakeholder Management"
UOK,Computer Science,4,Artificial Neural Networks,"Network Protocols, Network Design, TCP/IP, Routing, Switching, Wireshark"
UOK,Computer Science,4,Fuzzy Logic,"Problem Solving, Computer Science Fundamentals, Analytical Thinking"
UOK,Computer Science,4,Deep Learning,"Problem Solving, Computer Science Fundamentals, Analytical Thinking"
UOK,Computer Science,4,Intelligent Autonomous Robotics,"ROS, Robot Kinematics, Path Planning, Computer Vision for Robotics, Sensor Fusion, Control Systems"
UOK,Computer Science,4,Introduction to Virtual Reality,"Problem Solving, Computer Science Fundamentals, Analytical Thinking"
UOK,Computer Science,4,High Performance Computing,"MPI, OpenMP, CUDA, GPU Programming, Parallel Algorithms, HPC"
UOK,Cyber Security,1,Mathematics for Computer Science I,"Problem Solving, Mathematical Modeling, Mathematical Reasoning"
UOK,Cyber Security,1,Fundamentals of Statistics,"Data Analysis, Statistical Methods, Data Interpretation, Exploratory Data Analysis"
UOK,Cyber Security,1,Structured Programming I,"Programming, Problem Solving, Code Design, Algorithm Implementation"
UOK,Cyber Security,1,Fundamentals of Digital Electronics,"Boolean Algebra, Logic Gates, Sequential Circuits, Combinational Circuits, VHDL"
UOK,Cyber Security,1,Web Fundamentals,"HTML, CSS, JavaScript, Frontend Development, jQuery, Bootstrap"
UOK,Cyber Security,1,Introduction to Database Management Systems,"SQL, Database Design, Project Management, Strategic Planning, Business Intelligence, Stakeholder Management, Normalization, ER Diagrams, CRUD Operations, Relational Algebra"
UOK,Cyber Security,1,English for Computing and Technology,"Problem Solving, Computer Science Fundamentals, Analytical Thinking"
UOK,Cyber Security,1,Mathematics for Computer Science II,"Problem Solving, Mathematical Modeling, Mathematical Reasoning"
UOK,Cyber Security,1,Probability Distribution and Applications,"Problem Solving, Computer Science Fundamentals, Analytical Thinking"
UOK,Cyber Security,1,Computer Architecture and Design,"Instruction Set Architecture, Pipelining, Cache Memory, CPU Design, Performance Metrics"
UOK,Cyber Security,1,Structured Programming II,"Programming, Problem Solving, Code Design, Algorithm Implementation"
UOK,Cyber Security,1,Fundamentals of Operating Systems,"Team Management, Process Management, Memory Management, Scheduling, Deadlock Prevention, Linux/Unix"
UOK,Cyber Security,1,Web Programming,"Programming, Problem Solving, HTML, CSS, JavaScript, Code Design, Algorithm Implementation, Frontend Development, jQuery, Bootstrap"
UOK,Cyber Security,1,Software Engineering,"Software Design, Code Review, Documentation, SDLC, Requirements Engineering"
UOK,Cyber Security,1,Statistics in Two-Dimensional Random Variable,"R, Statistical Analysis, ggplot2, dplyr, tidyr, RStudio"
UOK,Cyber Security,1,Data Communication and Networks,"Network Protocols, Network Design, Communication, TCP/IP, Routing, Switching, Wireshark, Presentation Skills, Professional Writing"
UOK,Cyber Security,2,Data Structures and Algorithms,"Arrays, Linked Lists, Trees, Graphs, Sorting, Searching, Hash Tables, Complexity Analysis"
UOK,Cyber Security,2,Object-Oriented Analysis and Design,"Problem Solving, Computer Science Fundamentals, Analytical Thinking"
UOK,Cyber Security,2,Python Programming,"Python, NumPy, Pandas, pip, Virtual Environments"
UOK,Cyber Security,2,Advanced Database Management Systems,"Project Management, Strategic Planning, Business Intelligence, Stakeholder Management, Query Optimization, Indexing, Transaction Management, NoSQL, Database Tuning"
UOK,Cyber Security,2,Group Project,"Git, Documentation, Project Planning, Team Collaboration, Presentation Skills"
UOK,Cyber Security,2,English for the World,"Problem Solving, Computer Science Fundamentals, Analytical Thinking"
UOK,Cyber Security,2,Principles of Management,"Project Management, Strategic Planning, Business Intelligence, Stakeholder Management"
UOK,Cyber Security,2,Statistical Inference and Decision Making,"Data Analysis, Statistical Methods, Data Interpretation, Exploratory Data Analysis"
UOK,Cyber Security,2,Advanced Operating Systems,"Kernel Development, Virtual Memory, File Systems, I/O Systems, OS Internals"
UOK,Cyber Security,2,Object-Oriented Programming,"Programming, Problem Solving, Code Design, Algorithm Implementation"
UOK,Cyber Security,2,Visual Programming,"Programming, Problem Solving, Code Design, Algorithm Implementation"
UOK,Cyber Security,2,Introduction to Artificial Intelligence,"Supervised Learning, Unsupervised Learning, scikit-learn, Feature Engineering, Model Evaluation"
UOK,Cyber Security,2,Introduction to Cyber Security,"Cryptography, Network Security, Penetration Testing, Security Protocols, Firewalls, IDS/IPS"
UOK,Cyber Security,2,Mobile Application Development,"Kotlin, Swift, Android Studio, Mobile UI/UX, Mobile Architecture, App Deployment"
UOK,Cyber Security,2,Embedded Systems,"Arduino, Raspberry Pi, IoT Protocols, MQTT, Sensor Integration, Edge Computing"
UOK,Cyber Security,2,Human Resource Management,"Risk Management, Client Management, Organizational Behavior, Performance Management"
UOK,Cyber Security,3,Mathematics for Computer Science III,"Problem Solving, Mathematical Modeling, Mathematical Reasoning"
UOK,Cyber Security,3,Human Computer Interaction,"UI/UX Design, Usability Testing, Prototyping, User Research, Interaction Design, Figma"
UOK,Cyber Security,3,Machine Learning and Pattern Recognition,"Supervised Learning, Unsupervised Learning, scikit-learn, Feature Engineering, Model Evaluation"
UOK,Cyber Security,3,Theory of Programming Languages,"Programming, Problem Solving, Communication, Code Design, Algorithm Implementation, Presentation Skills, Professional Writing"
UOK,Cyber Security,3,Advanced Data Structures and Algorithms,"Graph Algorithms, Dynamic Programming, Greedy Algorithms, Advanced Trees, Algorithm Optimization"
UOK,Cyber Security,3,Project Management for Computing,"Git, Documentation, Project Management, Strategic Planning, Business Intelligence, Stakeholder Management, Project Planning, Team Collaboration, Presentation Skills"
UOK,Cyber Security,3,Systems Administration,"Problem Solving, Computer Science Fundamentals, Analytical Thinking"
UOK,Cyber Security,3,Applied Cryptography,"Cryptography, Network Security, Penetration Testing, Security Protocols, Firewalls, IDS/IPS"
UOK,Cyber Security,3,Data and Systems Security,"Cryptography, Network Security, Penetration Testing, Security Protocols, Firewalls, IDS/IPS"
UOK,Cyber Security,3,Wireless Communications and Networking,"Communication, WiFi Standards, Wireless Protocols, RF Engineering, Mobile Networks, 5G Technology, Presentation Skills, Professional Writing"
UOK,Cyber Security,3,English for Professional Purposes,"Team Management, Communication, Process Management, Memory Management, Scheduling, Deadlock Prevention, Linux/Unix, Technical Writing, Teamwork, Professional Conduct"
UOK,Cyber Security,3,Research Methodology and Scientific Communication,"Network Protocols, Network Design, Research Methodologies, Data Collection, Communication, TCP/IP, Routing, Switching, Wireshark, Literature Review, Academic Writing, LaTeX, Presentation Skills, Professional Writing"
UOK,Cyber Security,3,Social and Professional Issues,"Communication, Technical Writing, Teamwork, Professional Conduct"
UOK,Cyber Security,3,Distributed Systems and Cloud Computing,"Distributed Algorithms, Consensus Protocols, CAP Theorem, Distributed Databases, RPC"
UOK,Cyber Security,3,Computer Graphics,"3D Modeling, OpenGL, Rendering, Shaders, Computer Graphics, Ray Tracing"
UOK,Cyber Security,3,Data Mining and Warehousing,"Association Rules, Classification, Clustering, Pattern Recognition, Weka, Anomaly Detection"
UOK,Cyber Security,3,Advanced Computer Communication and Networking,"Network Protocols, Network Design, Communication, TCP/IP, Routing, Switching, Wireshark, Presentation Skills, Professional Writing"
UOK,Cyber Security,3,Network Security,"Cryptography, Network Security, Penetration Testing, Security Protocols, Firewalls, IDS/IPS"
UOK,Cyber Security,3,Security Analytics,"Data Analysis, Cryptography, Network Security, Penetration Testing, Security Protocols, Statistical Methods, Data Interpretation, Exploratory Data Analysis, Firewalls, IDS/IPS"
UOK,Cyber Security,3,Blockchain Technology,"Supervised Learning, Unsupervised Learning, scikit-learn, Feature Engineering, Model Evaluation"
UOK,Cyber Security,3,Advanced Database Applications,"Query Optimization, Indexing, Transaction Management, NoSQL, Database Tuning"
UOK,Cyber Security,3,Parallel Computing,"MPI, OpenMP, CUDA, GPU Programming, Parallel Algorithms, HPC"
ICBT,Software Engineering,1,Programing 1,"Python, Condtions, Loops"
ICBT,Software Engineering,1,Mathematics 1,"Problem Solving, Mathematical Modeling, Mathematical Reasoning"
ICBT,Software Engineering,1,Communication Skills 1,"Network Protocols, Network Design, Communication, TCP/IP, Routing, Switching, Wireshark, Presentation Skills, Professional Writing"
ICBT,Software Engineering,1,Computer Architecture,"Instruction Set Architecture, Pipelining, Cache Memory, CPU Design, Performance Metrics"
ICBT,Software Engineering,1,Data Communication,"Network Protocols, Network Design, Communication, TCP/IP, Routing, Switching, Wireshark, Presentation Skills, Professional Writing"
ICBT,Software Engineering,1,Programing 2,"Java, Programming, Conditions, Loops"
ICBT,Software Engineering,1,Mathematics 2,"Problem Solving, Mathematical Modeling, Mathematical Reasoning"
ICBT,Software Engineering,1,Communication Skills 2,"Network Protocols, Network Design, Communication, TCP/IP, Routing, Switching, Wireshark, Presentation Skills, Professional Writing"
ICBT,Software Engineering,1,Operating Systems,"Team Management, Process Management, Memory Management, Scheduling, Deadlock Prevention, Linux/Unix"
ICBT,Software Engineering,1,Leadership and Group Dynamics,"Problem Solving, Computer Science Fundamentals, Analytical Thinking"
ICBT,Software Engineering,2,Data Structures and Algorithms,"Arrays, Linked Lists, Trees, Graphs, Sorting, Searching, Hash Tables, Complexity Analysis"
ICBT,Software Engineering,2,Networking,"Network Protocols, Network Design, TCP/IP, Routing, Switching, Wireshark"
ICBT,Software Engineering,2,Formal Methods in Specification and Design,"Problem Solving, Computer Science Fundamentals, Analytical Thinking"
ICBT,Software Engineering,2,Probability and Statistics,"Data Analysis, Statistical Methods, Data Interpretation, Exploratory Data Analysis"
ICBT,Software Engineering,2,Professional Practice,"Communication, Technical Writing, Teamwork, Professional Conduct"
ICBT,Software Engineering,2,Web Development,"HTML, CSS, JavaScript, Frontend Development, jQuery, Bootstrap"
ICBT,Software Engineering,2,Database Systems,"SQL, Database Design, Normalization, ER Diagrams, CRUD Operations, Relational Algebra"
ICBT,Software Engineering,2,Web Development,"HTML, CSS, JavaScript, Frontend Development, jQuery, Bootstrap"
ICBT,Software Engineering,2,Software Engineering 1,"Software Design, Code Review, Documentation, SDLC, Requirements Engineering"
ICBT,Software Engineering,2,Artificial Intelligence,"Supervised Learning, Unsupervised Learning, scikit-learn, Feature Engineering, Model Evaluation"
ICBT,Software Engineering,2,Internet of Things,"Arduino, Raspberry Pi, IoT Protocols, MQTT, Sensor Integration, Edge Computing"
ICBT,Software Engineering,2,Database Systems,"SQL, Database Design, Normalization, ER Diagrams, CRUD Operations, Relational Algebra"
ICBT,Software Engineering,3,Software Engineering 2,"Software Design, Code Review, Documentation, SDLC, Requirements Engineering"
ICBT,Software Engineering,3,Advanced Databases,"Query Optimization, Indexing, Transaction Management, NoSQL, Database Tuning"
ICBT,Software Engineering,3,Mobile Application Development,"Kotlin, Swift, Android Studio, Mobile UI/UX, Mobile Architecture, App Deployment"
ICBT,Software Engineering,3,Cyber Security Essentials,"Cryptography, Network Security, Penetration Testing, Security Protocols, Firewalls, IDS/IPS"
ICBT,Software Engineering,3,Service Oriented Computing,"Integration Patterns, Message Queues, Middleware Architecture, SOA, ESB"
ICBT,Software Engineering,3,User Experience,"Problem Solving, Computer Science Fundamentals, Analytical Thinking"
ICBT,Software Engineering,3,Software Project Management,"Git, Documentation, Project Management, Strategic Planning, Business Intelligence, Stakeholder Management, Project Planning, Team Collaboration, Presentation Skills"
ICBT,Software Engineering,3,Advanced Programming,"Programming, Problem Solving, Code Design, Algorithm Implementation"
ICBT,Software Engineering,3,Group Project,"Git, Documentation, Project Planning, Team Collaboration, Presentation Skills"
ICBT,Software Engineering,3,Machine Learning,"Supervised Learning, Unsupervised Learning, scikit-learn, Feature Engineering, Model Evaluation"
ICBT,Software Engineering,3,Software Quality Assurance,"Testing, JUnit, Programming, Python, API testing (Postman), SQL/database querying, and CI/CD pipeline integration"
ICBT,Software Engineering,4,Deep Learning,"Neural Networks, Tensorflow, Pytorch"
ICBT,Software Engineering,4,Research Methods for Computing,"Research Methodologies, Data Collection, Literature Review, Academic Writing, LaTeX"
ICBT,Software Engineering,4,Industrial Training (6 months),"Supervised Learning, Unsupervised Learning, scikit-learn, Feature Engineering, Model Evaluation, Industry Practices, Professional Experience, Workplace Skills, Applied Learning"
ICBT,Software Engineering,4,Data Science,"Data Analysis, Statistical Methods, Data Interpretation, Exploratory Data Analysis"
ICBT,Software Engineering,4,Software Engineering Project,"Software Design, Code Review, Documentation, Git, SDLC, Requirements Engineering, Project Planning, Team Collaboration, Presentation Skills"
ICBT,Software Engineering,4,Innovation and Entrepreneurship,"Problem Solving, Computer Science Fundamentals, Analytical Thinking"
ICBT,Software Engineering,4,Web Mining,"HTML, Web Scraping, BeautifulSoup, Selenium, Data Extraction, Association Rules, Classification, Clustering, Pattern Recognition, Weka, Anomaly Detection"
ICBT,Software Engineering,4,Cyber Security Emerging Challenges,"Cryptography, Network Security, Penetration Testing, Security Protocols, Innovation, Firewalls, IDS/IPS, Technology Trends, Emerging Technologies, Tech Research"
ICBT,Software Engineering,4,Game Design and Development,"C#, Game Design, Unity, Unreal Engine, Game Physics, Game AI, 3D Graphics"
ICBT,Software Engineering,4,Enterprise Security Management,"Cryptography, Network Security, Penetration Testing, Security Protocols, Firewalls, IDS/IPS, Enterprise Architecture, Service-Oriented Architecture, Business Integration, ESB"
ICBT,Software Engineering,4,Crypto Ventures,"Problem Solving, Computer Science Fundamentals, Analytical Thinking"
ICBT,Software Engineering,4,Digital Business,"Project Management, Strategic Planning, Business Intelligence, Stakeholder Management, Boolean Algebra, Logic Gates, Sequential Circuits, Combinational Circuits, VHDL"
ICBT,Software Engineering,4,Data Mining,"Association Rules, Classification, Clustering, Pattern Recognition, Weka, Anomaly Detection"
ICBT,Software Engineering,4,Cloud Computing,"Problem Solving, Computer Science Fundamentals, Analytical Thinking"
KDU,Data Science,1,Fundamentals of Data Science,"Data Analysis, Statistical Methods, Data Interpretation, Exploratory Data Analysis"
KDU,Data Science,1,Probability and Statistics,"Data Analysis, Statistical Methods, Data Interpretation, Exploratory Data Analysis"
KDU,Data Science,1,Calculus I,"Differentiation, Integration, Multivariable Calculus, Optimization"
KDU,Data Science,1,Fundamentals of Programming,"Programming, Debugging, Variables, Control Structures, Functions"
KDU,Data Science,1,Programming Laboratory,"Programming, Problem Solving, Code Design, Algorithm Implementation"
KDU,Data Science,1,Fundamentals of Databases,"SQL, Database Design, Normalization, ER Diagrams, CRUD Operations, Relational Algebra"
KDU,Data Science,1,Principles of Management,"Project Management, Strategic Planning, Business Intelligence, Stakeholder Management"
KDU,Data Science,1,Introduction to Communication Skills,"Network Protocols, Network Design, Communication, TCP/IP, Routing, Switching, Wireshark, Presentation Skills, Professional Writing"
KDU,Data Science,1,Discrete Mathematics for Data Science,"Data Analysis, Statistical Methods, Data Interpretation, Exploratory Data Analysis, Set Theory, Logic, Combinatorics, Graph Theory Basics, Discrete Structures"
KDU,Data Science,1,Linear Algebra I,"Matrix Operations, Linear Transformations, Eigenvalues, Vector Spaces, NumPy for Linear Algebra"
KDU,Data Science,1,Statistical Inference,"Data Analysis, Statistical Methods, Data Interpretation, Exploratory Data Analysis"
KDU,Data Science,1,Object Oriented Programming,"Design Patterns, OOP Design, Inheritance, Polymorphism, Encapsulation"
KDU,Data Science,1,Applied Statistical Computing,"Data Analysis, Statistical Methods, Data Interpretation, Exploratory Data Analysis"
KDU,Data Science,1,Business Economics,"Cost-Benefit Analysis, Economic Modeling, Financial Accounting, Budget Management"
KDU,Data Science,1,Fundamentals of Business Communication,"Network Protocols, Network Design, Project Management, Strategic Planning, Business Intelligence, Stakeholder Management, Communication, TCP/IP, Routing, Switching, Wireshark, Presentation Skills, Professional Writing"
KDU,Data Science,1,Military Studies,"Problem Solving, Computer Science Fundamentals, Analytical Thinking"
KDU,Data Science,2,Calculus II,"Differentiation, Integration, Multivariable Calculus, Optimization"
KDU,Data Science,2,Linear Algebra II,"Matrix Operations, Linear Transformations, Eigenvalues, Vector Spaces, NumPy for Linear Algebra"
KDU,Data Science,2,Regression Analysis,"Problem Solving, Computer Science Fundamentals, Analytical Thinking"
KDU,Data Science,2,Data Structures and Algorithms,"Arrays, Linked Lists, Trees, Graphs, Sorting, Searching, Hash Tables, Complexity Analysis"
KDU,Data Science,2, Programming for Data Science,"Programming, Problem Solving, Data Analysis, Code Design, Algorithm Implementation, Statistical Methods, Data Interpretation, Exploratory Data Analysis"
KDU,Data Science,2,Accounting and Finance,"Problem Solving, Computer Science Fundamentals, Analytical Thinking"
KDU,Data Science,2,Advanced Communication Skills,"Network Protocols, Network Design, Communication, TCP/IP, Routing, Switching, Wireshark, Presentation Skills, Professional Writing"
KDU,Data Science,2,Essentials of Artificial Intelligence,"Supervised Learning, Unsupervised Learning, scikit-learn, Feature Engineering, Model Evaluation"
KDU,Data Science,2,Data Mining and Data Warehousing,"Association Rules, Classification, Clustering, Pattern Recognition, Weka, Anomaly Detection"
KDU,Data Science,2,Software Engineering,"Software Design, Code Review, Documentation, SDLC, Requirements Engineering"
KDU,Data Science,2,Cost & Management Accounting,"Team Management, Project Management, Strategic Planning, Business Intelligence, Stakeholder Management, Process Management, Memory Management, Scheduling, Deadlock Prevention, Linux/Unix"
KDU,Data Science,2,Business Intelligence and  Analytics,"Data Analysis, Project Management, Strategic Planning, Business Intelligence, Stakeholder Management, Statistical Methods, Data Interpretation, Exploratory Data Analysis"
KDU,Data Science,2,Conversation Analysis,"Problem Solving, Computer Science Fundamentals, Analytical Thinking"
KDU,Data Science,3,Advanced Database Management Systems,"Project Management, Strategic Planning, Business Intelligence, Stakeholder Management, Query Optimization, Indexing, Transaction Management, NoSQL, Database Tuning"
KDU,Data Science,3,Machine Learning,"Supervised Learning, Unsupervised Learning, scikit-learn, Feature Engineering, Model Evaluation"
KDU,Data Science,3,Multivariate Data Analysis,"Statistical Modeling, data reduction, and pattern recognition"
KDU,Data Science,3,Computer Networks,"Network Protocols, Network Design, TCP/IP, Routing, Switching, Wireshark"
KDU,Data Science,3,Research Methodology,"Research Methodologies, Data Collection, Literature Review, Academic Writing, LaTeX"
KDU,Data Science,3,Bayesian Data Analysis,"Bayesian inference, using Markov Chain Monte Carlo (MCMC) methods, designing hierarchical models"
KDU,Data Science,3,Operations  Research,"Research Methodologies, Data Collection, Literature Review, Academic Writing, LaTeX"
KDU,Data Science,3,Group Project in Applied Data Analytics (carried out throughout sem5 and sem 6),"Data Analysis, Git, Documentation, Statistical Methods, Data Interpretation, Exploratory Data Analysis, Project Planning, Team Collaboration, Presentation Skills"
KDU,Data Science,3,Big Data Analytics,"Hadoop, Spark, Scala, MapReduce, Hive, Distributed Computing"
KDU,Data Science,3,Time Series Analysis,"Problem Solving, Computer Science Fundamentals, Analytical Thinking"
KDU,Data Science,3,Operation Management,"Project Management, Strategic Planning, Business Intelligence, Stakeholder Management"
KDU,Data Science,3,Cloud Computing,"Problem Solving, Computer Science Fundamentals, Analytical Thinking"
KDU,Data Science,3,Cyber Security,"Cryptography, Network Security, Penetration Testing, Security Protocols, Firewalls, IDS/IPS"
KDU,Data Science,3,Deep Learning,"Problem Solving, Computer Science Fundamentals, Analytical Thinking"
KDU,Data Science,4,Image Processing and Computer Vision,"OpenCV, Image Filtering, Edge Detection, Object Detection, Feature Extraction, Image Segmentation"
KDU,Data Science,4,Data Management and Governance,"Project Management, Strategic Planning, Business Intelligence, Stakeholder Management"
KDU,Data Science,4,Project Management for Data Science,"Data Analysis, Git, Documentation, Project Management, Strategic Planning, Business Intelligence, Stakeholder Management, Statistical Methods, Data Interpretation, Exploratory Data Analysis, Project Planning, Team Collaboration, Presentation Skills"
KDU,Data Science,4,Natural Language Processing,"Communication, Presentation Skills, Professional Writing"
KDU,Data Science,4,Semantic Web and Ontology,"HTML, CSS, JavaScript, Frontend Development, jQuery, Bootstrap"
KDU,Data Science,4,Spatial Data Analysis,"GIS Software, Programming, Spatial Database Management"
KDU,Data Science,4,Emerging Trends in Data Science,"Data Analysis, Innovation, Statistical Methods, Data Interpretation, Exploratory Data Analysis, Technology Trends, Emerging Technologies, Tech Research"
KDU,Data Science,4,Parrallel Computing,"Problem Solving, Computer Science Fundamentals, Analytical Thinking"
KDU,Data Science,4,Information Security,"Cryptography, Network Security, Penetration Testing, Security Protocols, Firewalls, IDS/IPS"
KDU,Data Science,4,Strategic Business Analysis,"Project Management, Strategic Planning, Business Intelligence, Stakeholder Management"
KDU,Data Science,4,Individual Research Project * (carried throughout sem7 and sem8),"Research Methodologies, Data Collection, Literature Review, Academic Writing, LaTeX"
KDU,Data Science,4,Industrial Training,"Supervised Learning, Unsupervised Learning, scikit-learn, Feature Engineering, Model Evaluation, Industry Practices, Professional Experience, Workplace Skills, Applied Learning"
KDU,Software Engineering,1,Fundamentals of Programming,"Programming, Debugging, Variables, Control Structures, Functions"
KDU,Software Engineering,1,Programming Laboratory,"Programming, Problem Solving, Code Design, Algorithm Implementation"
KDU,Software Engineering,1,Foundation of Computer Science,"Problem Solving, Computer Science Fundamentals, Analytical Thinking"
KDU,Software Engineering,1,Computer Systems Architecture,"Instruction Set Architecture, Pipelining, Cache Memory, CPU Design, Performance Metrics"
KDU,Software Engineering,1,Fundamentals of Databases,"SQL, Database Design, Normalization, ER Diagrams, CRUD Operations, Relational Algebra"
KDU,Software Engineering,1,Software Development Methodologies,"Software Design, Code Review, Documentation, SDLC, Requirements Engineering"
KDU,Software Engineering,1,Probability and Statistics,"Data Analysis, Statistical Methods, Data Interpretation, Exploratory Data Analysis"
KDU,Software Engineering,1,Mathematics for Computing,"Problem Solving, Mathematical Modeling, Mathematical Reasoning"
KDU,Software Engineering,1,English: Basic Study Skills for CS/SE/CE,"Problem Solving, Computer Science Fundamentals, Analytical Thinking"
KDU,Software Engineering,1,Leadership Training,"Supervised Learning, Unsupervised Learning, scikit-learn, Feature Engineering, Model Evaluation, Industry Practices, Professional Experience, Workplace Skills, Applied Learning"
KDU,Software Engineering,1,Web Development,"HTML, CSS, JavaScript, Frontend Development, jQuery, Bootstrap"
KDU,Software Engineering,1,Object Oriented Programming,"Design Patterns, OOP Design, Inheritance, Polymorphism, Encapsulation"
KDU,Software Engineering,1,Computer Networks,"Network Protocols, Network Design, TCP/IP, Routing, Switching, Wireshark"
KDU,Software Engineering,1,Creative Media Tools,"Problem Solving, Computer Science Fundamentals, Analytical Thinking"
KDU,Software Engineering,1,Software Analysis and Modelling,"Software Design, Data Modeling, Database Design, UML, Requirements Analysis"
KDU,Software Engineering,1,Discrete Mathematics,"Set Theory, Logic, Combinatorics, Graph Theory Basics, Discrete Structures"
KDU,Software Engineering,1,Collaborative Hardware Project,"Git, Documentation, Project Planning, Team Collaboration, Presentation Skills"
KDU,Software Engineering,2,Operating Systems,"Team Management, Process Management, Memory Management, Scheduling, Deadlock Prevention, Linux/Unix"
KDU,Software Engineering,2,Data Structures and Algorithms,"Arrays, Linked Lists, Trees, Graphs, Sorting, Searching, Hash Tables, Complexity Analysis"
KDU,Software Engineering,2,Advanced Object Oriented Programming,"Design Patterns, OOP Design, Inheritance, Polymorphism, Encapsulation"
KDU,Software Engineering,2,Advanced Computer Networks and Wireless Communication,"Communication, WiFi Standards, Wireless Protocols, RF Engineering, Mobile Networks, 5G Technology, Presentation Skills, Professional Writing"
KDU,Software Engineering,2,Advanced Web Development,"HTML, CSS, JavaScript, Frontend Development, jQuery, Bootstrap"
KDU,Software Engineering,2,Group Project in Software Development (Final evaluation at Semester 4),"Software Design, Code Review, Documentation, Git, SDLC, Requirements Engineering, Project Planning, Team Collaboration, Presentation Skills"
KDU,Software Engineering,2,Requirement Engineering,"UI/UX Design, Usability Testing, Prototyping, User Research, Interaction Design, Figma"
KDU,Software Engineering,2,Statistical Distributions and Inference,"Data Analysis, Statistical Methods, Data Interpretation, Exploratory Data Analysis"
KDU,Software Engineering,2,Calculus,"Differentiation, Integration, Multivariable Calculus, Optimization"
KDU,Software Engineering,2,Principles of Management,"Project Management, Strategic Planning, Business Intelligence, Stakeholder Management"
KDU,Software Engineering,2,Writing and Speaking Skills,"Communication, Presentation Skills, Professional Writing"
KDU,Software Engineering,2,Advanced-Data Structures and Algorithms,"Graph Algorithms, Dynamic Programming, Greedy Algorithms, Advanced Trees, Algorithm Optimization"
KDU,Software Engineering,2,Artificial Intelligence,"Supervised Learning, Unsupervised Learning, scikit-learn, Feature Engineering, Model Evaluation"
KDU,Software Engineering,2,Group Project in Software Development,"Software Design, Code Review, Documentation, Git, SDLC, Requirements Engineering, Project Planning, Team Collaboration, Presentation Skills"
KDU,Software Engineering,2,Software Project Management,"Git, Documentation, Project Management, Strategic Planning, Business Intelligence, Stakeholder Management, Project Planning, Team Collaboration, Presentation Skills"
KDU,Software Engineering,3,Research Methodology,"Research Methodologies, Data Collection, Literature Review, Academic Writing, LaTeX"
KDU,Software Engineering,3,Mobile Computing,"Kotlin, Swift, Android Studio, Mobile UI/UX, Mobile Architecture, App Deployment"
KDU,Software Engineering,3,Computer and Network Security,"Cryptography, Network Security, Penetration Testing, Security Protocols, Firewalls, IDS/IPS"
KDU,Software Engineering,3,Bioinformatics,"Sequence Alignment, Genomics, BioPython, Phylogenetics, Protein Structure, Biological Databases"
KDU,Software Engineering,3,UX and UI Engineering,"UI/UX Design, Usability Testing, Prototyping, User Research, Interaction Design, Figma"
KDU,Software Engineering,3,Advanced Databases Techniques,"Query Optimization, Indexing, Transaction Management, NoSQL, Database Tuning"
KDU,Software Engineering,3,Digital Image Processing,"OpenCV, Image Filtering, Edge Detection, Object Detection, Feature Extraction, Image Segmentation, Boolean Algebra, Logic Gates, Sequential Circuits, Combinational Circuits, VHDL"
KDU,Software Engineering,3,Expert Systems and Logic Programming,"Prolog, Logic Programming, Declarative Programming, Constraint Solving"
KDU,Software Engineering,3,Cloud Computing,"Problem Solving, Computer Science Fundamentals, Analytical Thinking"
KDU,Software Engineering,3,Data Mining and Business Intelligence,"Project Management, Strategic Planning, Business Intelligence, Stakeholder Management, Association Rules, Classification, Clustering, Pattern Recognition, Weka, Anomaly Detection"
KDU,Software Engineering,3,Big Data Analytics,"Hadoop, Spark, Scala, MapReduce, Hive, Distributed Computing"
KDU,Software Engineering,3,Software Construction Technologies and Tools,"Programming, Version Control, Automated Testing"
KDU,Software Engineering,3,Engineering Economics for Software,"Cost-Benefit Analysis, Economic Modeling, Financial Accounting, Budget Management"
KDU,Software Engineering,3,Computer Graphics and Visualization,"3D Modeling, OpenGL, Rendering, Shaders, Computer Graphics, Ray Tracing"
KDU,Software Engineering,3,Complex Systems and Agent Technology,"Simulation, Multi-Agent Systems, Complex Systems Modeling, Emergent Behavior"
KDU,Software Engineering,3,Information Security,"Cryptography, Network Security, Penetration Testing, Security Protocols, Firewalls, IDS/IPS"
KDU,Software Engineering,3,Natural Language Processing,"Communication, Presentation Skills, Professional Writing"
KDU,Software Engineering,3,Machine Learning,"Supervised Learning, Unsupervised Learning, scikit-learn, Feature Engineering, Model Evaluation"
KDU,Software Engineering,3,Distributed Systems,"Distributed Algorithms, Consensus Protocols, CAP Theorem, Distributed Databases, RPC"
KDU,Software Engineering,3,Advanced Mobile Computing,"Kotlin, Swift, Android Studio, Mobile UI/UX, Mobile Architecture, App Deployment"
KDU,Software Engineering,3,Independent Research Study,"Research Methodologies, Data Collection, Literature Review, Academic Writing, LaTeX"
KDU,Software Engineering,3,Statistical Tools for Computing,"Data Analysis, Statistical Methods, Data Interpretation, Exploratory Data Analysis"
KDU,Software Engineering,4,Emerging Trends in Computing,"Innovation, Technology Trends, Emerging Technologies, Tech Research"
KDU,Software Engineering,4,Theory of Programming Languages,"Programming, Problem Solving, Communication, Code Design, Algorithm Implementation, Presentation Skills, Professional Writing"
KDU,Software Engineering,4,Artificial Cognitive Systems,"Problem Solving, Computer Science Fundamentals, Analytical Thinking"
KDU,Software Engineering,4,Semantic Web and Ontology,"HTML, CSS, JavaScript, Frontend Development, jQuery, Bootstrap"
KDU,Software Engineering,4,High-Performance Computing,"Problem Solving, Computer Science Fundamentals, Analytical Thinking"
KDU,Software Engineering,4,Social Aspects and Professional Practices,"Communication, Technical Writing, Teamwork, Professional Conduct"
KDU,Software Engineering,4,Digital Forensics,"Digital Forensics, Incident Response, Boolean Algebra, Logic Gates, Sequential Circuits, Combinational Circuits, VHDL, Evidence Collection, Forensic Tools, Chain of Custody"
KDU,Software Engineering,4,Deep Learning,"Neural Networks, Tensorflow, Pytorch"
KDU,Software Engineering,4,Interactive Media and Game Development,"C#, Game Design, Unity, Unreal Engine, Game Physics, Game AI, 3D Graphics"
KDU,Software Engineering,4,Deployment Engineering,"DevOps, CI/CD, Docker, APITesting"
KDU,Software Engineering,4,Individual Research Project (Final Evaluation at Semester 8),"Research Methodologies, Data Collection, Literature Review, Academic Writing, LaTeX"
KDU,Software Engineering,4,Software Quality Assurance,"Testing, JUnit, Programming, Python, API testing (Postman), SQL/database querying, and CI/CD pipeline integration"
KDU,Software Engineering,4,Entrepreneurship and Business Management,"Project Management, Strategic Planning, Business Intelligence, Stakeholder Management"
KDU,Software Engineering,4,Individual Research Project (Conducted through Semester 7 and 8),"Research Methodologies, Data Collection, Literature Review, Academic Writing, LaTeX"
KDU,Software Engineering,4,Industrial Training,"Supervised Learning, Unsupervised Learning, scikit-learn, Feature Engineering, Model Evaluation, Industry Practices, Professional Experience, Workplace Skills, Applied Learning"
KDU,Computer Science,1,Fundamentals of Programming,"Programming, Debugging, Variables, Control Structures, Functions"
KDU,Computer Science,1,Programming Laboratory,"Programming, Problem Solving, Code Design, Algorithm Implementation"
KDU,Computer Science,1,Foundation of Computer Science,"Problem Solving, Computer Science Fundamentals, Analytical Thinking"
KDU,Computer Science,1,Computer Systems Architecture,"Instruction Set Architecture, Pipelining, Cache Memory, CPU Design, Performance Metrics"
KDU,Computer Science,1,Fundamentals of Databases,"SQL, Database Design, Normalization, ER Diagrams, CRUD Operations, Relational Algebra"
KDU,Computer Science,1,Software Development Methodologies,"Software Design, Code Review, Documentation, SDLC, Requirements Engineering"
KDU,Computer Science,1,Probability and Statistics,"Data Analysis, Statistical Methods, Data Interpretation, Exploratory Data Analysis"
KDU,Computer Science,1,Mathematics for Computing,"Problem Solving, Mathematical Modeling, Mathematical Reasoning"
KDU,Computer Science,1,Collaborative Hardware Project (Final Evaluation at Semester 2),"Git, Documentation, Project Planning, Team Collaboration, Presentation Skills"
KDU,Computer Science,1,English: Basic Study Skills for CS/SE/CE,"Problem Solving, Computer Science Fundamentals, Analytical Thinking"
KDU,Computer Science,1,Leadership Training,"Supervised Learning, Unsupervised Learning, scikit-learn, Feature Engineering, Model Evaluation, Industry Practices, Professional Experience, Workplace Skills, Applied Learning"
KDU,Computer Science,1,Military Studies I,"Problem Solving, Computer Science Fundamentals, Analytical Thinking"
KDU,Computer Science,1,Web Development,"HTML, CSS, JavaScript, Frontend Development, jQuery, Bootstrap"
KDU,Computer Science,1,Object Oriented Programming,"Design Patterns, OOP Design, Inheritance, Polymorphism, Encapsulation"
KDU,Computer Science,1,Computer Networks,"Network Protocols, Network Design, TCP/IP, Routing, Switching, Wireshark"
KDU,Computer Science,1,Creative Media Tools,"Problem Solving, Computer Science Fundamentals, Analytical Thinking"
KDU,Computer Science,1,Software Analysis and Modelling,"Problem Solving, Computer Science Fundamentals, Analytical Thinking"
KDU,Computer Science,1,Discrete Mathematics,"Set Theory, Logic, Combinatorics, Graph Theory Basics, Discrete Structures"
KDU,Computer Science,1,Fundamentals of Electronics,"Problem Solving, Computer Science Fundamentals, Analytical Thinking"
KDU,Computer Science,1,Collaborative Hardware Project,"Git, Documentation, Project Planning, Team Collaboration, Presentation Skills"
KDU,Computer Science,2,Operating Systems,"Team Management, Process Management, Memory Management, Scheduling, Deadlock Prevention, Linux/Unix"
KDU,Computer Science,2,Data Structures and Algorithms,"Arrays, Linked Lists, Trees, Graphs, Sorting, Searching, Hash Tables, Complexity Analysis"
KDU,Computer Science,2,Advanced Object Oriented Programming,"Design Patterns, OOP Design, Inheritance, Polymorphism, Encapsulation"
KDU,Computer Science,2,Advanced Computer Networks and Wireless Communication,"Communication, WiFi Standards, Wireless Protocols, RF Engineering, Mobile Networks, 5G Technology, Presentation Skills, Professional Writing"
KDU,Computer Science,2,Advanced Web Development,"HTML, CSS, JavaScript, Frontend Development, jQuery, Bootstrap"
KDU,Computer Science,2,Group Project in Software Development (Final evaluation at Semester 4),"Software Design, Code Review, Documentation, Git, SDLC, Requirements Engineering, Project Planning, Team Collaboration, Presentation Skills"
KDU,Computer Science,2,Requirement Engineering,"UI/UX Design, Usability Testing, Prototyping, User Research, Interaction Design, Figma"
KDU,Computer Science,2,Statistical Distributions and Inference,"Data Analysis, Statistical Methods, Data Interpretation, Exploratory Data Analysis"
KDU,Computer Science,2,Calculus,"Differentiation, Integration, Multivariable Calculus, Optimization"
KDU,Computer Science,2,Principles of Management,"Project Management, Strategic Planning, Business Intelligence, Stakeholder Management"
KDU,Computer Science,2,Writing and Speaking Skills,"Communication, Presentation Skills, Professional Writing"
KDU,Computer Science,2,Advanced-Data Structures and Algorithms,"Graph Algorithms, Dynamic Programming, Greedy Algorithms, Advanced Trees, Algorithm Optimization"
KDU,Computer Science,2,Artificial Intelligence,"Supervised Learning, Unsupervised Learning, scikit-learn, Feature Engineering, Model Evaluation"
KDU,Computer Science,2,Group Project in Software Development,"Software Design, Code Review, Documentation, Git, SDLC, Requirements Engineering, Project Planning, Team Collaboration, Presentation Skills"
KDU,Computer Science,2,Software Project Management,"Git, Documentation, Project Management, Strategic Planning, Business Intelligence, Stakeholder Management, Project Planning, Team Collaboration, Presentation Skills"
KDU,Computer Science,2,Software Architecture,"Design Patterns, MVC), architectural styles (Microservices, Event-Driven), cloud/infrastructure knowledge, system modeling (UML)"
KDU,Computer Science,2,Research Writing Skills,"Research Methodologies, Data Collection, Communication, Literature Review, Academic Writing, LaTeX, Presentation Skills, Professional Writing"
KDU,Computer Science,2,Military Studies IV,"Problem Solving, Computer Science Fundamentals, Analytical Thinking"
KDU,Computer Science,3,Essentials of Computer Law,"Problem Solving, Computer Science Fundamentals, Analytical Thinking"
KDU,Computer Science,3,Research Methodology,"Research Methodologies, Data Collection, Literature Review, Academic Writing, LaTeX"
KDU,Computer Science,3,Mobile Computing,"Kotlin, Swift, Android Studio, Mobile UI/UX, Mobile Architecture, App Deployment"
KDU,Computer Science,3,Computer and Network Security,"Cryptography, Network Security, Penetration Testing, Security Protocols, Firewalls, IDS/IPS"
KDU,Computer Science,3,Bioinformatics,"Sequence Alignment, Genomics, BioPython, Phylogenetics, Protein Structure, Biological Databases"
KDU,Computer Science,3,UX and UI Engineering,"UI/UX Design, Usability Testing, Prototyping, User Research, Interaction Design, Figma"
KDU,Computer Science,3,Advanced Databases Techniques,"Query Optimization, Indexing, Transaction Management, NoSQL, Database Tuning"
KDU,Computer Science,3,Distributed Computing,"Distributed Algorithms, Consensus Protocols, CAP Theorem, Distributed Databases, RPC"
KDU,Computer Science,3,Digital Image Processing,"OpenCV, Image Filtering, Edge Detection, Object Detection, Feature Extraction, Image Segmentation, Boolean Algebra, Logic Gates, Sequential Circuits, Combinational Circuits, VHDL"
KDU,Computer Science,3,Expert Systems and Logic Programming,"Prolog, Logic Programming, Declarative Programming, Constraint Solving"
KDU,Computer Science,3,Cloud Computing,"Problem Solving, Computer Science Fundamentals, Analytical Thinking"
KDU,Computer Science,3,Data Mining and Business Intelligence,"Project Management, Strategic Planning, Business Intelligence, Stakeholder Management, Association Rules, Classification, Clustering, Pattern Recognition, Weka, Anomaly Detection"
KDU,Computer Science,3,Big Data Analytics,"Hadoop, Spark, Scala, MapReduce, Hive, Distributed Computing"
KDU,Computer Science,3,Enterprise System Administration,"Problem Solving, Computer Science Fundamentals, Analytical Thinking"
KDU,Computer Science,3,Computer Graphics and Visualization,"3D Modeling, OpenGL, Rendering, Shaders, Computer Graphics, Ray Tracing"
KDU,Computer Science,3,Automata Theory,"Problem Solving, Computer Science Fundamentals, Analytical Thinking"
KDU,Computer Science,3,Complex Systems and Agent Technology,"Simulation, Multi-Agent Systems, Complex Systems Modeling, Emergent Behavior"
KDU,Computer Science,3,Information Security,"Cryptography, Network Security, Penetration Testing, Security Protocols, Firewalls, IDS/IPS"
KDU,Computer Science,3,Modelling and Simulation,"Problem Solving, Computer Science Fundamentals, Analytical Thinking"
KDU,Computer Science,3,Nature Inspired Computing,"Genetic Algorithms, Particle Swarm Optimization, Ant Colony Optimization, Evolutionary Computation"
KDU,Computer Science,3,Internet of Things,"Arduino, Raspberry Pi, IoT Protocols, MQTT, Sensor Integration, Edge Computing"
KDU,Computer Science,3,Natural Language Processing,"Communication, Presentation Skills, Professional Writing"
KDU,Computer Science,3,Machine Learning,"Supervised Learning, Unsupervised Learning, scikit-learn, Feature Engineering, Model Evaluation"
KDU,Computer Science,3,Distributed Systems,"Distributed Algorithms, Consensus Protocols, CAP Theorem, Distributed Databases, RPC"
KDU,Computer Science,3,Advanced Mobile Computing,"Kotlin, Swift, Android Studio, Mobile UI/UX, Mobile Architecture, App Deployment"
KDU,Computer Science,3,Independent Research Study,"Research Methodologies, Data Collection, Literature Review, Academic Writing, LaTeX"
KDU,Computer Science,3,Operational Research,"Research Methodologies, Data Collection, Literature Review, Academic Writing, LaTeX"
KDU,Computer Science,3,Statistical Tools for Computing,"Data Analysis, Statistical Methods, Data Interpretation, Exploratory Data Analysis"
KDU,Computer Science,3,Microcontrollers and Embedded Systems,"Arduino, Raspberry Pi, IoT Protocols, MQTT, Sensor Integration, Edge Computing"
KDU,Computer Science,4,Emerging Trends in Computing,"Innovation, Technology Trends, Emerging Technologies, Tech Research"
KDU,Computer Science,4,Theory of Programming Languages,"Programming, Problem Solving, Communication, Code Design, Algorithm Implementation, Presentation Skills, Professional Writing"
KDU,Computer Science,4,Artificial Cognitive Systems,"AI programming, robotics, and system modeling"
KDU,Computer Science,4,Semantic Web and Ontology,"HTML, CSS, JavaScript, Frontend Development, jQuery, Bootstrap"
KDU,Computer Science,4,Computer Music,"Problem Solving, Computer Science Fundamentals, Analytical Thinking"
KDU,Computer Science,4,High-Performance Computing,"Problem Solving, Computer Science Fundamentals, Analytical Thinking"
KDU,Computer Science,4,Social Aspects and Professional Practices,"Communication, Technical Writing, Teamwork, Professional Conduct"
KDU,Computer Science,4,Digital Forensics,"Digital Forensics, Incident Response, Boolean Algebra, Logic Gates, Sequential Circuits, Combinational Circuits, VHDL, Evidence Collection, Forensic Tools, Chain of Custody"
KDU,Computer Science,4,Cyber Security,"Cryptography, Network Security, Penetration Testing, Security Protocols, Firewalls, IDS/IPS"
KDU,Computer Science,4,Deep Learning,"Problem Solving, Computer Science Fundamentals, Analytical Thinking"
KDU,Computer Science,4,Location Based Services,"Problem Solving, Computer Science Fundamentals, Analytical Thinking"
KDU,Computer Science,4,Interactive Media and Game Development,"C#, Game Design, Unity, Unreal Engine, Game Physics, Game AI, 3D Graphics"
KDU,Computer Science,4,Individual Research Project (Final Evaluation at Semester 8),"Research Methodologies, Data Collection, Literature Review, Academic Writing, LaTeX"
KDU,Computer Science,4,Advanced Operating Systems,"Kernel Development, Virtual Memory, File Systems, I/O Systems, OS Internals"
KDU,Computer Science,4,Robotics and Automation,"ROS, Robot Kinematics, Path Planning, Computer Vision for Robotics, Sensor Fusion, Control Systems"
KDU,Computer Science,4,Entrepreneurship and Business Management,"Project Management, Strategic Planning, Business Intelligence, Stakeholder Management"
KDU,Computer Science,4,Individual Research Project (Conducted through Semester 7 and 8),"Research Methodologies, Data Collection, Literature Review, Academic Writing, LaTeX"
KDU,Computer Science,4,Industrial Training,"Supervised Learning, Unsupervised Learning, scikit-learn, Feature Engineering, Model Evaluation, Industry Practices, Professional Experience, Workplace Skills, Applied Learning"
UCSC,Computer Science,1,Programming Using C,"Programming, Problem Solving, Code Design, Algorithm Implementation"
UCSC,Computer Science,1,Database I,"SQL, Database Design, Normalization, ER Diagrams, CRUD Operations, Relational Algebra"
UCSC,Computer Science,1,Discrete Mathematics I,"Set Theory, Logic, Combinatorics, Graph Theory Basics, Discrete Structures"
UCSC,Computer Science,1,Computer Systems,"Problem Solving, Computer Science Fundamentals, Analytical Thinking"
UCSC,Computer Science,1,Software Engineering I,"Software Design, Code Review, Documentation, SDLC, Requirements Engineering"
UCSC,Computer Science,1,Enhancement I (Communication Skills),"Network Protocols, Network Design, Communication, TCP/IP, Routing, Switching, Wireshark, Presentation Skills, Professional Writing"
UCSC,Computer Science,1,Data Structures & Algorithms II,"Arrays, Linked Lists, Trees, Graphs, Sorting, Searching, Hash Tables, Complexity Analysis"
UCSC,Computer Science,1,Object Oriented Programming,"Design Patterns, OOP Design, Inheritance, Polymorphism, Encapsulation"
UCSC,Computer Science,1,Software Engineering II,"Software Design, Code Review, Documentation, SDLC, Requirements Engineering"
UCSC,Computer Science,1,Mathematical Methods I,"Problem Solving, Computer Science Fundamentals, Analytical Thinking"
UCSC,Computer Science,1,Foundation of Computer Science,"Problem Solving, Computer Science Fundamentals, Analytical Thinking"
UCSC,Computer Science,1,Probability and Statistics,"Data Analysis, Statistical Methods, Data Interpretation, Exploratory Data Analysis"
UCSC,Computer Science,1,Operating Systems I,"Team Management, Process Management, Memory Management, Scheduling, Deadlock Prevention, Linux/Unix"
UCSC,Computer Science,1,Enhancement II,"Problem Solving, Computer Science Fundamentals, Analytical Thinking"
UCSC,Computer Science,2,Data Structures and Algorithms III,"Arrays, Linked Lists, Trees, Graphs, Sorting, Searching, Hash Tables, Complexity Analysis"
UCSC,Computer Science,2,Group Project I,"Git, Documentation, Project Planning, Team Collaboration, Presentation Skills"
UCSC,Computer Science,2,Software Engineering III,"Software Design, Code Review, Documentation, SDLC, Requirements Engineering"
UCSC,Computer Science,2,Functional Programming,"Programming, Problem Solving, Code Design, Algorithm Implementation"
UCSC,Computer Science,2,Computer Networks I,"Network Protocols, Network Design, TCP/IP, Routing, Switching, Wireshark"
UCSC,Computer Science,2,Mathematical Methods II,"Problem Solving, Computer Science Fundamentals, Analytical Thinking"
UCSC,Computer Science,2,Programming Language Concepts,"Programming, Problem Solving, Communication, Code Design, Algorithm Implementation, Presentation Skills, Professional Writing"
UCSC,Computer Science,2,Rapid Application Development,"Problem Solving, Computer Science Fundamentals, Analytical Thinking"
UCSC,Computer Science,2,Database II,"SQL, Database Design, Normalization, ER Diagrams, CRUD Operations, Relational Algebra"
UCSC,Computer Science,2,Discrete Mathematics II,"Set Theory, Logic, Combinatorics, Graph Theory Basics, Discrete Structures"
UCSC,Computer Science,2,Information System Security,"Cryptography, Network Security, Penetration Testing, Security Protocols, Firewalls, IDS/IPS"
UCSC,Computer Science,2,Enhancement III (Entrepreneurship),"Problem Solving, Computer Science Fundamentals, Analytical Thinking"
UCSC,Computer Science,3,Machine Learning and Neural Computing),"Neural Networks, TensorFlow, PyTorch, Keras, CNNs, RNNs, Backpropagation"
UCSC,Computer Science,3,Advanced Computer Architecture),"Instruction Set Architecture, Pipelining, Cache Memory, CPU Design, Performance Metrics"
UCSC,Computer Science,3,Middleware Architecture),"Integration Patterns, Message Queues, Middleware Architecture, SOA, ESB"
UCSC,Computer Science,3,Management),"Project Management, Strategic Planning, Business Intelligence, Stakeholder Management"
UCSC,Computer Science,3,Computer Graphics I),"3D Modeling, OpenGL, Rendering, Shaders, Computer Graphics, Ray Tracing"
UCSC,Computer Science,3,Graph Theory),"Graph Algorithms, Network Flow, Graph Coloring, Shortest Path, Spanning Trees"
UCSC,Computer Science,3,Software Quality Assurance),"Problem Solving, Computer Science Fundamentals, Analytical Thinking"
UCSC,Computer Science,3,Software Project Management),"Git, Documentation, Project Management, Strategic Planning, Business Intelligence, Stakeholder Management, Project Planning, Team Collaboration, Presentation Skills"
UCSC,Computer Science,3,Human-Computer Interaction),"Problem Solving, Computer Science Fundamentals, Analytical Thinking"
UCSC,Computer Science,3,Systems and Network Administration),"Network Protocols, Network Design, TCP/IP, Routing, Switching, Wireshark"
UCSC,Computer Science,3,Compiler Theory),"Lexical Analysis, Parsing, Code Generation, Compiler Design, Syntax Trees"
UCSC,Computer Science,3,Mobile Application Development),"Kotlin, Swift, Android Studio, Mobile UI/UX, Mobile Architecture, App Deployment"
UCSC,Computer Science,3,Game Development),"C#, Game Design, Unity, Unreal Engine, Game Physics, Game AI, 3D Graphics"
UCSC,Computer Science,3,Group project II),"Git, Documentation, Project Planning, Team Collaboration, Presentation Skills"
UCSC,Computer Science,3,Professional Practice),"Communication, Technical Writing, Teamwork, Professional Conduct"
UCSC,Computer Science,3,Research Methods),"Research Methodologies, Data Collection, Literature Review, Academic Writing, LaTeX"
UCSC,Computer Science,3,Industry Placement/Industry Project),"Git, Documentation, Project Planning, Team Collaboration, Presentation Skills, Industry Practices, Professional Experience, Workplace Skills, Applied Learning"
UCSC,Computer Science,4,Ethical Issues and Legal Aspects in IT,"Problem Solving, Computer Science Fundamentals, Analytical Thinking"
UCSC,Computer Science,4,Cognitive Robotics,"ROS, Robot Kinematics, Path Planning, Computer Vision for Robotics, Sensor Fusion, Control Systems"
UCSC,Computer Science,4,Database III,"SQL, Database Design, Normalization, ER Diagrams, CRUD Operations, Relational Algebra"
UCSC,Computer Science,4,Data Analytics,"Data Analysis, Statistical Methods, Data Interpretation, Exploratory Data Analysis"
UCSC,Computer Science,4,Computer Networks II,"Network Protocols, Network Design, TCP/IP, Routing, Switching, Wireshark"
UCSC,Computer Science,4,Computer Graphics II,"3D Modeling, OpenGL, Rendering, Shaders, Computer Graphics, Ray Tracing"
UCSC,Computer Science,4,Image Processing & Computer Vision,"OpenCV, Image Filtering, Edge Detection, Object Detection, Feature Extraction, Image Segmentation"
UCSC,Computer Science,4,Theory of Computation,"Automata Theory, Turing Machines, Complexity Theory, Computability"
UCSC,Computer Science,4,Natural Language Processing,"Communication, Presentation Skills, Professional Writing"
UCSC,Computer Science,4,Parallel Computing,"MPI, OpenMP, CUDA, GPU Programming, Parallel Algorithms, HPC"
UCSC,Computer Science,4,Research Seminar,"Research Methodologies, Data Collection, Literature Review, Academic Writing, LaTeX"
UCSC,Computer Science,4,Formal Methods and Software Verification,"Problem Solving, Computer Science Fundamentals, Analytical Thinking"
UCSC,Computer Science,4,Digital Forensics,"Digital Forensics, Incident Response, Boolean Algebra, Logic Gates, Sequential Circuits, Combinational Circuits, VHDL, Evidence Collection, Forensic Tools, Chain of Custody"
UCSC,Computer Science,4,Natural Algorithms,"Arrays, Linked Lists, Trees, Graphs, Sorting, Searching, Hash Tables, Complexity Analysis, Genetic Algorithms, Particle Swarm Optimization, Ant Colony Optimization, Evolutionary Computation"
UCSC,Computer Science,4,Computational Biology,"Sequence Alignment, Genomics, BioPython, Phylogenetics, Protein Structure, Biological Databases"
UCSC,Computer Science,4,Advanced Topics in Mathematics,"Problem Solving, Mathematical Modeling, Mathematical Reasoning"
UCSC,Computer Science,4,Embedded Systems,"Arduino, Raspberry Pi, IoT Protocols, MQTT, Sensor Integration, Edge Computing"
UCSC,Computer Science,4,Operating Systems II,"Team Management, Process Management, Memory Management, Scheduling, Deadlock Prevention, Linux/Unix"
UCSC,Computer Science,4,Distributed Systems,"Distributed Algorithms, Consensus Protocols, CAP Theorem, Distributed Databases, RPC"
UCSC,Computer Science,4,Data Structures and Algorithms IV,"Arrays, Linked Lists, Trees, Graphs, Sorting, Searching, Hash Tables, Complexity Analysis"
UCSC,Computer Science,4,Software Engineering IV,"Software Design, Code Review, Documentation, SDLC, Requirements Engineering"
UCSC,Computer Science,4,Logic Programming,"Prolog, Logic Programming, Declarative Programming, Constraint Solving"
UCSC,Computer Science,4,Philosophy of Science,"Team Management, Process Management, Memory Management, Scheduling, Deadlock Prevention, Linux/Unix"
UCSC,Computer Science,4,Intelligent Systems,"Problem Solving, Computer Science Fundamentals, Analytical Thinking"
UCSC,Computer Science,4,Final Year Project in Software Engineering,"Software Design, Code Review, Documentation, Git, SDLC, Requirements Engineering, Project Planning, Team Collaboration, Presentation Skills"
UCSC,Computer Science,4,Final Year Project in Computer Science,"Git, Documentation, Project Planning, Team Collaboration, Presentation Skills"
UOM,Data Science,1, Mathematics,"Problem Solving, Mathematical Modeling, Mathematical Reasoning"
UOM,Data Science,1, Programming Fundamentals ,"Programming, Debugging, Variables, Control Structures, Functions"
UOM,Data Science,1, Mechanics,"Problem Solving, Computer Science Fundamentals, Analytical Thinking"
UOM,Data Science,1, Properties of Materials ,"Problem Solving, Computer Science Fundamentals, Analytical Thinking"
UOM,Data Science,1, Fluid Mechanics ,"UI/UX Design, Usability Testing, Prototyping, User Research, Interaction Design, Figma"
UOM,Data Science,1, Electrical Engineering ,"Problem Solving, Computer Science Fundamentals, Analytical Thinking"
UOM,Data Science,1, Language Skill Enhancement I,"Communication, Presentation Skills, Professional Writing"
UOM,Data Science,1, Engineering in Context ,"Problem Solving, Computer Science Fundamentals, Analytical Thinking"
UOM,Data Science,1, Principles of Object Oriented Programming ,"Design Patterns, OOP Design, Inheritance, Polymorphism, Encapsulation"
UOM,Data Science,1, Principles of Embedded Systems Programming ,"C/C++, Hardware Interfaces, Microcontrollers, RTOS, Embedded C, Arduino, Raspberry Pi, IoT Protocols, MQTT, Sensor Integration, Edge Computing"
UOM,Data Science,1, Data Structures and Algorithms ,"Arrays, Linked Lists, Trees, Graphs, Sorting, Searching, Hash Tables, Complexity Analysis"
UOM,Data Science,1, Computer Architecture ,"Instruction Set Architecture, Pipelining, Cache Memory, CPU Design, Performance Metrics"
UOM,Data Science,1, Electronic Devices and Circuits ,"UI/UX Design, Usability Testing, Prototyping, User Research, Interaction Design, Figma"
UOM,Data Science,1, Numerical Methods for Computer Science ,"Problem Solving, Computer Science Fundamentals, Analytical Thinking"
UOM,Data Science,1, Theory of Electricity ,"Problem Solving, Computer Science Fundamentals, Analytical Thinking"
UOM,Data Science,1, Introduction to Manufacturing Engineering ,"Problem Solving, Computer Science Fundamentals, Analytical Thinking"
UOM,Data Science,1, Communication Skills ,"Network Protocols, Network Design, Communication, TCP/IP, Routing, Switching, Wireshark, Presentation Skills, Professional Writing"
UOM,Data Science,1, Engineering Skill Development ,"Problem Solving, Computer Science Fundamentals, Analytical Thinking"
UOM,Data Science,2, Object Oriented Software Development ,"Design Patterns, Software Design, Code Review, Documentation, OOP Design, Inheritance, Polymorphism, Encapsulation, SDLC, Requirements Engineering"
UOM,Data Science,2, Embedded Software Development ,"Software Design, Code Review, Documentation, SDLC, Requirements Engineering, Arduino, Raspberry Pi, IoT Protocols, MQTT, Sensor Integration, Edge Computing"
UOM,Data Science,2, Principles of Computer Communication ,"Network Protocols, Network Design, Communication, TCP/IP, Routing, Switching, Wireshark, Presentation Skills, Professional Writing"
UOM,Data Science,2, Operating Systems ,"Team Management, Process Management, Memory Management, Scheduling, Deadlock Prevention, Linux/Unix"
UOM,Data Science,2, Digital Electronics ,"Boolean Algebra, Logic Gates, Sequential Circuits, Combinational Circuits, VHDL"
UOM,Data Science,2, Aspects of Civil Engineering ,"Problem Solving, Computer Science Fundamentals, Analytical Thinking"
UOM,Data Science,2, Basic Engineering Thermodynamics ,"Problem Solving, Computer Science Fundamentals, Analytical Thinking"
UOM,Data Science,2, Graph Theory for Computing ,"Graph Algorithms, Network Flow, Graph Coloring, Shortest Path, Spanning Trees"
UOM,Data Science,2, Calculus for System Modelling ,"Differentiation, Integration, Multivariable Calculus, Optimization"
UOM,Data Science,2, Programming Challenge I,"Programming, Problem Solving, Code Design, Algorithm Implementation"
UOM,Data Science,2, Automation Challenge I,"ROS, Robot Kinematics, Path Planning, Computer Vision for Robotics, Sensor Fusion, Control Systems"
UOM,Data Science,2, Presentation Skills ,"Communication, Presentation Skills, Professional Writing"
UOM,Data Science,2, Software Engineering ,"Software Design, Code Review, Documentation, SDLC, Requirements Engineering"
UOM,Data Science,2, Introduction to Data Science ,"Statistical Analysis, Descriptive Statistics, Probability, Hypothesis Testing, Excel"
UOM,Data Science,2, Introduction to Machine Learning ,"Supervised Learning, Unsupervised Learning, scikit-learn, Feature Engineering, Model Evaluation"
UOM,Data Science,2, Database Systems ,"SQL, Database Design, Normalization, ER Diagrams, CRUD Operations, Relational Algebra"
UOM,Data Science,2, Linear Algebra ,"Matrix Operations, Linear Transformations, Eigenvalues, Vector Spaces, NumPy for Linear Algebra"
UOM,Data Science,2, Differential Equations and Applications ,"Problem Solving, Computer Science Fundamentals, Analytical Thinking"
UOM,Data Science,2, Data Science and Engineering Challenge ,"Data Analysis, Statistical Methods, Data Interpretation, Exploratory Data Analysis"
UOM,Data Science,2, Technical Writing ,"Technical Documentation, Report Writing, Technical Communication"
UOM,Data Science,3, Data Science and Engineering Project ,"Data Analysis, Git, Documentation, Statistical Methods, Data Interpretation, Exploratory Data Analysis, Project Planning, Team Collaboration, Presentation Skills"
UOM,Data Science,3, Theory of Computing ,"Problem Solving, Computer Science Fundamentals, Analytical Thinking"
UOM,Data Science,3, Intelligent Systems ,"Programming, Searching Algorithms, Sorting Algorithms"
UOM,Data Science,3, Data Mining ,"Association Rules, Classification, Clustering, Pattern Recognition, Weka, Anomaly Detection"
UOM,Data Science,3, Deep Neural Networks ,"Network Protocols, Network Design, TCP/IP, Routing, Switching, Wireshark"
UOM,Data Science,3, Computer Networks and Security ,"Cryptography, Network Security, Penetration Testing, Security Protocols, Firewalls, IDS/IPS"
UOM,Data Science,3, Business Economics & Financial Accounting ,"Cost-Benefit Analysis, Economic Modeling, Financial Accounting, Budget Management"
UOM,Data Science,3, Applied Statistics ,"Data Analysis, Statistical Methods, Data Interpretation, Exploratory Data Analysis"
UOM,Data Science,3,Industrial Training,"Collaboration, Industrial Experience, Teamwork"
UOM,Data Science,3, Professional Practice ,"Communication, Technical Writing, Teamwork, Professional Conduct"
UOM,Data Science,3, Research and Report Writing ,"Research Methodologies, Data Collection, Communication, Literature Review, Academic Writing, LaTeX, Presentation Skills, Professional Writing"
UOM,Data Science,3, Data Visualization ,"Problem Solving, Computer Science Fundamentals, Analytical Thinking"
UOM,Data Science,3, Embedded System Design ,"Arduino, Raspberry Pi, IoT Protocols, MQTT, Sensor Integration, Edge Computing"
UOM,Data Science,3, Formal Methods in Software Engineering ,"Formal Specification, Model Checking, Theorem Proving, Z Notation, Formal Verification"
UOM,Data Science,3, Human Computer Interaction,"UI/UX Design, Usability Testing, Prototyping, User Research, Interaction Design, Figma"
UOM,Data Science,3, Concurrent Programming ,"Multithreading, Synchronization, Concurrent Programming, Thread Safety, Parallel Processing"
UOM,Data Science,3, Bioinformatics ,"Sequence Alignment, Genomics, BioPython, Phylogenetics, Protein Structure, Biological Databases"
UOM,Data Science,4, Research and Development Project ,"Research Methodologies, Data Collection, Literature Review, Academic Writing, LaTeX"
UOM,Data Science,4, Business Analytics in Organizational Performance Management,"Business Intelligence, Project Management, Strategic Planning, Stakeholder Management, KPIs, Predictive Analytics, Prescriptive Analytics, Excel Macros"
UOM,Data Science,4, Software Process and Management ,"Project Management, Strategic Planning, Business Intelligence, Stakeholder Management"
UOM,Data Science,4, Formal Methods in Software Engineering ,"Formal Specification, Model Checking, Theorem Proving, Z Notation, Formal Verification"
UOM,Data Science,4, Human Computer Interaction ,"UI/UX Design, Usability Testing, Prototyping, User Research, Interaction Design, Figma"
UOM,Data Science,4, Advanced Operating Systems ,"Kernel Development, Virtual Memory, File Systems, I/O Systems, OS Internals"
UOM,Data Science,4, Distributed Systems,"Distributed Algorithms, Consensus Protocols, CAP Theorem, Distributed Databases, RPC"
UOM,Data Science,4, Digital System Design ,"Boolean Algebra, Logic Gates, Sequential Circuits, Combinational Circuits, VHDL"
UOM,Data Science,4, Computer Aided Digital Design ,"Supervised Learning, Unsupervised Learning, scikit-learn, Feature Engineering, Model Evaluation, Boolean Algebra, Logic Gates, Sequential Circuits, Combinational Circuits, VHDL"
UOM,Data Science,4, Advanced Computer Architecture ,"Instruction Set Architecture, Pipelining, Cache Memory, CPU Design, Performance Metrics"
UOM,Data Science,4, Robotics and Automation ,"ROS, Robot Kinematics, Path Planning, Computer Vision for Robotics, Sensor Fusion, Control Systems"
UOM,Data Science,4, Hardware Description Languages ,"Communication, VHDL, Verilog, FPGA Programming, Hardware Synthesis, Digital Design, Presentation Skills, Professional Writing"
UOM,Data Science,4, Machine Vision ,"Image Recognition, Pattern Recognition, Industrial Vision Systems, Quality Inspection"
UOM,Data Science,4, Network and System Administration,"Network Protocols, Network Design, TCP/IP, Routing, Switching, Wireshark"
UOM,Data Science,4, Computer & Network Security ,"Cryptography, Network Security, Penetration Testing, Security Protocols, Firewalls, IDS/IPS"
UOM,Data Science,4, Mobile Computing ,"Kotlin, Swift, Android Studio, Mobile UI/UX, Mobile Architecture, App Deployment"
UOM,Data Science,4, High Performance Networking,"Load Balancing, SDN, Network Optimization, QoS, Traffic Engineering"
UOM,Data Science,4, Wireless and Broadband Networking ,"WiFi Standards, Wireless Protocols, RF Engineering, Mobile Networks, 5G Technology"
UOM,Data Science,4, Advanced Algorithms ,"Graph Algorithms, Dynamic Programming, Greedy Algorithms, Advanced Trees, Algorithm Optimization"
UOM,Data Science,4, Concurrent Programming ,"Multithreading, Synchronization, Concurrent Programming, Thread Safety, Parallel Processing"
UOM,Data Science,4, Compiler Design,"Lexical Analysis, Parsing, Code Generation, Compiler Design, Syntax Trees"
UOM,Data Science,4, Scientific Computing,"Problem Solving, Computer Science Fundamentals, Analytical Thinking"
UOM,Data Science,4, Database Internals ,"Storage Engines, B-Trees, Buffer Management, Query Processing, Concurrency Control"
UOM,Data Science,4, Computer Vision,"OpenCV, Image Filtering, Edge Detection, Object Detection, Feature Extraction, Image Segmentation"
UOM,Data Science,4, Computer Graphics ,"3D Modeling, OpenGL, Rendering, Shaders, Computer Graphics, Ray Tracing"
UOM,Data Science,4, Bioinformatics ,"Sequence Alignment, Genomics, BioPython, Phylogenetics, Protein Structure, Biological Databases"
UOM,Data Science,4, Advanced Numerical Analysis,"Problem Solving, Computer Science Fundamentals, Analytical Thinking"
UOM,Data Science,4, Big Data Analytics ,"Hadoop, Spark, Scala, MapReduce, Hive, Distributed Computing"
UOM,Data Science,4, Natural Language Processing,"Communication, Presentation Skills, Professional Writing"
UOM,Data Science,4, Research and Development Project,"Research Methodologies, Data Collection, Literature Review, Academic Writing, LaTeX"
UOM,Data Science,4, Advanced Machine Learning ,"Ensemble Methods, Reinforcement Learning, Supervised Learning, Unsupervised Learning Hyperparameter Tuning, Model Optimization"
UOM,Data Science,4, Advanced Artificial Intelligence,"Ensemble Methods, Reinforcement Learning, Transfer Learning, Hyperparameter Tuning, Model Optimization"
UOM,Data Science,4, Human Resource Management & Industrial,"Risk Management, Client Management, Organizational Behavior, Performance Management, Industry Practices, Professional Experience, Workplace Skills, Applied Learning"
UOM,Data Science,4, Software Process and Management ,"Project Management, Strategic Planning, Business Intelligence, Stakeholder Management"
UOM,Data Science,4, Formal Methods in Software Engineering ,"Formal Specification, Model Checking, Theorem Proving, Z Notation, Formal Verification"
UOM,Data Science,4, Human Computer Interaction ,"UI/UX Design, Usability Testing, Prototyping, User Research, Interaction Design, Figma"
UOM,Data Science,4, Advanced Operating Systems,"Kernel Development, Virtual Memory, File Systems, I/O Systems, OS Internals"
UOM,Data Science,4, Distributed Systems ,"Distributed Algorithms, Consensus Protocols, CAP Theorem, Distributed Databases, RPC"
UOM,Data Science,4, Quality Engineering,"Problem Solving, Computer Science Fundamentals, Analytical Thinking"
UOM,Data Science,4, Digital System Design,"Boolean Algebra, Logic Gates, Sequential Circuits, Combinational Circuits, VHDL"
UOM,Data Science,4, Computer Aided Digital Design,"Supervised Learning, Unsupervised Learning, scikit-learn, Feature Engineering, Model Evaluation, Boolean Algebra, Logic Gates, Sequential Circuits, Combinational Circuits, VHDL"
UOM,Data Science,4, Advanced Computer Architecture ,"Instruction Set Architecture, Pipelining, Cache Memory, CPU Design, Performance Metrics"
UOM,Data Science,4, Robotics and Automation ,"ROS, Robot Kinematics, Path Planning, Computer Vision for Robotics, Sensor Fusion, Control Systems"
UOM,Data Science,4, Hardware Description Languages,"Communication, VHDL, Verilog, FPGA Programming, Hardware Synthesis, Digital Design, Presentation Skills, Professional Writing"
UOM,Data Science,4, Machine Vision,"Image Recognition, Pattern Recognition, Industrial Vision Systems, Quality Inspection"
UOM,Data Science,4, Network and System Administration ,"Network Protocols, Network Design, TCP/IP, Routing, Switching, Wireshark"
UOM,Data Science,4, Computer & Network Security ,"Cryptography, Network Security, Penetration Testing, Security Protocols, Firewalls, IDS/IPS"
UOM,Data Science,4, Mobile Computing  ,"Kotlin, Swift, Android Studio, Mobile UI/UX, Mobile Architecture, App Deployment"
UOM,Data Science,4, High Performance Networking ,"Load Balancing, SDN, Network Optimization, QoS, Traffic Engineering"
UOM,Data Science,4, Wireless and Broadband Networking,"WiFi Standards, Wireless Protocols, RF Engineering, Mobile Networks, 5G Technology"
UOM,Data Science,4, Advanced Algorithms  ,"Graph Algorithms, Dynamic Programming, Greedy Algorithms, Advanced Trees, Algorithm Optimization"
UOM,Data Science,4, Concurrent Programming ,"Multithreading, Synchronization, Concurrent Programming, Thread Safety, Parallel Processing"
UOM,Data Science,4, Compiler Design ,"Lexical Analysis, Parsing, Code Generation, Compiler Design, Syntax Trees"
UOM,Data Science,4, Scientific Computing ,"Problem Solving, Computer Science Fundamentals, Analytical Thinking"
UOM,Data Science,4, Database Internals ,"Storage Engines, B-Trees, Buffer Management, Query Processing, Concurrency Control"
UOM,Data Science,4, Computer Vision,"OpenCV, Image Filtering, Edge Detection, Object Detection, Feature Extraction, Image Segmentation"
UOM,Data Science,4, Computer Graphics ,"3D Modeling, OpenGL, Rendering, Shaders, Computer Graphics, Ray Tracing"
UOM,Data Science,4, Bioinformatics ,"Sequence Alignment, Genomics, BioPython, Phylogenetics, Protein Structure, Biological Databases"
UOM,Data Science,4, Linear Models and Multivariate Statistics,"Data Analysis, Statistical Methods, Data Interpretation, Exploratory Data Analysis"
UOM,Data Science,4, Operational Research ,"Research Methodologies, Data Collection, Literature Review, Academic Writing, LaTeX"
UOM,Data Science,4, Time Series & Stochastic Process ,"Modeling, forecasting, analyzing data"
UOM,Data Science,4, Numerical Analysis for Scientific Computing,"numerical approximation, error analysis (truncation/round-off), linear algebra, solving differential equations, and programming"
