title,all_skills
Data Scientist,"['machine learning', 'python', 'gcp', 'aws']"
Data Scientist,"['machine learning', 'python', 'sql', 'hadoop', 'aws', 'tableau']"
Data Scientist,"['machine learning', 'pytorch', 'deep learning', 'sql', 'tensorflow', 'python', 'jupyter', 'hadoop', 'gcp', 'azure', 'aws']"
Data Analyst,"['pyspark', 'airflow', 'azure', 'sql', 'airflow', 'azure', 'hadoop']"
Data Analyst,"['data visualization', 'excel', 'data cleaning', 'power bi', 'python', 'google analytics', 'tableau', 'excel', 'sql server', 'power bi']"
Data Scientist,"['machine learning', 'pytorch', 'docker', 'sql', 'tensorflow', 'azure', 'python', 'docker', 'gcp', 'git', 'azure', 'aws']"
Data Scientist,"['machine learning', 'python', 'gcp', 'aws']"
Data Scientist,"['machine learning', 'python', 'sql', 'hadoop', 'aws', 'tableau']"
Data Analyst,"['data visualization', 'tableau', 'pandas', 'sql', 'power bi', 'python', 'google analytics', 'tableau', 'excel', 'sql server', 'power bi']"
Data Scientist,"['machine learning', 'python', 'sql', 'jupyter', 'hadoop', 'gcp']"
Software Engineer,"['machine learning', 'nosql', 'python', 'sql', 'airflow', 'aws', 'mlflow', 'docker']"
Data Scientist,"['python', 'sql', 'azure', 'hadoop', 'azure', 'aws', 'tableau']"
Data Analyst,"['python', 'sql', 'power bi', 'google analytics', 'tableau']"
Data Scientist,"['machine learning', 'nosql', 'python', 'sql', 'hadoop', 'tableau']"
Software Engineer,"['machine learning', 'python', 'tensorflow', 'gcp', 'aws', 'docker']"
Software Engineer,"['machine learning', 'python', 'tensorflow', 'aws', 'gcp', 'mlflow']"
Data Scientist,"['machine learning', 'sql', 'hadoop', 'tableau']"
Data Scientist,"['python', 'sql', 'spark', 'jupyter', 'databricks', 'gcp', 'aws']"
Data Scientist,"['nosql', 'python', 'sql', 'docker', 'git', 'docker']"
Data Scientist,"['machine learning', 'nosql', 'python', 'sql', 'hadoop', 'tableau']"
Software Engineer,"['machine learning', 'python', 'tensorflow', 'mlflow', 'gcp', 'aws', 'docker']"
Software Engineer,"['machine learning', 'python', 'tensorflow', 'airflow', 'aws', 'gcp']"
Software Engineer,"['machine learning', 'python', 'tensorflow', 'kubernetes', 'aws', 'docker']"
Data Scientist,"['machine learning', 'sql', 'hadoop', 'tableau']"
Data Scientist,"['python', 'sql', 'spark', 'jupyter', 'gcp', 'aws']"
Data Scientist,"['nosql', 'python', 'sql', 'docker', 'git', 'docker']"
Data Scientist,"['nosql', 'python', 'sql', 'docker', 'git', 'docker']"
Data Scientist,"['machine learning', 'python', 'sql', 'gcp', 'aws']"
Data Scientist,"['machine learning', 'python', 'sql', 'spark', 'jupyter', 'gcp']"
Data Scientist,"['machine learning', 'python', 'sql', 'gcp', 'aws']"
Data Scientist,"['machine learning', 'pytorch', 'pandas', 'deep learning', 'sql', 'tensorflow', 'azure', 'python', 'azure', 'aws']"
Data Analyst,"['python', 'sql', 'hadoop', 'tableau']"
Data Scientist,"['pytorch', 'deep learning', 'tensorflow', 'time series', 'statistics', 'spark', 'azure', 'gcp']"
Data Scientist,"['machine learning', 'python', 'jupyter', 'databricks', 'gcp', 'azure', 'aws']"
Software Engineer,"['machine learning', 'python', 'sql', 'airflow', 'docker', 'gcp', 'kubernetes', 'mlflow']"
Data Analyst,"['python', 'sql', 'power bi', 'google analytics', 'sql server']"
Data Scientist,"['machine learning', 'python', 'azure', 'gcp', 'azure', 'aws']"
Data Analyst,"['excel', 'pandas', 'sql', 'data cleaning', 'python', 'excel', 'power bi', 'sql server', 'tableau']"
Data Scientist,"['machine learning', 'nosql', 'mysql', 'deep learning', 'sql', 'azure', 'python', 'hadoop', 'gcp', 'azure', 'aws']"
Data Scientist,"['machine learning', 'python', 'sql', 'spark', 'jupyter', 'databricks', 'hadoop', 'aws']"
Data Scientist,"['machine learning', 'deep learning', 'python', 'sql', 'spark', 'jupyter', 'azure']"
Data Scientist,"['machine learning', 'python', 'sql', 'gcp', 'aws']"
Data Scientist,"['machine learning', 'pytorch', 'pandas', 'deep learning', 'sql', 'tensorflow', 'azure', 'python', 'azure', 'aws']"
Data Scientist,"['numpy', 'python', 'pandas', 'nlp', 'spark', 'hadoop', 'aws']"
Data Scientist,"['machine learning', 'python', 'databricks', 'jupyter', 'gcp', 'aws']"
Data Scientist,"['python', 'sql', 'git', 'tableau']"
Data Analyst,"['python', 'sql', 'hadoop', 'tableau']"
Data Analyst,"['python', 'sql', 'google analytics', 'tableau', 'excel', 'sql server', 'power bi']"
Data Analyst,"['data visualization', 'tableau', 'sql', 'data cleaning', 'power bi', 'excel', 'power bi', 'google analytics', 'sql server']"
Data Scientist,"['machine learning', 'python', 'sql', 'jupyter', 'databricks', 'hadoop', 'gcp', 'aws']"
Data Scientist,"['pandas', 'sql', 'nlp', 'model evaluation', 'spark', 'jupyter', 'databricks', 'gcp', 'aws']"
Data Scientist,"['machine learning', 'pytorch', 'python', 'tensorflow', 'jupyter', 'hadoop', 'azure', 'aws']"
Data Scientist,"['machine learning', 'pytorch', 'pandas', 'deep learning', 'sql', 'tensorflow', 'numpy', 'python', 'spark', 'jupyter', 'hadoop', 'azure', 'aws']"
Data Scientist,"['machine learning', 'python', 'sql', 'spark', 'jupyter', 'databricks', 'gcp', 'aws']"
Data Scientist,"['machine learning', 'python', 'spark', 'jupyter', 'hadoop', 'azure', 'aws']"
Data Scientist,"['tensorflow', 'pandas', 'nlp', 'sql', 'jupyter', 'azure', 'databricks', 'hadoop']"
Data Scientist,"['machine learning', 'pytorch', 'python', 'tensorflow', 'databricks', 'azure', 'aws']"
Data Scientist,"['machine learning', 'python', 'spark', 'gcp', 'databricks']"
Data Scientist,"['deep learning', 'feature engineering', 'pandas', 'time series', 'spark', 'hadoop', 'azure']"
Software Engineer,"['machine learning', 'cd', 'pytorch', 'model deployment', 'ci', 'mlops', 'kubernetes', 'kubernetes', 'mlflow', 'aws', 'docker']"
Data Scientist,"['machine learning', 'postgresql', 'python', 'sql', 'spark', 'jupyter', 'hadoop']"
Data Scientist,"['python', 'sql', 'spark', 'databricks', 'gcp', 'azure', 'aws']"
Data Analyst,"['tableau', 'pandas', 'reporting', 'power bi', 'statistics', 'excel', 'power bi', 'tableau']"
Data Scientist,"['machine learning', 'pytorch', 'python', 'tensorflow', 'spark', 'jupyter', 'hadoop', 'azure', 'aws']"
Data Scientist,"['machine learning', 'pytorch', 'tensorflow', 'azure', 'python', 'azure', 'aws']"
Data Scientist,"['machine learning', 'nosql', 'pandas', 'sql', 'numpy', 'python', 'spark', 'azure', 'databricks']"
Data Analyst,"['mysql', 'python', 'sql', 'excel', 'google analytics', 'sql server', 'tableau']"
Data Scientist,"['machine learning', 'kubernetes', 'pytorch', 'model deployment', 'airflow', 'docker', 'gcp', 'aws', 'mlflow']"
Data Scientist,"['machine learning', 'spark ml', 'pytorch', 'nosql', 'sql', 'tensorflow', 'python', 'spark', 'jupyter', 'databricks', 'hadoop', 'gcp']"
Data Scientist,"['pandas', 'nlp', 'tensorflow', 'time series', 'python', 'statistics', 'spark', 'jupyter', 'gcp', 'azure', 'aws']"
Data Scientist,"['machine learning', 'deep learning', 'python', 'sql', 'gcp', 'aws']"
Data Scientist,"['machine learning', 'python', 'azure', 'spark', 'jupyter', 'hadoop', 'gcp', 'aws']"
Data Scientist,"['machine learning', 'scikit-learn', 'feature engineering', 'sql', 'jupyter', 'hadoop', 'databricks', 'aws']"
Data Scientist,"['machine learning', 'pytorch', 'pandas', 'deep learning', 'tensorflow', 'numpy', 'python', 'hadoop', 'aws']"
Data Scientist,"['machine learning', 'sql', 'spark', 'databricks', 'hadoop', 'gcp', 'azure']"
Data Scientist,"['python', 'sql', 'spark', 'databricks', 'hadoop', 'gcp', 'azure']"
Data Scientist,"['deep learning', 'python', 'docker', 'airflow', 'aws', 'mlflow', 'docker']"
Data Scientist,"['machine learning', 'airflow', 'python', 'sql', 'airflow', 'git']"
Data Scientist,"['deep learning', 'python', 'docker', 'airflow', 'docker', 'gcp', 'kubernetes', 'aws']"
Data Analyst,"['data visualization', 'excel', 'pandas', 'power bi', 'statistics', 'excel', 'power bi', 'google analytics']"
Data Scientist,"['python', 'sql', 'hadoop', 'azure', 'databricks', 'aws']"
Data Scientist,"['machine learning', 'pytorch', 'tensorflow', 'azure', 'python', 'azure', 'aws']"
Data Scientist,"['machine learning', 'nosql', 'pandas', 'sql', 'numpy', 'python', 'databricks', 'azure', 'gcp', 'aws']"
Data Scientist,"['cd', 'ci', 'mlops', 'docker', 'deep learning', 'tensorflow', 'python', 'airflow', 'aws', 'gcp', 'docker']"
Data Scientist,"['machine learning', 'deep learning', 'python', 'tensorflow', 'hadoop', 'gcp', 'azure', 'aws']"
Data Scientist,"['machine learning', 'python', 'sql', 'azure', 'gcp', 'azure', 'aws']"
Data Scientist,"['python', 'sql', 'docker', 'hadoop', 'git', 'docker', 'tableau']"
Data Scientist,"['scikit-learn', 'pandas', 'nlp', 'deep learning', 'sql', 'python', 'hadoop', 'gcp', 'azure', 'databricks']"
Data Analyst,"['python', 'sql', 'google analytics', 'tableau', 'excel', 'sql server', 'power bi']"
Data Scientist,"['machine learning', 'python', 'sql', 'azure', 'gcp', 'azure', 'aws']"
Data Scientist,"['python', 'sql', 'docker', 'hadoop', 'git', 'docker', 'tableau']"
Data Scientist,"['scikit-learn', 'feature engineering', 'sql', 'nlp', 'jupyter', 'gcp', 'databricks']"
Data Scientist,"['machine learning', 'deep learning', 'sql', 'azure', 'python', 'gcp', 'azure', 'aws']"
Data Scientist,"['machine learning', 'python', 'sql', 'jupyter', 'azure', 'gcp']"
Data Analyst,"['python', 'sql', 'google analytics', 'sql server', 'tableau']"
Data Scientist,"['machine learning', 'deep learning', 'sql', 'azure', 'python', 'hadoop', 'azure']"
Data Scientist,"['machine learning', 'deep learning', 'python', 'sql', 'spark', 'databricks', 'hadoop', 'azure', 'aws']"
Data Scientist,"['machine learning', 'deep learning', 'python', 'sql', 'spark', 'jupyter', 'databricks']"
Data Scientist,"['python', 'sql', 'jupyter', 'databricks', 'gcp', 'azure', 'aws']"
Data Scientist,"['machine learning', 'python', 'sql', 'jupyter', 'databricks', 'gcp', 'aws']"
Data Analyst,"['excel', 'power bi', 'python', 'reporting', 'excel', 'power bi', 'google analytics']"
Data Scientist,"['machine learning', 'deep learning', 'pytorch', 'python', 'jupyter', 'azure', 'gcp', 'hadoop']"
Data Analyst,"['numpy', 'python', 'pandas', 'sql', 'excel', 'power bi', 'tableau']"
Data Scientist,"['machine learning', 'python', 'sql', 'hadoop', 'tableau']"
Data Analyst,"['python', 'sql', 'excel', 'power bi', 'google analytics', 'sql server']"
Data Scientist,"['machine learning', 'airflow', 'pytorch', 'docker', 'sql', 'tensorflow', 'python', 'airflow', 'docker']"
Data Scientist,"['python', 'sql', 'jupyter', 'azure', 'aws']"
Data Analyst,"['data visualization', 'tableau', 'pandas', 'sql', 'data cleaning', 'power bi', 'excel', 'power bi', 'google analytics', 'tableau']"
Data Analyst,"['python', 'sql', 'google analytics', 'tableau', 'excel', 'sql server', 'power bi']"
Data Scientist,"['machine learning', 'python', 'sql', 'jupyter', 'gcp', 'azure', 'databricks']"
Data Analyst,"['machine learning', 'python', 'sql', 'google analytics', 'sql server', 'tableau']"
Data Scientist,"['machine learning', 'python', 'sql', 'azure', 'git', 'azure', 'aws', 'tableau']"
Data Analyst,"['sql', 'reporting', 'data cleaning', 'power bi', 'python', 'statistics', 'excel', 'sql server', 'tableau']"
Data Analyst,"['data visualization', 'pandas', 'sql', 'reporting', 'power bi', 'google analytics', 'sql server', 'tableau']"
Data Scientist,"['machine learning', 'python', 'sql', 'azure', 'gcp', 'azure', 'aws']"
Data Scientist,"['python', 'sql', 'docker', 'hadoop', 'git', 'docker', 'tableau']"
Data Scientist,"['machine learning', 'deep learning', 'sql', 'azure', 'python', 'gcp', 'azure', 'aws']"
Data Scientist,"['machine learning', 'python', 'sql', 'databricks', 'gcp', 'azure', 'aws']"
Data Scientist,"['machine learning', 'airflow', 'pytorch', 'docker', 'deep learning', 'tensorflow', 'python', 'docker', 'airflow', 'aws', 'tableau']"
Data Scientist,"['machine learning', 'python', 'sql', 'jupyter', 'databricks', 'hadoop', 'gcp']"
Data Scientist,"['machine learning', 'deep learning', 'sql', 'azure', 'python', 'hadoop', 'azure']"
Data Scientist,"['machine learning', 'deep learning', 'python', 'sql', 'spark', 'jupyter', 'databricks', 'hadoop', 'azure']"
Data Scientist,"['machine learning', 'deep learning', 'python', 'sql', 'spark', 'jupyter', 'gcp']"
Data Scientist,"['python', 'sql', 'jupyter', 'databricks', 'hadoop', 'gcp', 'aws']"
Data Scientist,"['scikit-learn', 'feature engineering', 'python', 'model evaluation', 'git', 'tableau']"
Data Scientist,"['machine learning', 'python', 'sql', 'azure', 'git', 'azure', 'aws', 'tableau']"
Data Analyst,"['machine learning', 'python', 'sql', 'google analytics', 'sql server', 'tableau']"
Data Scientist,"['numpy', 'deep learning', 'python', 'tensorflow', 'spark', 'jupyter', 'databricks', 'azure', 'aws']"
Data Scientist,"['machine learning', 'python', 'sql', 'spark', 'hadoop', 'azure', 'databricks']"
Data Scientist,"['scikit-learn', 'pandas', 'nlp', 'deep learning', 'model evaluation', 'spark', 'jupyter', 'hadoop', 'azure', 'aws']"
Data Scientist,"['machine learning', 'python', 'jupyter', 'aws', 'databricks', 'azure']"
Data Analyst,"['data visualization', 'tableau', 'excel', 'sql', 'data cleaning', 'power bi', 'google analytics', 'tableau', 'excel', 'sql server', 'power bi']"
Data Analyst,"['machine learning', 'python', 'sql', 'google analytics', 'tableau', 'excel', 'sql server', 'power bi']"
Data Analyst,"['machine learning', 'python', 'sql', 'excel', 'sql server', 'tableau']"
Data Scientist,"['machine learning', 'deep learning', 'sql', 'azure', 'python', 'hadoop', 'azure']"
Data Scientist,"['machine learning', 'numpy', 'pytorch', 'time series', 'jupyter', 'databricks', 'hadoop', 'gcp', 'azure']"
Data Scientist,"['machine learning', 'nosql', 'mysql', 'sql', 'python', 'spark', 'azure', 'gcp']"
Data Scientist,"['machine learning', 'deep learning', 'python', 'sql', 'spark', 'jupyter', 'databricks', 'gcp', 'aws']"
Data Scientist,"['python', 'sql', 'jupyter', 'azure', 'gcp']"
Data Scientist,"['pytorch', 'pandas', 'feature engineering', 'python', 'statistics', 'git', 'tableau']"
Data Scientist,"['machine learning', 'mysql', 'hadoop', 'databricks', 'gcp']"
Data Scientist,"['machine learning', 'python', 'sql', 'spark', 'jupyter', 'hadoop', 'aws']"
Data Scientist,"['machine learning', 'python', 'sql', 'hadoop', 'tableau']"
Data Scientist,"['machine learning', 'airflow', 'pytorch', 'docker', 'sql', 'tensorflow', 'python', 'airflow', 'docker']"
Data Analyst,"['numpy', 'python', 'pandas', 'sql', 'google analytics', 'sql server', 'tableau']"
Data Analyst,"['python', 'sql', 'google analytics', 'tableau', 'excel', 'sql server', 'power bi']"
Data Scientist,"['python', 'sql', 'spark', 'jupyter', 'databricks', 'hadoop', 'azure']"
Data Scientist,"['machine learning', 'python', 'spark', 'jupyter', 'databricks', 'azure', 'aws']"
Data Scientist,"['machine learning', 'pyspark', 'sql', 'azure', 'python', 'gcp', 'azure', 'aws']"
Data Scientist,"['postgresql', 'python', 'sql', 'hadoop', 'azure', 'gcp']"
Software Engineer,"['cd', 'pytorch', 'ci', 'docker', 'tensorflow', 'kubernetes', 'python', 'airflow', 'kubernetes', 'mlflow', 'docker']"
Data Scientist,"['machine learning', 'python', 'sql', 'jupyter', 'databricks', 'gcp', 'azure', 'aws']"
Data Scientist,"['numpy', 'feature engineering', 'sql', 'time series', 'spark', 'jupyter', 'hadoop', 'azure']"
Data Analyst,"['apache spark', 'python', 'sql', 'hadoop', 'git', 'aws']"
Data Analyst,"['azure', 'sql', 'azure', 'tableau']"
Data Analyst,"['azure', 'sql', 'azure', 'tableau']"
Data Scientist,"['machine learning', 'python', 'sql', 'jupyter', 'databricks', 'hadoop', 'azure', 'aws']"
Data Scientist,"['pandas', 'deep learning', 'time series', 'python', 'statistics', 'jupyter', 'hadoop', 'databricks']"
Data Analyst,"['power bi', 'sql', 'pandas', 'tableau', 'excel', 'power bi', 'google analytics', 'tableau']"
Data Scientist,"['scikit-learn', 'pandas', 'statistics', 'model evaluation', 'jupyter', 'hadoop', 'gcp', 'azure', 'aws']"
Data Scientist,"['numpy', 'deep learning', 'scikit-learn', 'spark', 'databricks', 'aws']"
Data Analyst,"['tableau', 'excel', 'pandas', 'reporting', 'data cleaning', 'python', 'google analytics', 'tableau', 'excel', 'sql server', 'power bi']"
Data Analyst,"['data visualization', 'tableau', 'excel', 'pandas', 'power bi', 'python', 'excel', 'google analytics', 'sql server']"
Data Scientist,"['sql', 'pytorch', 'pandas', 'statistics', 'jupyter', 'databricks', 'azure', 'aws']"
Data Scientist,"['machine learning', 'python', 'azure', 'azure', 'aws']"
Data Scientist,"['numpy', 'feature engineering', 'sql', 'model evaluation', 'hadoop', 'aws', 'gcp']"
Data Scientist,"['numpy', 'nlp', 'tensorflow', 'statistics', 'spark', 'hadoop', 'azure']"
Data Scientist,"['machine learning', 'python', 'pandas', 'sql', 'jupyter', 'databricks', 'hadoop', 'gcp', 'azure']"
Data Scientist,"['deep learning', 'scikit-learn', 'pandas', 'spark', 'jupyter', 'hadoop', 'gcp']"
Data Scientist,"['machine learning', 'python', 'apache spark', 'sql', 'aws', 'tableau']"
Data Analyst,"['python', 'sql', 'google analytics', 'tableau', 'excel', 'sql server', 'power bi']"
Data Analyst,"['tableau', 'excel', 'pandas', 'sql', 'reporting', 'power bi', 'power bi', 'google analytics', 'tableau']"
Data Scientist,"['machine learning', 'pandas', 'tensorflow', 'azure', 'python', 'hadoop', 'azure']"
Data Scientist,"['pytorch', 'scikit-learn', 'deep learning', 'time series', 'numpy', 'model evaluation', 'jupyter', 'hadoop', 'gcp', 'azure']"
Data Analyst,"['python', 'sql', 'azure', 'google analytics', 'tableau', 'excel', 'sql server', 'power bi']"
Data Scientist,"['machine learning', 'python', 'sql', 'hadoop', 'azure', 'gcp']"
Data Scientist,"['machine learning', 'python', 'pyspark', 'spark', 'jupyter', 'databricks', 'hadoop', 'aws']"
Data Scientist,"['machine learning', 'pandas', 'pyspark', 'sql', 'numpy', 'python', 'git', 'aws']"
Data Scientist,"['machine learning', 'pytorch', 'deep learning', 'tensorflow', 'python', 'spark', 'hadoop', 'azure', 'databricks']"
Data Scientist,"['machine learning', 'pytorch', 'deep learning', 'sql', 'tensorflow', 'azure', 'python', 'hadoop', 'azure', 'gcp', 'tableau']"
Data Scientist,"['machine learning', 'pytorch', 'sql', 'tensorflow', 'azure', 'python', 'hadoop', 'azure', 'aws', 'tableau']"
Data Scientist,"['machine learning', 'pytorch', 'sql', 'tensorflow', 'azure', 'python', 'hadoop', 'azure', 'aws', 'tableau']"
Data Analyst,"['data visualization', 'tableau', 'excel', 'pandas', 'sql', 'reporting', 'power bi', 'google analytics', 'tableau']"
Data Scientist,"['machine learning', 'pytorch', 'sql', 'tensorflow', 'azure', 'python', 'hadoop', 'azure', 'aws', 'tableau']"
Data Analyst,"['data visualization', 'tableau', 'pandas', 'data cleaning', 'power bi', 'excel', 'power bi', 'sql server', 'tableau']"
Data Scientist,"['machine learning', 'pytorch', 'sql', 'tensorflow', 'azure', 'python', 'hadoop', 'azure', 'aws', 'tableau']"
Data Analyst,"['data visualization', 'tableau', 'excel', 'sql', 'power bi', 'statistics', 'excel', 'power bi', 'google analytics', 'tableau']"
Data Analyst,"['tableau', 'excel', 'pandas', 'sql', 'data cleaning', 'power bi', 'google analytics', 'tableau']"
Data Scientist,"['machine learning', 'pytorch', 'deep learning', 'sql', 'tensorflow', 'azure', 'python', 'hadoop', 'azure', 'gcp', 'tableau']"
Data Scientist,"['machine learning', 'pytorch', 'sql', 'tensorflow', 'azure', 'python', 'hadoop', 'azure', 'aws', 'tableau']"
Data Analyst,"['excel', 'statistics', 'sql', 'reporting', 'excel', 'power bi', 'sql server']"
Data Scientist,"['machine learning', 'pytorch', 'deep learning', 'sql', 'tensorflow', 'azure', 'python', 'hadoop', 'azure', 'gcp', 'tableau']"
Data Scientist,"['machine learning', 'pytorch', 'sql', 'tensorflow', 'azure', 'python', 'hadoop', 'azure', 'aws', 'tableau']"
Data Analyst,"['data visualization', 'excel', 'pandas', 'reporting', 'power bi', 'statistics', 'excel', 'sql server', 'tableau']"
Software Engineer,"['machine learning', 'pytorch', 'mysql', 'docker', 'deep learning', 'tensorflow', 'python', 'airflow', 'kubernetes', 'aws']"
Data Analyst,"['data visualization', 'python', 'sql', 'tableau', 'excel', 'google analytics', 'sql server', 'tableau']"
Data Scientist,"['machine learning', 'data visualization', 'deep learning', 'time series', 'statistics', 'gcp', 'aws']"
Data Scientist,"['machine learning', 'python', 'sql', 'hadoop', 'aws', 'tableau']"
Data Scientist,"['machine learning', 'pytorch', 'deep learning', 'sql', 'tensorflow', 'python', 'numpy', 'pandas', 'tensorflow']"
Data Analyst,"['pyspark', 'airflow', 'azure', 'sql', 'airflow', 'azure', 'hadoop']"
Data Analyst,"['business analytics', 'sql', 'data cleaning', 'data analysis', 'dashboarding', 'tableau', 'excel', 'sql', 'power bi', 'python']"
Data Scientist,"['machine learning', 'pytorch', 'docker', 'sql', 'tensorflow', 'azure', 'python', 'docker', 'gcp', 'git', 'azure', 'aws']"
Data Scientist,"['data visualization', 'nlp', 'deep learning', 'time series', 'feature engineering', 'statistics', 'gcp', 'aws']"
Data Scientist,"['machine learning', 'python', 'sql', 'hadoop', 'aws', 'tableau']"
Data Analyst,"['business analytics', 'sql', 'data cleaning', 'data analysis', 'dashboarding', 'tableau', 'excel', 'sql', 'power bi', 'python']"
Data Scientist,"['machine learning', 'python', 'sql', 'jupyter', 'pytorch', 'scikit-learn', 'pandas', 'numpy']"
Software Engineer,"['machine learning', 'nosql', 'python', 'sql', 'aws']"
Data Scientist,"['python', 'sql', 'azure', 'hadoop', 'azure', 'aws', 'tableau']"
Data Analyst,"['business analytics', 'sql', 'data cleaning', 'data analysis', 'dashboarding', 'tableau', 'excel', 'sql', 'power bi', 'python']"
Data Scientist,"['machine learning', 'nosql', 'python', 'sql', 'hadoop', 'tableau']"
Data Scientist,"['machine learning', 'deep learning', 'time series', 'statistics', 'model evaluation', 'hadoop', 'tableau']"
Data Scientist,"['machine learning', 'data visualization', 'deep learning', 'time series', 'statistics', 'model evaluation', 'jupyter', 'scikit-learn', 'pandas', 'tensorflow']"
Data Scientist,"['nosql', 'python', 'sql', 'docker', 'git', 'docker']"
Data Scientist,"['machine learning', 'nosql', 'python', 'sql', 'hadoop', 'tableau']"
Data Scientist,"['deep learning', 'data visualization', 'nlp', 'model evaluation', 'hadoop', 'tableau']"
Data Scientist,"['machine learning', 'data visualization', 'nlp', 'deep learning', 'time series', 'model evaluation', 'numpy', 'jupyter', 'python', 'pandas']"
Data Scientist,"['nosql', 'python', 'sql', 'docker', 'git', 'docker']"
Data Scientist,"['nosql', 'python', 'sql', 'docker', 'git', 'docker']"
Data Scientist,"['machine learning', 'python', 'sql', 'gcp', 'aws']"
Data Scientist,"['machine learning', 'python', 'sql', 'jupyter', 'scikit-learn', 'pandas', 'tensorflow', 'numpy']"
Data Scientist,"['machine learning', 'python', 'sql', 'gcp', 'aws']"
Data Scientist,"['machine learning', 'pytorch', 'pandas', 'deep learning', 'sql', 'tensorflow', 'azure', 'python', 'azure', 'aws']"
Data Analyst,"['business analytics', 'sql', 'data cleaning', 'data analysis', 'dashboarding', 'hadoop', 'tableau']"
Data Scientist,"['machine learning', 'data visualization', 'nlp', 'feature engineering', 'model evaluation', 'scikit-learn', 'pandas', 'tensorflow', 'numpy', 'python']"
Data Scientist,"['deep learning', 'nlp', 'statistics', 'model evaluation', 'jupyter', 'scikit-learn', 'pytorch', 'python']"
Data Analyst,"['business analytics', 'sql', 'data cleaning', 'data analysis', 'dashboarding', 'excel', 'power bi', 'python']"
Data Scientist,"['machine learning', 'python', 'azure', 'gcp', 'azure', 'aws']"
Data Analyst,"['business analytics', 'sql', 'data cleaning', 'data analysis', 'dashboarding', 'excel', 'power bi', 'sql', 'python']"
Data Scientist,"['machine learning', 'nosql', 'mysql', 'deep learning', 'sql', 'azure', 'python', 'hadoop', 'gcp', 'azure', 'aws']"
Data Scientist,"['machine learning', 'python', 'sql', 'pytorch', 'scikit-learn', 'pandas', 'numpy', 'python']"
Data Scientist,"['machine learning', 'deep learning', 'python', 'sql', 'scikit-learn', 'pytorch', 'python', 'tensorflow']"
Data Scientist,"['machine learning', 'python', 'sql', 'gcp', 'aws']"
Data Scientist,"['machine learning', 'pytorch', 'pandas', 'deep learning', 'sql', 'tensorflow', 'azure', 'python', 'azure', 'aws']"
Data Scientist,"['data visualization', 'feature engineering', 'nlp', 'statistics', 'jupyter', 'scikit-learn', 'pandas', 'numpy', 'python']"
Data Scientist,"['machine learning', 'data visualization', 'nlp', 'deep learning', 'feature engineering', 'model evaluation', 'jupyter', 'scikit-learn', 'pandas', 'tensorflow']"
Data Scientist,"['data visualization', 'nlp', 'statistics', 'model evaluation', 'git', 'tableau']"
Data Analyst,"['business analytics', 'sql', 'data cleaning', 'data analysis', 'dashboarding', 'hadoop', 'tableau']"
Data Analyst,"['business analytics', 'sql', 'data cleaning', 'data analysis', 'dashboarding', 'excel', 'sql', 'tableau']"
Data Analyst,"['business analytics', 'sql', 'data cleaning', 'data analysis', 'dashboarding', 'tableau', 'excel', 'sql', 'power bi', 'python']"
Data Scientist,"['machine learning', 'python', 'sql', 'pytorch', 'scikit-learn', 'pandas', 'tensorflow', 'python']"
Data Scientist,"['machine learning', 'nlp', 'time series', 'feature engineering', 'statistics', 'scikit-learn', 'pytorch', 'pandas']"
Data Scientist,"['machine learning', 'pytorch', 'python', 'tensorflow', 'numpy', 'jupyter', 'tensorflow']"
Data Scientist,"['machine learning', 'pytorch', 'pandas', 'deep learning', 'sql', 'tensorflow', 'numpy', 'python', 'jupyter', 'pytorch', 'scikit-learn', 'tensorflow', 'numpy']"
Data Scientist,"['machine learning', 'python', 'sql', 'numpy', 'scikit-learn', 'tensorflow']"
Data Scientist,"['machine learning', 'data visualization', 'nlp', 'feature engineering', 'model evaluation', 'jupyter', 'pandas', 'tensorflow']"
Data Scientist,"['data visualization', 'nlp', 'deep learning', 'time series', 'feature engineering', 'model evaluation', 'numpy', 'pytorch', 'tensorflow']"
Data Scientist,"['machine learning', 'pytorch', 'python', 'tensorflow', 'numpy', 'pytorch', 'python', 'tensorflow']"
Data Scientist,"['machine learning', 'nlp', 'deep learning', 'statistics', 'model evaluation', 'jupyter', 'scikit-learn', 'pytorch']"
Data Scientist,"['machine learning', 'data visualization', 'nlp', 'deep learning', 'feature engineering', 'jupyter', 'pytorch', 'python', 'pandas']"
Data Scientist,"['machine learning', 'postgresql', 'python', 'sql', 'jupyter', 'pytorch', 'tensorflow', 'numpy', 'python']"
Data Scientist,"['data visualization', 'deep learning', 'nlp', 'model evaluation', 'numpy', 'python', 'pandas', 'tensorflow']"
Data Analyst,"['business analytics', 'sql', 'data cleaning', 'data analysis', 'dashboarding', 'tableau', 'excel', 'sql', 'power bi', 'python']"
Data Scientist,"['machine learning', 'pytorch', 'python', 'tensorflow', 'numpy', 'jupyter', 'pytorch', 'pandas']"
Data Scientist,"['machine learning', 'pytorch', 'tensorflow', 'azure', 'python', 'azure', 'aws']"
Data Scientist,"['machine learning', 'nosql', 'pandas', 'sql', 'numpy', 'python', 'jupyter', 'scikit-learn', 'pytorch', 'tensorflow']"
Data Analyst,"['mysql', 'python', 'sql', 'excel', 'python', 'sql']"
Data Scientist,"['model evaluation', 'data visualization', 'nlp', 'time series', 'pytorch', 'scikit-learn', 'tensorflow', 'numpy', 'python']"
Data Scientist,"['machine learning', 'spark ml', 'pytorch', 'nosql', 'sql', 'tensorflow', 'python', 'scikit-learn', 'pytorch', 'python', 'tensorflow']"
Data Scientist,"['machine learning', 'data visualization', 'nlp', 'deep learning', 'feature engineering', 'model evaluation', 'numpy', 'scikit-learn', 'pytorch', 'tensorflow']"
Data Scientist,"['machine learning', 'deep learning', 'python', 'sql', 'gcp', 'aws']"
Data Scientist,"['machine learning', 'python', 'azure', 'numpy', 'scikit-learn', 'pytorch', 'python']"
Data Scientist,"['nlp', 'deep learning', 'time series', 'feature engineering', 'statistics', 'model evaluation', 'jupyter', 'scikit-learn', 'pandas', 'tensorflow', 'python']"
Data Scientist,"['machine learning', 'pytorch', 'pandas', 'deep learning', 'tensorflow', 'numpy', 'python', 'hadoop', 'aws']"
Data Scientist,"['data visualization', 'nlp', 'statistics', 'time series', 'jupyter', 'scikit-learn', 'pandas', 'tensorflow', 'python']"
Data Scientist,"['machine learning', 'data visualization', 'nlp', 'feature engineering', 'statistics', 'numpy', 'jupyter', 'scikit-learn', 'tensorflow']"
Data Scientist,"['deep learning', 'python', 'docker', 'numpy', 'scikit-learn', 'pytorch', 'tensorflow']"
Data Scientist,"['machine learning', 'airflow', 'python', 'sql', 'airflow', 'git']"
Data Scientist,"['deep learning', 'python', 'docker', 'numpy', 'jupyter', 'scikit-learn', 'pytorch']"
Data Analyst,"['data cleaning', 'business analytics', 'sql', 'dashboarding', 'excel', 'python', 'sql', 'tableau']"
Data Scientist,"['machine learning', 'data visualization', 'deep learning', 'time series', 'feature engineering', 'model evaluation', 'jupyter', 'scikit-learn', 'pandas', 'numpy', 'python']"
Data Scientist,"['machine learning', 'pytorch', 'tensorflow', 'azure', 'python', 'azure', 'aws']"
Data Scientist,"['machine learning', 'nosql', 'pandas', 'sql', 'numpy', 'python', 'numpy', 'jupyter', 'python', 'pandas']"
Data Scientist,"['deep learning', 'data visualization', 'nlp', 'model evaluation', 'jupyter', 'pytorch', 'tensorflow']"
Data Scientist,"['machine learning', 'deep learning', 'python', 'tensorflow', 'scikit-learn', 'pandas', 'tensorflow', 'numpy', 'python']"
Data Scientist,"['machine learning', 'python', 'sql', 'azure', 'gcp', 'azure', 'aws']"
Data Scientist,"['python', 'sql', 'docker', 'hadoop', 'git', 'docker', 'tableau']"
Data Scientist,"['feature engineering', 'nlp', 'statistics', 'model evaluation', 'jupyter', 'scikit-learn', 'pandas', 'numpy', 'python']"
Data Analyst,"['business analytics', 'sql', 'data cleaning', 'data analysis', 'dashboarding', 'excel', 'power bi', 'sql']"
Data Scientist,"['machine learning', 'python', 'sql', 'azure', 'gcp', 'azure', 'aws']"
Data Scientist,"['python', 'sql', 'docker', 'hadoop', 'git', 'docker', 'tableau']"
Data Scientist,"['data visualization', 'feature engineering', 'time series', 'model evaluation', 'numpy', 'python', 'pandas']"
Data Scientist,"['machine learning', 'deep learning', 'sql', 'azure', 'python', 'gcp', 'azure', 'aws']"
Data Scientist,"['machine learning', 'python', 'sql', 'jupyter', 'pytorch', 'pandas', 'tensorflow', 'python']"
Data Analyst,"['business analytics', 'sql', 'data cleaning', 'data analysis', 'dashboarding', 'tableau', 'excel', 'sql', 'power bi', 'python']"
Data Scientist,"['machine learning', 'deep learning', 'sql', 'azure', 'python', 'hadoop', 'azure']"
Data Scientist,"['machine learning', 'deep learning', 'python', 'sql', 'scikit-learn', 'pandas', 'tensorflow', 'numpy', 'python']"
Data Scientist,"['machine learning', 'deep learning', 'python', 'sql', 'jupyter', 'pandas', 'tensorflow', 'numpy', 'python']"
Data Scientist,"['data visualization', 'nlp', 'deep learning', 'time series', 'statistics', 'model evaluation', 'numpy', 'scikit-learn', 'pandas', 'tensorflow']"
Data Scientist,"['machine learning', 'python', 'sql', 'numpy', 'jupyter', 'python', 'tensorflow']"
Data Analyst,"['business analytics', 'sql', 'data cleaning', 'data analysis', 'dashboarding', 'tableau', 'excel', 'sql', 'power bi', 'python']"
Data Scientist,"['machine learning', 'deep learning', 'pytorch', 'python', 'numpy', 'pytorch', 'tensorflow']"
Data Analyst,"['numpy', 'python', 'pandas', 'sql', 'excel', 'power bi', 'sql', 'tableau']"
Data Scientist,"['machine learning', 'python', 'sql', 'hadoop', 'tableau']"
Data Analyst,"['business analytics', 'sql', 'data cleaning', 'data analysis', 'dashboarding', 'excel', 'power bi', 'sql', 'tableau']"
Data Scientist,"['machine learning', 'airflow', 'pytorch', 'docker', 'sql', 'tensorflow', 'python', 'airflow', 'docker']"
Data Scientist,"['machine learning', 'data visualization', 'feature engineering', 'model evaluation', 'jupyter', 'pytorch', 'scikit-learn', 'pandas', 'numpy']"
Data Analyst,"['business analytics', 'sql', 'data cleaning', 'data analysis', 'dashboarding', 'tableau', 'excel', 'sql', 'power bi', 'python']"
Data Analyst,"['data cleaning', 'business analytics', 'sql', 'dashboarding', 'tableau', 'excel', 'sql', 'power bi', 'python']"
Data Scientist,"['machine learning', 'python', 'sql', 'pytorch', 'scikit-learn', 'pandas', 'tensorflow', 'python']"
Data Analyst,"['machine learning', 'python', 'sql', 'excel', 'power bi', 'sql', 'tableau']"
Data Scientist,"['machine learning', 'python', 'sql', 'azure', 'git', 'azure', 'aws', 'tableau']"
Data Analyst,"['business analytics', 'sql', 'data cleaning', 'data analysis', 'dashboarding', 'excel', 'power bi', 'sql', 'tableau']"
Data Analyst,"['data cleaning', 'data analysis', 'business analytics', 'sql', 'tableau', 'excel', 'sql', 'power bi', 'python']"
Data Scientist,"['machine learning', 'python', 'sql', 'azure', 'gcp', 'azure', 'aws']"
Data Scientist,"['python', 'sql', 'docker', 'hadoop', 'git', 'docker', 'tableau']"
Data Scientist,"['machine learning', 'deep learning', 'sql', 'azure', 'python', 'gcp', 'azure', 'aws']"
Data Scientist,"['machine learning', 'python', 'sql', 'numpy', 'jupyter', 'pandas', 'tensorflow']"
Data Scientist,"['machine learning', 'airflow', 'pytorch', 'docker', 'deep learning', 'tensorflow', 'python', 'docker', 'airflow', 'aws', 'tableau']"
Data Scientist,"['machine learning', 'python', 'sql', 'numpy', 'scikit-learn', 'pytorch']"
Data Scientist,"['machine learning', 'deep learning', 'sql', 'azure', 'python', 'hadoop', 'azure']"
Data Scientist,"['machine learning', 'deep learning', 'python', 'sql', 'scikit-learn', 'pandas', 'tensorflow', 'numpy', 'python']"
Data Scientist,"['machine learning', 'deep learning', 'python', 'sql', 'jupyter', 'scikit-learn', 'pandas']"
Data Scientist,"['machine learning', 'data visualization', 'nlp', 'deep learning', 'feature engineering', 'statistics', 'jupyter', 'pytorch', 'pandas', 'tensorflow', 'python']"
Data Scientist,"['data visualization', 'model evaluation', 'statistics', 'time series', 'git', 'tableau']"
Data Scientist,"['machine learning', 'python', 'sql', 'azure', 'git', 'azure', 'aws', 'tableau']"
Data Analyst,"['machine learning', 'python', 'sql', 'excel', 'power bi', 'tableau']"
Data Scientist,"['machine learning', 'data visualization', 'deep learning', 'time series', 'statistics', 'model evaluation', 'numpy', 'pytorch', 'python', 'tensorflow']"
Data Scientist,"['machine learning', 'python', 'sql', 'jupyter', 'pytorch', 'scikit-learn', 'pandas', 'tensorflow']"
Data Scientist,"['data visualization', 'nlp', 'feature engineering', 'statistics', 'model evaluation', 'scikit-learn', 'pytorch', 'pandas', 'python']"
Data Scientist,"['machine learning', 'deep learning', 'feature engineering', 'statistics', 'model evaluation', 'pytorch', 'scikit-learn', 'tensorflow', 'numpy', 'python']"
Data Analyst,"['business analytics', 'sql', 'data cleaning', 'data analysis', 'dashboarding', 'excel', 'power bi', 'sql', 'tableau']"
Data Analyst,"['machine learning', 'python', 'sql', 'tableau', 'excel', 'sql', 'power bi', 'python']"
Data Analyst,"['machine learning', 'python', 'sql', 'tableau', 'excel', 'sql', 'power bi', 'python']"
Data Scientist,"['machine learning', 'deep learning', 'sql', 'azure', 'python', 'hadoop', 'azure']"
Data Scientist,"['data visualization', 'nlp', 'time series', 'feature engineering', 'statistics', 'model evaluation', 'jupyter', 'pytorch', 'scikit-learn', 'tensorflow', 'numpy']"
Data Scientist,"['machine learning', 'nosql', 'mysql', 'sql', 'python', 'python', 'pandas', 'tensorflow']"
Data Scientist,"['machine learning', 'deep learning', 'python', 'sql', 'jupyter', 'pytorch', 'scikit-learn', 'pandas', 'python']"
Data Scientist,"['data visualization', 'nlp', 'deep learning', 'time series', 'feature engineering', 'statistics', 'jupyter', 'scikit-learn', 'pandas']"
Data Scientist,"['machine learning', 'data visualization', 'deep learning', 'feature engineering', 'statistics', 'model evaluation', 'git', 'tableau']"
Data Scientist,"['data visualization', 'nlp', 'deep learning', 'feature engineering', 'model evaluation', 'numpy', 'pytorch', 'pandas']"
Data Scientist,"['machine learning', 'python', 'sql', 'numpy', 'jupyter', 'scikit-learn']"
Data Scientist,"['machine learning', 'python', 'sql', 'hadoop', 'tableau']"
Data Scientist,"['machine learning', 'airflow', 'pytorch', 'docker', 'sql', 'tensorflow', 'python', 'airflow', 'docker']"
Data Analyst,"['numpy', 'python', 'pandas', 'sql', 'power bi', 'python', 'sql', 'tableau']"
Data Analyst,"['data cleaning', 'business analytics', 'sql', 'dashboarding', 'python', 'sql', 'tableau']"
Data Scientist,"['machine learning', 'data visualization', 'nlp', 'time series', 'statistics', 'model evaluation', 'numpy', 'jupyter', 'pytorch', 'python']"
Data Scientist,"['machine learning', 'deep learning', 'time series', 'feature engineering', 'statistics', 'pytorch', 'scikit-learn', 'pandas', 'tensorflow', 'numpy']"
Data Scientist,"['machine learning', 'pyspark', 'sql', 'azure', 'python', 'gcp', 'azure', 'aws']"
Data Scientist,"['postgresql', 'python', 'sql', 'numpy', 'jupyter', 'python', 'tensorflow']"
Software Engineer,"['python', 'git']"
Data Scientist,"['machine learning', 'python', 'sql', 'jupyter', 'pytorch', 'pandas', 'tensorflow', 'python']"
Data Scientist,"['data visualization', 'feature engineering', 'statistics', 'model evaluation', 'numpy', 'pytorch', 'pandas']"
Data Analyst,"['apache spark', 'python', 'sql', 'hadoop', 'git', 'aws']"
Data Analyst,"['data cleaning', 'business analytics', 'sql', 'dashboarding', 'azure', 'tableau']"
Data Analyst,"['data cleaning', 'data analysis', 'business analytics', 'dashboarding', 'azure', 'tableau']"
Data Scientist,"['machine learning', 'python', 'sql', 'jupyter', 'pytorch', 'pandas', 'tensorflow', 'numpy']"
Data Scientist,"['data visualization', 'nlp', 'deep learning', 'feature engineering', 'statistics', 'model evaluation', 'jupyter', 'scikit-learn', 'pytorch']"
Data Analyst,"['business analytics', 'sql', 'data cleaning', 'data analysis', 'dashboarding', 'tableau', 'excel', 'sql', 'power bi', 'python']"
Data Scientist,"['data visualization', 'feature engineering', 'deep learning', 'model evaluation', 'jupyter', 'pytorch', 'pandas', 'tensorflow']"
Data Scientist,"['machine learning', 'deep learning', 'time series', 'feature engineering', 'statistics', 'model evaluation', 'jupyter', 'pytorch', 'pandas', 'numpy', 'python']"
Data Analyst,"['data cleaning', 'business analytics', 'sql', 'dashboarding', 'tableau', 'excel', 'sql', 'power bi', 'python']"
Data Analyst,"['data cleaning', 'data analysis', 'sql', 'dashboarding', 'tableau', 'excel', 'sql', 'power bi', 'python']"
Data Scientist,"['machine learning', 'deep learning', 'data visualization', 'time series', 'numpy', 'jupyter', 'scikit-learn', 'pytorch']"
Data Scientist,"['machine learning', 'python', 'azure', 'azure', 'aws']"
Data Scientist,"['machine learning', 'deep learning', 'data visualization', 'model evaluation', 'numpy', 'scikit-learn', 'python', 'tensorflow']"
Data Scientist,"['machine learning', 'data visualization', 'nlp', 'feature engineering', 'statistics', 'jupyter', 'pytorch', 'python', 'pandas']"
Data Scientist,"['machine learning', 'python', 'pandas', 'sql', 'jupyter', 'pytorch', 'scikit-learn', 'numpy', 'python']"
Data Scientist,"['machine learning', 'data visualization', 'deep learning', 'time series', 'feature engineering', 'numpy', 'pytorch', 'python', 'tensorflow']"
Data Scientist,"['machine learning', 'python', 'apache spark', 'sql', 'aws', 'tableau']"
Data Analyst,"['business analytics', 'sql', 'data cleaning', 'data analysis', 'dashboarding', 'tableau', 'excel', 'sql', 'power bi', 'python']"
Data Analyst,"['business analytics', 'sql', 'data cleaning', 'data analysis', 'dashboarding', 'tableau', 'excel', 'sql', 'power bi', 'python']"
Data Scientist,"['machine learning', 'pandas', 'tensorflow', 'azure', 'python', 'hadoop', 'azure']"
Data Scientist,"['data visualization', 'feature engineering', 'nlp', 'time series', 'scikit-learn', 'pytorch', 'python', 'tensorflow']"
Data Analyst,"['python', 'sql', 'azure', 'python', 'sql', 'power bi', 'tableau']"
Data Scientist,"['machine learning', 'python', 'sql', 'numpy', 'scikit-learn', 'pytorch', 'pandas']"
Data Scientist,"['machine learning', 'python', 'pyspark', 'jupyter', 'python', 'pandas']"
Data Scientist,"['machine learning', 'pandas', 'pyspark', 'sql', 'numpy', 'python', 'git', 'aws']"
Data Scientist,"['machine learning', 'pytorch', 'deep learning', 'tensorflow', 'python', 'jupyter', 'pytorch', 'pandas']"
Data Scientist,"['machine learning', 'pytorch', 'deep learning', 'sql', 'tensorflow', 'azure', 'python', 'hadoop', 'azure', 'gcp', 'tableau']"
Data Scientist,"['machine learning', 'pytorch', 'sql', 'tensorflow', 'azure', 'python', 'hadoop', 'azure', 'aws', 'tableau']"
Data Scientist,"['machine learning', 'pytorch', 'sql', 'tensorflow', 'azure', 'python', 'hadoop', 'azure', 'aws', 'tableau']"
Data Analyst,"['business analytics', 'sql', 'data cleaning', 'data analysis', 'dashboarding', 'excel', 'power bi', 'python', 'tableau']"
Data Scientist,"['machine learning', 'pytorch', 'sql', 'tensorflow', 'azure', 'python', 'hadoop', 'azure', 'aws', 'tableau']"
Data Analyst,"['business analytics', 'sql', 'data cleaning', 'data analysis', 'dashboarding', 'tableau', 'excel', 'sql', 'power bi', 'python']"
Data Scientist,"['machine learning', 'pytorch', 'sql', 'tensorflow', 'azure', 'python', 'hadoop', 'azure', 'aws', 'tableau']"
Data Analyst,"['business analytics', 'sql', 'data cleaning', 'data analysis', 'dashboarding', 'excel', 'power bi', 'sql']"
Data Analyst,"['business analytics', 'sql', 'data cleaning', 'data analysis', 'dashboarding', 'python', 'sql', 'tableau']"
Data Scientist,"['machine learning', 'pytorch', 'deep learning', 'sql', 'tensorflow', 'azure', 'python', 'hadoop', 'azure', 'gcp', 'tableau']"
Data Scientist,"['machine learning', 'pytorch', 'sql', 'tensorflow', 'azure', 'python', 'hadoop', 'azure', 'aws', 'tableau']"
Data Analyst,"['business analytics', 'sql', 'data cleaning', 'data analysis', 'dashboarding', 'power bi', 'sql', 'tableau']"
Data Scientist,"['machine learning', 'pytorch', 'deep learning', 'sql', 'tensorflow', 'azure', 'python', 'hadoop', 'azure', 'gcp', 'tableau']"
Data Scientist,"['machine learning', 'pytorch', 'sql', 'tensorflow', 'azure', 'python', 'hadoop', 'azure', 'aws', 'tableau']"
Data Analyst,"['business analytics', 'sql', 'data cleaning', 'data analysis', 'dashboarding', 'excel', 'python', 'sql', 'tableau']"
Software Engineer,"['machine learning', 'pytorch', 'mysql', 'docker', 'deep learning', 'tensorflow', 'python', 'docker']"
Data Analyst,"['business analytics', 'sql', 'data cleaning', 'data analysis', 'dashboarding', 'excel', 'power bi', 'python']"
Data Scientist,"['machine learning', 'python', 'scikit-learn', 'pandas', 'matplotlib']"
Data Scientist,"['machine learning', 'spark', 'gcp', 'tensorflow', 'azure', 'python', 'jupyter', 'pandas', 'matplotlib']"
Data Scientist,"['python', 'cloud', 'jupyter', 'scikit-learn', 'python', 'matplotlib']"
Data Scientist,"['machine learning', 'python', 'aws', 'azure', 'jupyter', 'scikit-learn', 'pandas', 'matplotlib', 'numpy']"
Data Scientist,"['machine learning', 'deep learning', 'python', 'numpy', 'scikit-learn', 'pandas', 'matplotlib']"
Data Scientist,"['machine learning', 'python', 'jupyter', 'scikit-learn', 'python', 'matplotlib']"
Data Scientist,"['machine learning', 'numpy', 'scikit-learn', 'python']"
Data Scientist,"['machine learning', 'python', 'aws', 'scikit-learn', 'python', 'pandas', 'matplotlib']"
Data Scientist,"['machine learning', 'data analysis', 'feature engineering', 'statistics', 'model evaluation', 'scikit-learn', 'pandas', 'matplotlib']"
Data Scientist,"['machine learning', 'tableau', 'sql', 'gcp', 'azure', 'python', 'scikit-learn', 'pandas', 'matplotlib', 'numpy', 'python']"
Data Scientist,"['machine learning', 'python', 'java', 'jupyter', 'scikit-learn', 'pandas', 'matplotlib', 'numpy']"
Data Scientist,"['machine learning', 'python', 'sql', 'jupyter', 'python', 'matplotlib']"
Data Scientist,"['machine learning', 'numpy', 'python', 'pandas']"
Data Scientist,"['machine learning', 'sas', 'python', 'jupyter', 'pandas', 'matplotlib', 'numpy', 'python']"
Data Scientist,"['machine learning', 'numpy', 'jupyter', 'scikit-learn', 'pandas']"
Data Scientist,"['nosql', 'sql', 'azure', 'python', 'aws', 'jupyter', 'scikit-learn', 'pandas']"
Data Scientist,"['machine learning', 'deep learning', 'python', 'git', 'jira']"
Data Scientist,"['machine learning', 'data visualization', 'data analysis', 'feature engineering', 'statistics', 'model evaluation', 'jupyter', 'scikit-learn', 'pandas', 'matplotlib', 'python']"
Data Scientist,"['machine learning', 'tableau', 'excel', 'sql', 'python', 'excel', 'tableau']"
Data Scientist,"['machine learning', 'python', 'aws', 'azure', 'jupyter', 'pandas', 'matplotlib', 'numpy', 'python']"
Data Scientist,"['machine learning', 'scikit-learn', 'python', 'pandas']"
Data Scientist,"['sas', 'tableau', 'numpy', 'jupyter', 'pandas']"
Data Scientist,"['machine learning', 'data visualization', 'data analysis', 'statistics', 'model evaluation', 'numpy', 'jupyter', 'scikit-learn', 'matplotlib']"
Data Scientist,"['cloud', 'java', 'sql', 'javascript', 'python', 'jupyter', 'scikit-learn', 'pandas', 'matplotlib', 'numpy']"
Data Scientist,"['machine learning', 'feature engineering', 'statistics', 'model evaluation', 'numpy', 'jupyter', 'matplotlib']"
Data Analyst,"['excel', 'python', 'tableau', 'excel', 'tableau']"
Data Scientist,"['machine learning', 'data visualization', 'feature engineering', 'statistics', 'model evaluation', 'jupyter', 'python', 'matplotlib']"
Data Scientist,"['machine learning', 'data visualization', 'data analysis', 'feature engineering', 'statistics', 'model evaluation', 'jupyter', 'scikit-learn', 'pandas', 'numpy', 'python']"
Data Scientist,"['sas', 'tableau', 'numpy', 'scikit-learn', 'python', 'matplotlib']"
Data Scientist,"['machine learning', 'jupyter', 'scikit-learn', 'pandas', 'numpy', 'python']"
Data Scientist,"['machine learning', 'tableau', 'cloud', 'gcp', 'python', 'jupyter', 'pandas', 'matplotlib', 'numpy', 'python']"
Data Scientist,"['machine learning', 'jupyter', 'scikit-learn', 'python']"
Data Scientist,"['machine learning', 'jupyter', 'python', 'pandas']"
Data Scientist,"['machine learning', 'python', 'sql', 'jupyter', 'pandas', 'matplotlib']"
Data Scientist,"['machine learning', 'tableau', 'hadoop', 'tensorflow', 'power bi', 'power bi', 'tableau']"
Data Scientist,"['spark', 'hadoop', 'python', 'sql', 'jupyter', 'scikit-learn', 'pandas', 'numpy', 'python']"
Data Scientist,"['machine learning', 'javascript', 'java', 'numpy', 'scikit-learn', 'pandas', 'matplotlib']"
Data Scientist,"['machine learning', 'data visualization', 'data analysis', 'feature engineering', 'statistics', 'model evaluation', 'jupyter', 'scikit-learn', 'matplotlib', 'numpy', 'python']"
Data Scientist,"['machine learning', 'python', 'numpy', 'jupyter', 'scikit-learn', 'python']"
Data Scientist,"['machine learning', 'python', 'aws', 'scikit-learn', 'pandas', 'matplotlib', 'numpy', 'python']"
Data Scientist,"['machine learning', 'python', 'aws', 'numpy', 'jupyter', 'python', 'matplotlib']"
Data Scientist,"['machine learning', 'jupyter', 'scikit-learn', 'matplotlib']"
Data Scientist,"['machine learning', 'data visualization', 'data analysis', 'feature engineering', 'statistics', 'model evaluation', 'jupyter', 'scikit-learn', 'matplotlib', 'numpy', 'python']"
Data Scientist,"['power bi', 'jupyter', 'pandas', 'matplotlib']"
Data Scientist,"['machine learning', 'pytorch', 'spark', 'tensorflow', 'scikit-learn', 'pandas', 'matplotlib', 'numpy', 'python']"
Data Scientist,"['machine learning', 'cloud', 'numpy', 'jupyter', 'scikit-learn', 'pandas']"
Data Scientist,"['machine learning', 'azure', 'python', 'pandas', 'matplotlib']"
Data Scientist,"['python', 'sql', 'tableau', 'jupyter', 'scikit-learn', 'pandas', 'numpy', 'python']"
Data Scientist,"['machine learning', 'nosql', 'cloud', 'sql', 'python', 'numpy', 'jupyter', 'python', 'pandas']"
Data Scientist,"['machine learning', 'feature engineering', 'statistics', 'model evaluation', 'jupyter', 'pandas', 'matplotlib', 'numpy', 'python']"
Data Scientist,"['sql', 'tableau', 'java', 'jupyter', 'scikit-learn', 'pandas', 'matplotlib', 'numpy']"
Data Scientist,"['machine learning', 'data visualization', 'data analysis', 'statistics', 'model evaluation', 'numpy', 'jupyter', 'python']"
Data Scientist,"['machine learning', 'python', 'jupyter', 'scikit-learn', 'matplotlib', 'numpy', 'python']"
Data Scientist,"['machine learning', 'power bi', 'python', 'sql', 'numpy', 'jupyter', 'python', 'pandas']"
Data Scientist,"['machine learning', 'sas', 'jupyter', 'scikit-learn', 'pandas', 'matplotlib', 'python']"
Data Scientist,"['python', 'sql', 'scikit-learn', 'pandas', 'matplotlib', 'numpy', 'python']"
Data Scientist,"['machine learning', 'python', 'tensorflow', 'scikit-learn', 'pandas', 'matplotlib']"
Data Scientist,"['machine learning', 'scikit-learn', 'pandas', 'matplotlib']"
Data Scientist,"['cloud', 'python', 'aws', 'sql', 'scikit-learn', 'pandas', 'matplotlib', 'numpy', 'python']"
Data Scientist,"['machine learning', 'feature engineering', 'statistics', 'model evaluation', 'scikit-learn', 'python', 'pandas']"
Data Scientist,"['machine learning', 'java', 'numpy', 'scikit-learn', 'python', 'matplotlib']"
Data Scientist,"['machine learning', 'python', 'sql', 'jupyter', 'pandas', 'matplotlib', 'numpy', 'python']"
Data Scientist,"['machine learning', 'cloud', 'tableau', 'jupyter', 'python', 'matplotlib']"
Data Scientist,"['machine learning', 'data analysis', 'statistics', 'model evaluation', 'jupyter', 'scikit-learn', 'pandas', 'matplotlib', 'python']"
Data Scientist,"['machine learning', 'python', 'jupyter', 'scikit-learn', 'pandas', 'numpy', 'python']"
Data Scientist,"['machine learning', 'cloud', 'numpy', 'scikit-learn', 'matplotlib']"
Data Scientist,"['python', 'tableau', 'numpy', 'python', 'pandas']"
Data Scientist,"['machine learning', 'python', 'cloud', 'jupyter', 'scikit-learn', 'matplotlib', 'numpy', 'python']"
Data Scientist,"['sas', 'jupyter', 'scikit-learn', 'matplotlib', 'numpy', 'python']"
Data Scientist,"['sas', 'scikit-learn', 'python', 'pandas']"
Data Scientist,"['machine learning', 'python', 'sql', 'numpy', 'jupyter', 'python', 'pandas']"
Data Scientist,"['machine learning', 'data visualization', 'data analysis', 'feature engineering', 'statistics', 'model evaluation', 'numpy', 'python', 'matplotlib']"
Data Scientist,"['machine learning', 'java', 'deep learning', 'sql', 'python', 'jupyter', 'scikit-learn', 'matplotlib', 'numpy', 'python']"
Data Scientist,"['machine learning', 'deep learning', 'spark', 'jupyter', 'scikit-learn', 'pandas', 'matplotlib', 'numpy']"
Data Scientist,"['python', 'docker', 'azure', 'jupyter', 'scikit-learn', 'pandas', 'matplotlib', 'numpy']"
Data Scientist,"['machine learning', 'deep learning', 'pytorch', 'jupyter', 'pandas', 'matplotlib', 'numpy', 'python']"
Data Scientist,"['machine learning', 'sql', 'jupyter', 'scikit-learn', 'matplotlib', 'numpy', 'python']"
Data Scientist,"['hadoop', 'jupyter', 'scikit-learn', 'pandas', 'matplotlib', 'numpy']"
Data Scientist,"['python', 'sql', 'jupyter', 'scikit-learn', 'pandas', 'numpy', 'python']"
Data Scientist,"['python', 'sql', 'jupyter', 'scikit-learn', 'pandas', 'numpy', 'python']"
Data Scientist,"['machine learning', 'numpy', 'jupyter', 'scikit-learn']"
Data Scientist,"['machine learning', 'numpy', 'jupyter', 'scikit-learn', 'matplotlib']"
Data Scientist,"['machine learning', 'python', 'jupyter', 'scikit-learn', 'pandas', 'matplotlib', 'numpy']"
Data Scientist,"['python', 'aws', 'cloud', 'jupyter', 'scikit-learn', 'matplotlib', 'numpy', 'python']"
Data Scientist,"['machine learning', 'python', 'numpy', 'jupyter', 'scikit-learn', 'python']"
Data Scientist,"['machine learning', 'python', 'jupyter', 'scikit-learn', 'pandas', 'matplotlib', 'python']"
Data Scientist,"['machine learning', 'sql', 'numpy', 'python', 'pandas']"
Data Scientist,"['machine learning', 'python', 'tensorflow', 'jupyter', 'scikit-learn', 'pandas', 'matplotlib', 'python']"
Data Scientist,"['machine learning', 'python', 'cloud', 'azure', 'numpy', 'scikit-learn', 'pandas', 'python']"
Data Scientist,"['gcp', 'aws', 'jupyter', 'scikit-learn', 'pandas', 'numpy', 'python']"
Data Scientist,"['pytorch', 'python', 'jupyter', 'scikit-learn', 'pandas', 'matplotlib', 'python']"
Data Scientist,"['machine learning', 'jupyter', 'scikit-learn', 'matplotlib', 'numpy', 'python']"
Data Scientist,"['python', 'aws', 'jupyter', 'scikit-learn', 'matplotlib', 'numpy', 'python']"
Data Scientist,"['python', 'javascript', 'java', 'numpy', 'pandas', 'matplotlib']"
Data Scientist,"['aws', 'jupyter', 'python', 'pandas']"
Data Scientist,"['python', 'aws', 'java', 'jupyter', 'scikit-learn', 'pandas', 'matplotlib', 'python']"
Data Scientist,"['hadoop', 'python', 'cloud', 'jupyter', 'scikit-learn', 'pandas', 'matplotlib', 'numpy']"
Data Scientist,"['machine learning', 'numpy', 'jupyter', 'python', 'matplotlib']"
Data Scientist,"['machine learning', 'data visualization', 'data analysis', 'statistics', 'jupyter', 'scikit-learn', 'python']"
Data Scientist,"['python', 'aws', 'cloud', 'azure', 'jupyter', 'scikit-learn', 'pandas', 'matplotlib', 'numpy']"
Data Scientist,"['python', 'sql', 'tableau', 'jupyter', 'scikit-learn', 'pandas', 'matplotlib', 'python']"
Data Scientist,"['machine learning', 'sql', 'tableau', 'jupyter', 'scikit-learn', 'pandas', 'matplotlib', 'python']"
Data Scientist,"['hadoop', 'python', 'sql', 'tableau', 'scikit-learn', 'pandas', 'python']"
Data Scientist,"['machine learning', 'sql', 'jupyter', 'scikit-learn', 'pandas', 'matplotlib', 'numpy']"
Data Scientist,"['machine learning', 'python', 'sql', 'numpy', 'python', 'pandas', 'scikit-learn']"
Data Scientist,"['pytorch', 'cloud', 'azure', 'python', 'aws', 'numpy', 'python', 'pandas', 'scikit-learn']"
Data Scientist,"['machine learning', 'python', 'numpy', 'jupyter', 'matplotlib']"
Data Scientist,"['sql', 'tableau', 'numpy', 'pandas', 'matplotlib']"
Data Scientist,"['machine learning', 'sas', 'sql', 'jupyter', 'pandas', 'matplotlib', 'numpy', 'python']"
Data Scientist,"['machine learning', 'python', 'javascript', 'java', 'numpy', 'jupyter', 'pandas', 'matplotlib']"
Data Scientist,"['machine learning', 'deep learning', 'numpy', 'python', 'pandas']"
Data Scientist,"['machine learning', 'spark', 'hadoop', 'sql', 'python', 'jupyter', 'scikit-learn', 'matplotlib', 'numpy', 'python']"
Data Scientist,"['machine learning', 'deep learning', 'aws', 'numpy', 'pandas', 'python', 'matplotlib']"
Data Scientist,"['machine learning', 'data visualization', 'data analysis', 'statistics', 'model evaluation', 'numpy', 'jupyter', 'scikit-learn', 'python']"
Data Scientist,"['deep learning', 'python', 'tableau', 'java', 'jupyter', 'scikit-learn', 'python']"
Data Scientist,"['machine learning', 'python', 'cloud', 'numpy', 'jupyter', 'python', 'matplotlib']"
Data Scientist,"['machine learning', 'python', 'sql', 'scikit-learn', 'python', 'matplotlib']"
Data Scientist,"['machine learning', 'python', 'sql', 'jupyter', 'pandas', 'matplotlib', 'numpy', 'python']"
Data Scientist,"['machine learning', 'deep learning', 'python', 'sql', 'jupyter', 'pandas', 'matplotlib', 'numpy', 'python']"
Data Scientist,"['machine learning', 'data visualization', 'data analysis', 'feature engineering', 'statistics', 'jupyter', 'python', 'pandas']"
Data Scientist,"['machine learning', 'python', 'jupyter', 'scikit-learn', 'python']"
Data Scientist,"['machine learning', 'github', 'git']"
Data Scientist,"['machine learning', 'numpy', 'python', 'pandas']"
Data Scientist,"['python', 'numpy', 'scikit-learn', 'python', 'matplotlib']"
Data Scientist,"['machine learning', 'python', 'numpy', 'python', 'pandas', 'scikit-learn']"
Data Scientist,"['machine learning', 'python', 'cloud', 'azure', 'numpy', 'jupyter', 'scikit-learn', 'python']"
Data Scientist,"['machine learning', 'data visualization', 'data analysis', 'feature engineering', 'statistics', 'model evaluation', 'jupyter', 'scikit-learn', 'python']"
Data Scientist,"['sas', 'numpy', 'jupyter', 'scikit-learn', 'matplotlib']"
Data Scientist,"['power bi', 'sas', 'jupyter', 'scikit-learn', 'pandas', 'matplotlib', 'numpy']"
Data Scientist,"['spark', 'sas', 'python', 'jupyter', 'scikit-learn', 'python', 'pandas']"
Data Scientist,"['machine learning', 'data visualization', 'data analysis', 'feature engineering', 'statistics', 'model evaluation', 'numpy', 'scikit-learn', 'python']"
Data Scientist,"['machine learning', 'python', 'sql', 'jupyter', 'scikit-learn', 'python']"
Data Scientist,"['machine learning', 'scikit-learn', 'python', 'matplotlib']"
Data Scientist,"['data visualization', 'data analysis', 'feature engineering', 'statistics', 'model evaluation', 'scikit-learn', 'python', 'matplotlib']"
Data Scientist,"['machine learning', 'numpy', 'scikit-learn', 'pandas', 'python']"
Data Scientist,"['machine learning', 'tensorflow', 'numpy', 'jupyter', 'scikit-learn', 'python']"
Data Scientist,"['machine learning', 'python', 'sql', 'scikit-learn', 'pandas', 'matplotlib', 'numpy', 'python']"
Data Scientist,"['machine learning', 'python', 'jupyter', 'scikit-learn', 'pandas']"
Data Scientist,"['machine learning', 'nosql', 'deep learning', 'sql', 'tensorflow', 'numpy', 'pandas', 'matplotlib']"
Data Scientist,"['machine learning', 'sas', 'python', 'sql', 'jupyter', 'scikit-learn', 'pandas', 'matplotlib', 'python']"
Data Scientist,"['machine learning', 'cloud', 'tableau', 'matplotlib', 'scikit-learn', 'pandas', 'python']"
Data Scientist,"['machine learning', 'data visualization', 'data analysis', 'feature engineering', 'jupyter', 'scikit-learn', 'pandas', 'matplotlib', 'python']"
Data Scientist,"['machine learning', 'spark', 'mongodb', 'hadoop', 'deep learning', 'python', 'numpy', 'scikit-learn', 'python', 'pandas']"
Data Scientist,"['machine learning', 'hadoop', 'java', 'jupyter', 'pandas', 'matplotlib', 'numpy', 'python']"
Data Scientist,"['hadoop', 'java', 'numpy', 'python', 'pandas', 'matplotlib']"
Data Scientist,"['machine learning', 'hadoop', 'java', 'numpy', 'jupyter', 'scikit-learn', 'matplotlib']"
Data Scientist,"['machine learning', 'deep learning', 'jupyter', 'scikit-learn', 'pandas', 'matplotlib', 'numpy']"
Data Scientist,"['machine learning', 'deep learning', 'aws', 'jupyter', 'pandas', 'matplotlib']"
Data Scientist,"['python', 'sql', 'tableau', 'jupyter', 'pandas', 'matplotlib']"
Data Scientist,"['machine learning', 'cloud', 'azure', 'python', 'aws', 'numpy', 'scikit-learn', 'python', 'matplotlib']"
Data Scientist,"['mongodb', 'python', 'numpy', 'scikit-learn', 'pandas', 'python']"
Data Scientist,"['pytorch', 'python', 'tensorflow', 'scikit-learn', 'pandas', 'matplotlib', 'numpy', 'python']"
Data Scientist,"['python', 'sql', 'jupyter', 'scikit-learn', 'matplotlib', 'numpy', 'python']"
Data Scientist,"['machine learning', 'tableau', 'cloud', 'python', 'aws', 'jupyter', 'scikit-learn', 'pandas', 'matplotlib', 'numpy']"
Data Scientist,"['machine learning', 'python', 'numpy', 'jupyter', 'pandas']"
Data Scientist,"['pytorch', 'python', 'tensorflow', 'jupyter', 'pandas', 'matplotlib', 'numpy', 'python']"
Data Scientist,"['machine learning', 'azure', 'numpy', 'jupyter', 'python', 'matplotlib']"
Data Scientist,"['machine learning', 'python', 'jupyter', 'scikit-learn', 'pandas', 'matplotlib']"
Data Scientist,"['pytorch', 'python', 'numpy', 'jupyter', 'scikit-learn', 'matplotlib']"
Data Scientist,"['machine learning', 'jupyter', 'scikit-learn', 'python', 'pandas']"
Data Scientist,"['python', 'aws', 'cloud', 'azure', 'numpy', 'jupyter', 'pandas', 'matplotlib']"
Data Scientist,"['sql', 'numpy', 'jupyter', 'scikit-learn', 'matplotlib']"
Data Scientist,"['machine learning', 'python', 'sql', 'jupyter', 'scikit-learn', 'python', 'matplotlib']"
Data Scientist,"['machine learning', 'python', 'tensorflow', 'scikit-learn', 'python', 'matplotlib']"
Data Scientist,"['python', 'aws', 'cloud', 'tableau', 'jupyter', 'scikit-learn', 'python']"
Data Scientist,"['machine learning', 'python', 'tensorflow', 'jupyter', 'scikit-learn', 'pandas', 'numpy', 'python']"
Data Scientist,"['machine learning', 'python', 'numpy', 'scikit-learn', 'pandas', 'matplotlib']"
Data Scientist,"['pytorch', 'matplotlib', 'scikit-learn', 'python', 'pandas']"
Data Scientist,"['machine learning', 'jupyter', 'scikit-learn', 'python', 'matplotlib']"
Data Scientist,"['machine learning', 'data visualization', 'data analysis', 'feature engineering', 'model evaluation', 'jupyter', 'scikit-learn', 'pandas', 'python']"
Data Scientist,"['spark', 'python', 'pandas', 'python', 'matplotlib']"
Data Scientist,"['machine learning', 'deep learning', 'python', 'spark', 'numpy', 'jupyter', 'pandas', 'matplotlib']"
Data Scientist,"['machine learning', 'spark', 'cloud', 'azure', 'aws', 'jupyter', 'scikit-learn', 'pandas']"
Data Scientist,"['machine learning', 'jupyter', 'scikit-learn', 'pandas', 'matplotlib', 'python']"
Data Scientist,"['machine learning', 'deep learning', 'mongodb', 'sql', 'scikit-learn', 'pandas', 'matplotlib']"
Data Scientist,"['python', 'numpy', 'jupyter', 'scikit-learn', 'pandas']"
Data Scientist,"['machine learning', 'spark', 'cloud', 'azure', 'aws', 'matplotlib', 'python', 'pandas']"
Data Scientist,"['machine learning', 'jupyter', 'scikit-learn', 'matplotlib', 'numpy', 'python']"
Data Scientist,"['machine learning', 'data visualization', 'feature engineering', 'statistics', 'model evaluation', 'jupyter', 'pandas', 'matplotlib']"
Data Scientist,"['machine learning', 'jupyter', 'python', 'matplotlib']"
Data Scientist,"['machine learning', 'data visualization', 'data analysis', 'feature engineering', 'statistics', 'model evaluation', 'numpy', 'pandas', 'matplotlib']"
Data Scientist,"['machine learning', 'mongodb', 'jupyter', 'scikit-learn', 'pandas']"
Data Scientist,"['python', 'aws', 'cloud', 'tableau', 'numpy', 'jupyter', 'python', 'matplotlib']"
Data Scientist,"['machine learning', 'python', 'javascript', 'java', 'jupyter', 'python', 'matplotlib']"
Data Scientist,"['machine learning', 'python', 'jupyter', 'scikit-learn', 'python']"
Data Scientist,"['machine learning', 'python', 'javascript', 'java', 'numpy', 'jupyter', 'pandas']"
Data Scientist,"['machine learning', 'deep learning', 'python', 'scikit-learn', 'python', 'matplotlib']"
Data Scientist,"['machine learning', 'python', 'java', 'matplotlib', 'scikit-learn', 'pandas', 'python']"
Data Scientist,"['sas', 'python', 'scikit-learn', 'python', 'matplotlib']"
Data Scientist,"['azure', 'jupyter', 'scikit-learn', 'pandas', 'numpy', 'python']"
Data Scientist,"['excel', 'power bi', 'sql', 'excel', 'power bi']"
Data Scientist,"['machine learning', 'python', 'jupyter', 'scikit-learn', 'pandas', 'matplotlib', 'python']"
Data Scientist,"['machine learning', 'sas', 'jupyter', 'python', 'matplotlib']"
Data Scientist,"['machine learning', 'power bi', 'sql', 'tableau', 'power bi', 'tableau']"
Data Scientist,"['nosql', 'mongodb', 'sql', 'numpy', 'scikit-learn', 'matplotlib']"
Data Scientist,"['machine learning', 'python', 'java', 'jupyter', 'scikit-learn', 'pandas', 'matplotlib', 'python']"
Data Scientist,"['machine learning', 'jupyter', 'python', 'pandas']"
Data Scientist,"['machine learning', 'data visualization', 'data analysis', 'feature engineering', 'statistics', 'model evaluation', 'numpy', 'python', 'pandas']"
Data Scientist,"['machine learning', 'data analysis', 'statistics', 'model evaluation', 'numpy', 'python', 'pandas', 'scikit-learn']"
Data Scientist,"['python', 'sql', 'java', 'jupyter', 'scikit-learn', 'pandas', 'matplotlib', 'numpy']"
Data Scientist,"['machine learning', 'python', 'jupyter', 'scikit-learn', 'pandas', 'matplotlib']"
Data Scientist,"['python', 'sql', 'numpy', 'scikit-learn', 'pandas']"
Data Scientist,"['data visualization', 'data analysis', 'statistics', 'model evaluation', 'jupyter', 'scikit-learn', 'matplotlib']"
Data Scientist,"['machine learning', 'python', 'sql', 'numpy', 'jupyter', 'scikit-learn', 'pandas']"
Data Scientist,"['machine learning', 'jupyter', 'scikit-learn', 'pandas', 'matplotlib', 'python']"
Data Scientist,"['hadoop', 'scikit-learn', 'pandas', 'matplotlib', 'numpy', 'python']"
Data Scientist,"['machine learning', 'python', 'cloud', 'numpy', 'jupyter', 'scikit-learn']"
Data Scientist,"['machine learning', 'python', 'numpy', 'jupyter', 'pandas', 'matplotlib']"
Data Scientist,"['sas', 'javascript', 'java', 'numpy', 'python', 'pandas']"
Data Scientist,"['sql', 'numpy', 'python', 'pandas', 'matplotlib']"
Data Scientist,"['machine learning', 'deep learning', 'numpy', 'jupyter', 'matplotlib']"
Data Scientist,"['machine learning', 'data analysis', 'statistics', 'model evaluation', 'jupyter', 'scikit-learn', 'pandas', 'numpy', 'python']"
Data Scientist,"['machine learning', 'jupyter', 'scikit-learn', 'python']"
Data Scientist,"['machine learning', 'python', 'jupyter', 'python', 'pandas', 'matplotlib']"
Data Scientist,"['cloud', 'jupyter', 'pandas', 'matplotlib', 'numpy', 'python']"
Data Scientist,"['machine learning', 'data visualization', 'data analysis', 'feature engineering', 'statistics', 'model evaluation', 'numpy', 'scikit-learn', 'python', 'pandas']"
Data Scientist,"['machine learning', 'data analysis', 'feature engineering', 'statistics', 'numpy', 'jupyter', 'scikit-learn', 'pandas']"
Data Scientist,"['machine learning', 'excel', 'numpy', 'jupyter', 'python']"
Data Scientist,"['machine learning', 'python', 'sql', 'numpy', 'scikit-learn', 'pandas', 'python']"
Data Scientist,"['javascript', 'java', 'jupyter', 'scikit-learn', 'matplotlib', 'numpy', 'python']"
Data Scientist,"['machine learning', 'sql', 'scikit-learn', 'python', 'matplotlib']"
Data Scientist,"['machine learning', 'data visualization', 'data analysis', 'feature engineering', 'statistics', 'model evaluation', 'scikit-learn', 'pandas', 'matplotlib', 'numpy', 'python']"
Data Scientist,"['machine learning', 'python', 'tensorflow', 'jupyter', 'scikit-learn', 'pandas', 'matplotlib', 'python']"
Data Scientist,"['machine learning', 'feature engineering', 'statistics', 'model evaluation', 'numpy', 'scikit-learn', 'pandas']"
Data Scientist,"['machine learning', 'power bi', 'spark', 'numpy', 'python', 'pandas']"
Data Scientist,"['python', 'jupyter', 'scikit-learn', 'matplotlib', 'numpy', 'python']"
Data Scientist,"['machine learning', 'numpy', 'python', 'matplotlib']"
Data Scientist,"['machine learning', 'jupyter', 'scikit-learn', 'pandas', 'matplotlib']"
Data Scientist,"['machine learning', 'nosql', 'sql', 'scikit-learn', 'pandas', 'matplotlib', 'numpy', 'python']"
Data Scientist,"['machine learning', 'sql', 'gcp', 'numpy', 'jupyter', 'scikit-learn', 'pandas']"
Data Scientist,"['machine learning', 'sql', 'spark', 'numpy', 'pandas', 'python', 'matplotlib']"
Data Scientist,"['sas', 'numpy', 'scikit-learn', 'pandas', 'matplotlib']"
Data Scientist,"['machine learning', 'jupyter', 'scikit-learn', 'pandas', 'numpy', 'python']"
Data Scientist,"['machine learning', 'jupyter', 'pandas', 'matplotlib', 'numpy', 'python']"
Data Scientist,"['sas', 'jupyter', 'scikit-learn', 'matplotlib', 'numpy', 'python']"
Data Scientist,"['gcp', 'aws', 'cloud', 'scikit-learn', 'pandas', 'matplotlib']"
Data Scientist,"['python', 'sql', 'matplotlib', 'scikit-learn', 'pandas', 'python']"
Data Scientist,"['machine learning', 'deep learning', 'numpy', 'jupyter', 'matplotlib']"
Data Scientist,"['machine learning', 'numpy', 'scikit-learn', 'pandas', 'matplotlib']"
Data Scientist,"['power bi', 'python', 'tableau', 'power bi', 'tableau']"
Data Scientist,"['power bi', 'python', 'sql', 'tableau', 'power bi', 'tableau']"
Data Scientist,"['machine learning', 'python', 'cloud', 'numpy', 'pandas', 'matplotlib']"
Data Scientist,"['machine learning', 'hadoop', 'python', 'spark', 'jupyter', 'scikit-learn', 'pandas', 'matplotlib']"
Data Scientist,"['machine learning', 'deep learning', 'python', 'java', 'numpy', 'scikit-learn', 'python']"
Data Scientist,"['data visualization', 'data analysis', 'feature engineering', 'statistics', 'jupyter', 'pandas', 'python', 'matplotlib']"
Data Scientist,"['python', 'tableau', 'java', 'numpy', 'python', 'pandas', 'matplotlib']"
Data Scientist,"['azure', 'tableau', 'jupyter', 'scikit-learn', 'pandas', 'numpy', 'python']"
Data Scientist,"['spark', 'python', 'sql', 'jupyter', 'scikit-learn', 'matplotlib', 'numpy', 'python']"
Data Scientist,"['spark', 'python', 'sql', 'numpy', 'jupyter', 'scikit-learn', 'python']"
Data Scientist,"['machine learning', 'numpy', 'scikit-learn', 'python', 'matplotlib']"
Data Scientist,"['machine learning', 'data visualization', 'data analysis', 'feature engineering', 'statistics', 'model evaluation', 'numpy', 'jupyter', 'scikit-learn']"
Data Scientist,"['machine learning', 'data visualization', 'data analysis', 'feature engineering', 'statistics', 'model evaluation', 'jupyter', 'python', 'matplotlib']"
Data Scientist,"['hadoop', 'python', 'sql', 'scikit-learn', 'pandas', 'matplotlib', 'numpy', 'python']"
Data Scientist,"['machine learning', 'deep learning', 'jupyter', 'scikit-learn', 'pandas', 'matplotlib']"
Data Scientist,"['machine learning', 'python', 'aws', 'numpy', 'jupyter', 'python', 'pandas']"
Data Scientist,"['machine learning', 'data visualization', 'data analysis', 'feature engineering', 'numpy', 'jupyter', 'scikit-learn', 'matplotlib']"
Data Scientist,"['machine learning', 'data analysis', 'feature engineering', 'statistics', 'jupyter', 'scikit-learn', 'pandas', 'matplotlib']"
Data Scientist,"['machine learning', 'sas', 'python', 'tableau', 'jupyter', 'scikit-learn', 'pandas', 'numpy', 'python']"
Data Scientist,"['tableau', 'gcp', 'azure', 'power bi', 'python', 'power bi', 'tableau']"
Data Scientist,"['machine learning', 'python', 'aws', 'azure', 'jupyter', 'scikit-learn', 'python']"
Data Scientist,"['excel', 'numpy', 'matplotlib', 'python', 'pandas']"
Data Scientist,"['machine learning', 'data visualization', 'data analysis', 'statistics', 'jupyter', 'scikit-learn', 'pandas', 'matplotlib', 'python']"
Data Scientist,"['nosql', 'python', 'aws', 'sql', 'numpy', 'jupyter', 'python']"
Data Scientist,"['machine learning', 'sql', 'jupyter', 'pandas', 'matplotlib']"
Data Scientist,"['machine learning', 'sql', 'numpy', 'python', 'matplotlib']"
Data Scientist,"['python', 'jupyter', 'scikit-learn', 'pandas', 'matplotlib', 'numpy']"
Data Scientist,"['spark', 'python', 'aws', 'jupyter', 'scikit-learn', 'pandas', 'matplotlib', 'numpy']"
Data Scientist,"['deep learning', 'pytorch', 'python', 'numpy', 'jupyter', 'matplotlib']"
Data Scientist,"['machine learning', 'jupyter', 'scikit-learn', 'pandas', 'matplotlib', 'python']"
Data Scientist,"['machine learning', 'jupyter', 'scikit-learn', 'pandas', 'matplotlib', 'python']"
Data Scientist,"['machine learning', 'data visualization', 'data analysis', 'feature engineering', 'statistics', 'model evaluation', 'scikit-learn', 'python', 'pandas', 'matplotlib']"
Data Scientist,"['machine learning', 'data visualization', 'data analysis', 'feature engineering', 'statistics', 'model evaluation', 'jupyter', 'scikit-learn', 'pandas', 'matplotlib', 'numpy']"
Data Scientist,"['machine learning', 'data visualization', 'data analysis', 'statistics', 'model evaluation', 'jupyter', 'scikit-learn', 'pandas', 'numpy', 'python']"
Data Scientist,"['machine learning', 'hadoop', 'python', 'java', 'numpy', 'scikit-learn', 'python', 'matplotlib']"
Data Scientist,"['machine learning', 'python', 'numpy', 'scikit-learn', 'pandas']"
Data Scientist,"['sql', 'jupyter', 'scikit-learn', 'pandas', 'matplotlib', 'numpy']"
Data Scientist,"['sql', 'numpy', 'scikit-learn', 'python']"
Data Scientist,"['machine learning', 'sas', 'numpy', 'python', 'pandas']"
Data Scientist,"['machine learning', 'numpy', 'scikit-learn', 'python']"
Data Scientist,"['machine learning', 'data analysis', 'feature engineering', 'statistics', 'model evaluation', 'numpy', 'jupyter', 'python', 'pandas']"
Data Scientist,"['machine learning', 'spark', 'hadoop', 'tensorflow', 'python', 'jupyter', 'scikit-learn', 'pandas', 'numpy', 'python']"
Data Scientist,"['deep learning', 'python', 'matplotlib', 'python', 'pandas', 'scikit-learn']"
Data Scientist,"['python', 'sql', 'tableau', 'jupyter', 'scikit-learn', 'matplotlib']"
Data Scientist,"['machine learning', 'data analysis', 'feature engineering', 'statistics', 'model evaluation', 'numpy', 'jupyter', 'scikit-learn']"
Data Scientist,"['machine learning', 'jupyter', 'pandas', 'matplotlib', 'numpy', 'python']"
Data Scientist,"['machine learning', 'jupyter', 'pandas', 'matplotlib', 'numpy', 'python']"
Data Scientist,"['machine learning', 'python', 'cloud', 'jupyter', 'scikit-learn', 'pandas', 'matplotlib', 'numpy']"
Data Scientist,"['machine learning', 'nosql', 'sql', 'jupyter', 'scikit-learn', 'pandas']"
Data Scientist,"['machine learning', 'nosql', 'sql', 'jupyter', 'scikit-learn', 'pandas', 'matplotlib', 'numpy']"
Data Scientist,"['machine learning', 'jupyter', 'scikit-learn', 'pandas', 'matplotlib']"
Data Scientist,"['data visualization', 'feature engineering', 'statistics', 'model evaluation', 'numpy', 'jupyter', 'pandas']"
Data Scientist,"['python', 'sql', 'jupyter', 'scikit-learn', 'pandas', 'matplotlib', 'numpy']"
Data Scientist,"['sql', 'scikit-learn', 'pandas', 'matplotlib']"
Data Scientist,"['machine learning', 'jupyter', 'scikit-learn', 'matplotlib', 'numpy', 'python']"
Data Scientist,"['data visualization', 'data analysis', 'feature engineering', 'statistics', 'numpy', 'jupyter', 'scikit-learn']"
Data Scientist,"['python', 'tableau', 'jupyter', 'scikit-learn', 'matplotlib', 'numpy', 'python']"
Data Scientist,"['sas', 'jupyter', 'scikit-learn', 'pandas', 'matplotlib', 'numpy']"
Data Scientist,"['deep learning', 'numpy', 'pandas', 'matplotlib']"
Data Scientist,"['machine learning', 'jupyter', 'scikit-learn', 'matplotlib', 'numpy', 'python']"
Data Scientist,"['machine learning', 'python', 'tensorflow', 'pandas', 'python', 'matplotlib']"
Data Scientist,"['python', 'jupyter', 'scikit-learn', 'matplotlib', 'numpy', 'python']"
Data Scientist,"['machine learning', 'deep learning', 'spark', 'scikit-learn', 'python', 'matplotlib']"
Data Scientist,"['machine learning', 'numpy', 'pandas', 'python', 'matplotlib']"
Data Scientist,"['machine learning', 'deep learning', 'cloud', 'numpy', 'scikit-learn', 'pandas', 'matplotlib']"
Data Scientist,"['power bi', 'azure', 'gcp', 'tableau', 'power bi', 'tableau']"
Data Scientist,"['machine learning', 'python', 'jupyter', 'scikit-learn', 'pandas', 'matplotlib', 'python']"
Data Scientist,"['machine learning', 'python', 'jupyter', 'pandas', 'matplotlib', 'numpy', 'python']"
Data Scientist,"['machine learning', 'data visualization', 'feature engineering', 'model evaluation', 'numpy', 'jupyter', 'python', 'matplotlib']"
Data Scientist,"['machine learning', 'sql', 'gcp', 'numpy', 'scikit-learn', 'pandas', 'matplotlib']"
Data Scientist,"['machine learning', 'tableau', 'deep learning', 'sql', 'python', 'jupyter', 'scikit-learn', 'pandas', 'matplotlib', 'python']"
Data Scientist,"['data visualization', 'data analysis', 'feature engineering', 'statistics', 'numpy', 'jupyter', 'python', 'matplotlib']"
Data Scientist,"['machine learning', 'jupyter', 'scikit-learn', 'pandas', 'matplotlib', 'python']"
Data Scientist,"['spark', 'hadoop', 'java', 'numpy', 'scikit-learn', 'matplotlib']"
Data Scientist,"['machine learning', 'deep learning', 'python', 'sql', 'numpy', 'pandas', 'matplotlib']"
Data Scientist,"['machine learning', 'deep learning', 'python', 'numpy', 'jupyter', 'scikit-learn', 'matplotlib']"
Data Scientist,"['sas', 'python', 'sql', 'numpy', 'pandas', 'matplotlib']"
Data Scientist,"['machine learning', 'python', 'cloud', 'jupyter', 'pandas', 'matplotlib', 'numpy', 'python']"
Data Scientist,"['machine learning', 'sql', 'numpy', 'scikit-learn', 'python', 'matplotlib']"
Data Scientist,"['machine learning', 'python', 'jupyter', 'scikit-learn', 'matplotlib', 'numpy', 'python']"
Data Scientist,"['machine learning', 'sql', 'jupyter', 'pandas', 'matplotlib', 'numpy', 'python']"
Data Scientist,"['machine learning', 'python', 'jupyter', 'scikit-learn', 'matplotlib', 'numpy', 'python']"
Data Scientist,"['machine learning', 'sql', 'jupyter', 'pandas', 'matplotlib']"
Data Scientist,"['machine learning', 'scikit-learn', 'python', 'matplotlib']"
Data Scientist,"['tableau', 'jupyter', 'scikit-learn', 'pandas', 'numpy', 'python']"
Data Scientist,"['machine learning', 'deep learning', 'jupyter', 'scikit-learn', 'pandas']"
Data Scientist,"['machine learning', 'cloud', 'numpy', 'jupyter', 'python']"
Data Scientist,"['machine learning', 'sql', 'scikit-learn', 'python', 'matplotlib']"
Data Scientist,"['machine learning', 'sql', 'jupyter', 'scikit-learn', 'python', 'pandas']"
Data Scientist,"['machine learning', 'python', 'cloud', 'java', 'jupyter', 'scikit-learn', 'matplotlib']"
Data Scientist,"['machine learning', 'python', 'jupyter', 'pandas', 'matplotlib']"
Data Scientist,"['machine learning', 'deep learning', 'numpy', 'jupyter', 'scikit-learn']"
Data Scientist,"['python', 'sql', 'jupyter', 'pandas', 'matplotlib', 'numpy', 'python']"
Data Scientist,"['hadoop', 'numpy', 'jupyter', 'python', 'pandas']"
Data Scientist,"['power bi', 'python', 'java', 'pandas', 'python', 'matplotlib']"
Data Scientist,"['sql', 'tableau', 'java', 'numpy', 'python', 'pandas']"
Data Scientist,"['power bi', 'python', 'java', 'jupyter', 'python', 'matplotlib', 'pandas']"
Data Scientist,"['machine learning', 'jupyter', 'scikit-learn', 'matplotlib']"
Data Scientist,"['sas', 'python', 'jupyter', 'scikit-learn', 'pandas']"
Data Scientist,"['machine learning', 'scikit-learn', 'pandas', 'matplotlib', 'numpy', 'python']"
Data Scientist,"['machine learning', 'python', 'numpy', 'scikit-learn', 'python', 'matplotlib']"
Data Scientist,"['machine learning', 'python', 'cloud', 'numpy', 'jupyter', 'pandas']"
Data Scientist,"['deep learning', 'sql', 'scikit-learn', 'python', 'pandas']"
Data Scientist,"['machine learning', 'deep learning', 'hadoop', 'numpy', 'jupyter', 'matplotlib']"
Data Scientist,"['machine learning', 'python', 'numpy', 'jupyter', 'pandas']"
Data Scientist,"['machine learning', 'python', 'numpy', 'scikit-learn', 'python', 'matplotlib']"
Data Scientist,"['machine learning', 'python', 'numpy', 'jupyter', 'python', 'pandas']"
Data Scientist,"['machine learning', 'hadoop', 'sql', 'spark', 'jupyter', 'scikit-learn', 'matplotlib', 'numpy', 'python']"
Data Scientist,"['deep learning', 'jupyter', 'scikit-learn', 'pandas', 'matplotlib', 'python']"
Data Scientist,"['data visualization', 'data analysis', 'feature engineering', 'statistics', 'numpy', 'jupyter', 'python', 'pandas']"
Data Scientist,"['machine learning', 'jupyter', 'scikit-learn', 'pandas', 'numpy', 'python']"
Data Scientist,"['java', 'jupyter', 'pandas', 'matplotlib', 'numpy', 'python']"
Data Scientist,"['tensorflow', 'jupyter', 'pandas', 'matplotlib', 'numpy', 'python']"
Data Scientist,"['machine learning', 'deep learning', 'numpy', 'jupyter', 'python']"
Data Scientist,"['machine learning', 'data analysis', 'feature engineering', 'model evaluation', 'numpy', 'scikit-learn', 'python', 'matplotlib']"
Data Scientist,"['machine learning', 'data visualization', 'data analysis', 'statistics', 'jupyter', 'scikit-learn', 'pandas', 'matplotlib', 'python']"
Data Scientist,"['machine learning', 'data visualization', 'data analysis', 'feature engineering', 'model evaluation', 'jupyter', 'scikit-learn', 'pandas', 'matplotlib', 'python']"
Data Scientist,"['machine learning', 'data analysis', 'feature engineering', 'statistics', 'model evaluation', 'jupyter', 'python', 'matplotlib']"
Data Scientist,"['machine learning', 'jupyter', 'scikit-learn', 'python']"
Data Scientist,"['machine learning', 'data visualization', 'feature engineering', 'statistics', 'scikit-learn', 'pandas', 'matplotlib']"
Data Scientist,"['data visualization', 'data analysis', 'feature engineering', 'statistics', 'model evaluation', 'jupyter', 'scikit-learn', 'pandas', 'matplotlib']"
Data Scientist,"['machine learning', 'jupyter', 'scikit-learn', 'pandas', 'matplotlib', 'python']"
Data Scientist,"['machine learning', 'numpy', 'scikit-learn', 'pandas', 'matplotlib']"
Data Scientist,"['machine learning', 'cloud', 'jupyter', 'scikit-learn', 'matplotlib', 'numpy', 'python']"
Data Scientist,"['machine learning', 'cloud', 'scikit-learn', 'pandas', 'matplotlib', 'numpy', 'python']"
Data Scientist,"['machine learning', 'deep learning', 'python', 'sql', 'jupyter', 'scikit-learn', 'pandas', 'matplotlib']"
Data Scientist,"['machine learning', 'python', 'jupyter', 'pandas', 'matplotlib']"
Data Scientist,"['machine learning', 'jupyter', 'python', 'pandas', 'matplotlib']"
Data Scientist,"['machine learning', 'data visualization', 'feature engineering', 'statistics', 'model evaluation', 'jupyter', 'scikit-learn', 'pandas', 'matplotlib', 'python']"
Data Scientist,"['machine learning', 'hadoop', 'spark', 'numpy', 'jupyter', 'scikit-learn', 'pandas']"
Data Scientist,"['machine learning', 'numpy', 'scikit-learn', 'python']"
Data Scientist,"['machine learning', 'tableau', 'sql', 'gcp', 'azure', 'python', 'jupyter', 'scikit-learn', 'python', 'pandas']"
Data Scientist,"['python', 'scikit-learn', 'pandas', 'matplotlib']"
Data Scientist,"['python', 'scikit-learn', 'python', 'matplotlib']"
Data Scientist,"['machine learning', 'javascript', 'java', 'jupyter', 'pandas', 'matplotlib', 'numpy', 'python']"
Data Scientist,"['spark', 'hadoop', 'python', 'jupyter', 'python', 'pandas', 'matplotlib']"
Data Scientist,"['machine learning', 'deep learning', 'python', 'jupyter', 'scikit-learn', 'matplotlib', 'numpy', 'python']"
Data Scientist,"['machine learning', 'numpy', 'jupyter', 'scikit-learn']"
Data Scientist,"['machine learning', 'scikit-learn', 'pandas', 'matplotlib', 'numpy', 'python']"
Data Scientist,"['sas', 'python', 'jupyter', 'python', 'pandas', 'matplotlib']"
Data Scientist,"['machine learning', 'numpy', 'scikit-learn', 'python', 'matplotlib']"
Data Scientist,"['sas', 'python', 'scikit-learn', 'pandas', 'matplotlib', 'numpy', 'python']"
Data Scientist,"['machine learning', 'numpy', 'scikit-learn', 'python', 'matplotlib']"
Data Scientist,"['machine learning', 'numpy', 'jupyter', 'python', 'matplotlib']"
Data Scientist,"['machine learning', 'deep learning', 'python', 'jupyter', 'scikit-learn', 'python', 'matplotlib']"
Data Scientist,"['machine learning', 'sql', 'numpy', 'jupyter', 'scikit-learn', 'python']"
Data Scientist,"['sas', 'python', 'sql', 'jupyter', 'scikit-learn', 'pandas', 'numpy', 'python']"
Data Scientist,"['python', 'numpy', 'jupyter', 'python', 'matplotlib']"
Data Scientist,"['spark', 'python', 'sql', 'numpy', 'jupyter', 'pandas', 'matplotlib']"
Data Scientist,"['python', 'sql', 'tableau', 'jupyter', 'python', 'pandas', 'matplotlib']"
Data Scientist,"['machine learning', 'jupyter', 'pandas', 'matplotlib', 'numpy', 'python']"
Data Scientist,"['machine learning', 'jupyter', 'scikit-learn', 'matplotlib']"
Data Scientist,"['machine learning', 'data visualization', 'data analysis', 'feature engineering', 'statistics', 'model evaluation', 'numpy', 'python', 'matplotlib']"
Data Scientist,"['sas', 'scikit-learn', 'pandas', 'matplotlib', 'numpy', 'python']"
Data Scientist,"['machine learning', 'deep learning', 'jupyter', 'python', 'pandas']"
Data Scientist,"['machine learning', 'deep learning', 'numpy', 'jupyter', 'matplotlib']"
Data Scientist,"['machine learning', 'sas', 'python', 'jupyter', 'scikit-learn', 'pandas', 'matplotlib', 'python']"
Data Scientist,"['spark', 'deep learning', 'python', 'numpy', 'jupyter', 'matplotlib']"
Data Scientist,"['machine learning', 'numpy', 'scikit-learn', 'pandas', 'matplotlib']"
Data Scientist,"['sql', 'jupyter', 'pandas', 'matplotlib', 'numpy', 'python']"
Data Scientist,"['machine learning', 'jupyter', 'python', 'matplotlib']"
Data Scientist,"['machine learning', 'sas', 'jupyter', 'pandas', 'matplotlib', 'numpy', 'python']"
Data Scientist,"['machine learning', 'python', 'scikit-learn', 'pandas', 'matplotlib', 'numpy', 'python']"
Data Scientist,"['machine learning', 'spark', 'mongodb', 'tableau', 'tensorflow', 'jupyter', 'scikit-learn', 'pandas']"
Data Scientist,"['machine learning', 'python', 'cloud', 'jupyter', 'pandas', 'matplotlib', 'numpy', 'python']"
Data Scientist,"['machine learning', 'deep learning', 'jupyter', 'scikit-learn', 'pandas', 'matplotlib', 'numpy']"
Data Scientist,"['machine learning', 'deep learning', 'numpy', 'jupyter', 'pandas']"
Data Scientist,"['machine learning', 'data visualization', 'data analysis', 'feature engineering', 'model evaluation', 'jupyter', 'scikit-learn', 'pandas', 'numpy', 'python']"
Data Scientist,"['spark', 'hadoop', 'tensorflow', 'numpy', 'pandas', 'python', 'matplotlib']"
Data Scientist,"['machine learning', 'python', 'jupyter', 'scikit-learn', 'pandas', 'matplotlib', 'numpy']"
Data Scientist,"['deep learning', 'python', 'sql', 'jupyter', 'pandas', 'matplotlib']"
Data Scientist,"['machine learning', 'python', 'aws', 'numpy', 'jupyter', 'pandas', 'matplotlib']"
Data Scientist,"['python', 'sql', 'numpy', 'jupyter', 'python', 'matplotlib']"
Data Scientist,"['machine learning', 'scikit-learn', 'pandas', 'matplotlib']"
Data Scientist,"['machine learning', 'aws', 'jupyter', 'scikit-learn', 'pandas', 'matplotlib', 'python']"
Data Scientist,"['machine learning', 'numpy', 'scikit-learn', 'python']"
Data Scientist,"['machine learning', 'sas', 'jupyter', 'scikit-learn', 'matplotlib', 'numpy', 'python']"
Data Scientist,"['machine learning', 'sas', 'scikit-learn', 'matplotlib', 'python', 'pandas']"
Data Scientist,"['machine learning', 'gcp', 'git', 'jira']"
Data Scientist,"['machine learning', 'jupyter', 'scikit-learn', 'pandas', 'matplotlib', 'python']"
Data Scientist,"['machine learning', 'gcp', 'cloud', 'numpy', 'jupyter', 'pandas', 'matplotlib']"
Data Scientist,"['machine learning', 'sql', 'numpy', 'jupyter', 'scikit-learn', 'python']"
Data Scientist,"['machine learning', 'jupyter', 'scikit-learn', 'pandas', 'matplotlib', 'python']"
Data Scientist,"['machine learning', 'jupyter', 'scikit-learn', 'pandas', 'matplotlib']"
Data Scientist,"['machine learning', 'python', 'cloud', 'numpy', 'jupyter', 'pandas', 'matplotlib']"
Data Scientist,"['sas', 'jupyter', 'scikit-learn', 'pandas', 'matplotlib', 'python']"
Data Scientist,"['machine learning', 'jupyter', 'scikit-learn', 'pandas', 'matplotlib', 'numpy']"
Data Scientist,"['data visualization', 'data analysis', 'statistics', 'model evaluation', 'numpy', 'scikit-learn', 'matplotlib']"
Data Scientist,"['machine learning', 'jupyter', 'scikit-learn', 'matplotlib']"
Data Scientist,"['machine learning', 'numpy', 'scikit-learn', 'python', 'matplotlib']"
Data Scientist,"['power bi', 'azure', 'scikit-learn', 'python', 'pandas']"
Data Scientist,"['machine learning', 'jupyter', 'pandas', 'matplotlib', 'numpy', 'python']"
Data Scientist,"['machine learning', 'numpy', 'python', 'pandas', 'matplotlib']"
Data Scientist,"['sql', 'jupyter', 'scikit-learn', 'pandas', 'matplotlib']"
Data Scientist,"['machine learning', 'python', 'sql', 'numpy', 'jupyter', 'python', 'pandas']"
Data Scientist,"['python', 'tableau', 'numpy', 'python', 'pandas', 'matplotlib']"
Data Scientist,"['machine learning', 'pytorch', 'deep learning', 'tensorflow', 'python', 'jupyter', 'scikit-learn', 'pandas', 'numpy', 'python']"
Data Scientist,"['machine learning', 'numpy', 'scikit-learn', 'python']"
Data Scientist,"['data visualization', 'data analysis', 'feature engineering', 'model evaluation', 'jupyter', 'scikit-learn', 'pandas', 'matplotlib']"
Data Scientist,"['machine learning', 'sql', 'scikit-learn', 'python', 'matplotlib']"
Data Scientist,"['machine learning', 'numpy', 'scikit-learn', 'python', 'matplotlib']"
Data Scientist,"['pytorch', 'numpy', 'jupyter', 'python', 'matplotlib']"
Data Scientist,"['machine learning', 'data visualization', 'data analysis', 'feature engineering', 'statistics', 'model evaluation', 'numpy', 'jupyter', 'python', 'matplotlib']"
Data Scientist,"['machine learning', 'python', 'tableau', 'jupyter', 'scikit-learn', 'pandas', 'numpy', 'python']"
Data Scientist,"['machine learning', 'deep learning', 'gcp', 'jupyter', 'python', 'matplotlib']"
Data Scientist,"['sql', 'jupyter', 'scikit-learn', 'pandas']"
Data Scientist,"['machine learning', 'python', 'cloud', 'numpy', 'pandas', 'matplotlib']"
Data Scientist,"['python', 'tensorflow', 'numpy', 'scikit-learn', 'pandas', 'matplotlib']"
Data Scientist,"['machine learning', 'power bi', 'tableau', 'power bi', 'tableau']"
Data Scientist,"['machine learning', 'python', 'sql', 'numpy', 'jupyter', 'pandas', 'matplotlib']"
Data Scientist,"['python', 'jupyter', 'python', 'pandas']"
Data Scientist,"['machine learning', 'data visualization', 'data analysis', 'feature engineering', 'statistics', 'numpy', 'scikit-learn', 'matplotlib']"
Data Scientist,"['machine learning', 'python', 'jupyter', 'pandas', 'matplotlib', 'numpy', 'python']"
Data Scientist,"['machine learning', 'data visualization', 'data analysis', 'feature engineering', 'model evaluation', 'jupyter', 'scikit-learn', 'pandas', 'numpy', 'python']"
Data Scientist,"['python', 'cloud', 'numpy', 'scikit-learn', 'python']"
Data Scientist,"['machine learning', 'deep learning', 'numpy', 'scikit-learn', 'pandas', 'python']"
Data Scientist,"['machine learning', 'numpy', 'scikit-learn', 'python']"
Data Scientist,"['machine learning', 'sas', 'python', 'jupyter', 'scikit-learn', 'pandas', 'matplotlib']"
Data Scientist,"['machine learning', 'power bi', 'python', 'aws', 'power bi', 'git']"
Data Scientist,"['machine learning', 'python', 'sql', 'jupyter', 'scikit-learn', 'pandas', 'python']"
Data Scientist,"['machine learning', 'spark', 'pytorch', 'sas', 'python', 'numpy', 'jupyter', 'scikit-learn', 'pandas']"
Data Scientist,"['power bi', 'python', 'sql', 'numpy', 'jupyter', 'matplotlib']"
Data Scientist,"['machine learning', 'deep learning', 'python', 'jupyter', 'scikit-learn', 'pandas', 'matplotlib', 'numpy']"
Data Scientist,"['spark', 'python', 'numpy', 'pandas', 'python', 'matplotlib']"
Data Scientist,"['machine learning', 'jupyter', 'pandas', 'matplotlib', 'numpy', 'python']"
Data Scientist,"['machine learning', 'deep learning', 'numpy', 'jupyter', 'pandas', 'matplotlib']"
Data Scientist,"['machine learning', 'python', 'numpy', 'python', 'matplotlib']"
Data Scientist,"['mongodb', 'sql', 'jupyter', 'python', 'matplotlib']"
Data Scientist,"['python', 'azure', 'scikit-learn', 'pandas', 'matplotlib', 'numpy', 'python']"
Data Scientist,"['spark', 'python', 'sql', 'numpy', 'jupyter', 'python', 'matplotlib']"
Data Scientist,"['machine learning', 'numpy', 'jupyter', 'pandas']"
Data Scientist,"['java', 'jupyter', 'scikit-learn', 'pandas']"
Data Scientist,"['machine learning', 'python', 'numpy', 'jupyter', 'pandas', 'matplotlib']"
Data Scientist,"['machine learning', 'jupyter', 'python', 'pandas']"
Data Scientist,"['deep learning', 'python', 'jupyter', 'python', 'matplotlib']"
Data Scientist,"['python', 'jupyter', 'scikit-learn', 'pandas', 'matplotlib', 'python']"
Data Scientist,"['machine learning', 'jupyter', 'matplotlib', 'python', 'pandas']"
Data Scientist,"['power bi', 'tableau', 'power bi', 'tableau']"
Data Scientist,"['machine learning', 'data visualization', 'data analysis', 'feature engineering', 'statistics', 'numpy', 'python', 'matplotlib']"
Data Scientist,"['machine learning', 'deep learning', 'jupyter', 'scikit-learn', 'python']"
Data Scientist,"['python', 'sql', 'java', 'jupyter', 'python', 'pandas']"
Data Scientist,"['machine learning', 'sas', 'python', 'sql', 'jupyter', 'scikit-learn', 'matplotlib']"
Data Scientist,"['machine learning', 'data visualization', 'data analysis', 'model evaluation', 'scikit-learn', 'pandas', 'matplotlib', 'numpy', 'python']"
Data Scientist,"['machine learning', 'python', 'numpy', 'scikit-learn', 'python']"
Data Scientist,"['sql', 'numpy', 'jupyter', 'scikit-learn', 'python']"
Data Scientist,"['machine learning', 'data analysis', 'feature engineering', 'statistics', 'model evaluation', 'jupyter', 'scikit-learn', 'python', 'pandas']"
Data Scientist,"['python', 'tableau', 'jupyter', 'scikit-learn', 'matplotlib', 'numpy', 'python']"
Data Scientist,"['machine learning', 'deep learning', 'python', 'tensorflow', 'numpy', 'scikit-learn', 'pandas', 'matplotlib']"
Data Scientist,"['machine learning', 'python', 'jupyter', 'scikit-learn', 'matplotlib', 'numpy', 'python']"
Data Scientist,"['machine learning', 'jupyter', 'pandas', 'matplotlib']"
Data Scientist,"['machine learning', 'pytorch', 'cloud', 'azure', 'python', 'aws', 'jupyter', 'python', 'pandas', 'scikit-learn']"
Data Scientist,"['power bi', 'jupyter', 'scikit-learn', 'pandas', 'python']"
Data Scientist,"['machine learning', 'python', 'numpy', 'jupyter', 'scikit-learn', 'matplotlib']"
Data Scientist,"['machine learning', 'sql', 'numpy', 'python', 'pandas', 'scikit-learn']"
Data Scientist,"['machine learning', 'python', 'spark', 'sql', 'jupyter', 'scikit-learn', 'pandas', 'matplotlib', 'python']"
Data Scientist,"['machine learning', 'data visualization', 'data analysis', 'feature engineering', 'statistics', 'model evaluation', 'jupyter', 'scikit-learn', 'python', 'matplotlib']"
Data Scientist,"['machine learning', 'deep learning', 'jupyter', 'scikit-learn', 'python', 'matplotlib']"
Data Scientist,"['sas', 'jupyter', 'python', 'pandas']"
Data Scientist,"['machine learning', 'sas', 'scikit-learn', 'pandas', 'python']"
Data Scientist,"['machine learning', 'scikit-learn', 'pandas', 'matplotlib']"
Data Scientist,"['machine learning', 'jupyter', 'scikit-learn', 'pandas', 'matplotlib', 'numpy']"
Data Scientist,"['machine learning', 'python', 'gcp', 'numpy', 'pandas', 'python', 'matplotlib']"
Data Scientist,"['machine learning', 'data visualization', 'data analysis', 'feature engineering', 'model evaluation', 'jupyter', 'scikit-learn', 'pandas', 'matplotlib', 'python']"
Data Scientist,"['machine learning', 'data visualization', 'data analysis', 'feature engineering', 'statistics', 'model evaluation', 'numpy', 'jupyter', 'pandas', 'matplotlib']"
Data Scientist,"['machine learning', 'tableau', 'cloud', 'python', 'aws', 'jupyter', 'scikit-learn', 'pandas', 'numpy', 'python']"
Data Scientist,"['machine learning', 'tableau', 'cloud', 'python', 'aws', 'jupyter', 'scikit-learn', 'python']"
Data Scientist,"['machine learning', 'cloud', 'numpy', 'jupyter', 'pandas', 'matplotlib']"
Data Scientist,"['data analysis', 'feature engineering', 'statistics', 'model evaluation', 'jupyter', 'scikit-learn', 'pandas']"
Data Scientist,"['sas', 'python', 'sql', 'numpy', 'jupyter', 'pandas']"
Data Scientist,"['machine learning', 'pandas', 'scikit-learn', 'python', 'matplotlib']"
Data Scientist,"['machine learning', 'numpy', 'jupyter', 'scikit-learn', 'pandas']"
Data Scientist,"['python', 'tensorflow', 'jupyter', 'scikit-learn', 'pandas', 'numpy', 'python']"
Data Scientist,"['power bi', 'python', 'tableau', 'power bi', 'tableau']"
Data Scientist,"['machine learning', 'data visualization', 'data analysis', 'statistics', 'numpy', 'jupyter', 'python', 'pandas']"
Data Scientist,"['machine learning', 'data visualization', 'data analysis', 'feature engineering', 'statistics', 'model evaluation', 'python', 'pandas', 'matplotlib']"
Data Scientist,"['machine learning', 'jupyter', 'python', 'pandas']"
Data Scientist,"['machine learning', 'python', 'aws', 'cloud', 'scikit-learn', 'pandas', 'python']"
Data Scientist,"['machine learning', 'numpy', 'pandas', 'python', 'matplotlib']"
Data Scientist,"['machine learning', 'python', 'tableau', 'numpy', 'scikit-learn', 'pandas', 'matplotlib']"
Data Scientist,"['spark', 'python', 'jupyter', 'scikit-learn', 'pandas', 'numpy', 'python']"
Data Scientist,"['machine learning', 'python', 'jupyter', 'scikit-learn', 'pandas', 'matplotlib', 'numpy']"
Data Scientist,"['machine learning', 'pytorch', 'spark', 'jupyter', 'scikit-learn', 'pandas', 'matplotlib', 'python']"
Data Scientist,"['machine learning', 'data visualization', 'data analysis', 'feature engineering', 'statistics', 'model evaluation', 'scikit-learn', 'pandas', 'matplotlib', 'numpy', 'python']"
Data Scientist,"['python', 'sql', 'numpy', 'scikit-learn', 'python', 'matplotlib']"
Data Scientist,"['python', 'jupyter', 'scikit-learn', 'pandas', 'matplotlib', 'python']"
Data Scientist,"['sas', 'sql', 'jupyter', 'scikit-learn', 'pandas', 'matplotlib', 'python']"
Data Scientist,"['python', 'sql', 'numpy', 'jupyter', 'matplotlib']"
Data Scientist,"['machine learning', 'sql', 'numpy', 'python', 'matplotlib']"
Data Scientist,"['machine learning', 'python', 'aws', 'cloud', 'scikit-learn', 'pandas', 'matplotlib', 'numpy', 'python']"
Data Scientist,"['machine learning', 'python', 'java', 'numpy', 'jupyter', 'scikit-learn', 'python']"
Data Scientist,"['machine learning', 'jupyter', 'scikit-learn', 'python']"
Data Scientist,"['machine learning', 'python', 'jupyter', 'scikit-learn', 'pandas', 'matplotlib', 'python']"
Data Scientist,"['machine learning', 'gcp', 'jupyter', 'scikit-learn', 'pandas', 'matplotlib', 'python']"
Data Scientist,"['machine learning', 'deep learning', 'python', 'java', 'jupyter', 'pandas', 'matplotlib']"
Data Scientist,"['machine learning', 'scikit-learn', 'python', 'matplotlib']"
Data Scientist,"['machine learning', 'deep learning', 'pytorch', 'python', 'numpy', 'scikit-learn', 'python']"
Data Scientist,"['machine learning', 'python', 'numpy', 'jupyter', 'pandas']"
Data Scientist,"['machine learning', 'python', 'java', 'jupyter', 'scikit-learn', 'pandas', 'numpy', 'python']"
Data Scientist,"['machine learning', 'sas', 'jupyter', 'scikit-learn', 'pandas', 'numpy', 'python']"
Data Scientist,"['machine learning', 'jupyter', 'scikit-learn', 'matplotlib', 'numpy', 'python']"
Data Scientist,"['machine learning', 'python', 'cloud', 'java', 'scikit-learn', 'pandas', 'matplotlib', 'numpy', 'python']"
Data Scientist,"['machine learning', 'python', 'sql', 'numpy', 'jupyter', 'pandas']"
Data Scientist,"['machine learning', 'data visualization', 'data analysis', 'feature engineering', 'statistics', 'model evaluation', 'numpy', 'jupyter', 'python', 'pandas']"
Data Scientist,"['machine learning', 'jupyter', 'scikit-learn', 'python', 'matplotlib']"
Data Scientist,"['machine learning', 'data visualization', 'feature engineering', 'statistics', 'jupyter', 'matplotlib', 'python', 'pandas']"
Data Scientist,"['machine learning', 'numpy', 'scikit-learn', 'matplotlib']"
Data Scientist,"['sas', 'numpy', 'pandas', 'matplotlib']"
Data Scientist,"['machine learning', 'jupyter', 'scikit-learn', 'pandas', 'matplotlib', 'python']"
Data Scientist,"['machine learning', 'python', 'cloud', 'tableau', 'numpy', 'scikit-learn', 'pandas', 'matplotlib']"
Data Scientist,"['deep learning', 'numpy', 'jupyter', 'scikit-learn']"
Data Scientist,"['sql', 'javascript', 'java', 'numpy', 'pandas', 'matplotlib']"
Data Scientist,"['python', 'sql', 'numpy', 'scikit-learn', 'matplotlib']"
Data Scientist,"['machine learning', 'numpy', 'jupyter', 'scikit-learn', 'python']"
Data Scientist,"['machine learning', 'python', 'numpy', 'jupyter', 'scikit-learn', 'matplotlib']"
Data Scientist,"['machine learning', 'jupyter', 'scikit-learn', 'pandas', 'numpy', 'python']"
Data Scientist,"['machine learning', 'jupyter', 'scikit-learn', 'pandas', 'numpy', 'python']"
Data Scientist,"['machine learning', 'jupyter', 'scikit-learn', 'matplotlib', 'numpy', 'python']"
Data Scientist,"['machine learning', 'numpy', 'scikit-learn', 'pandas', 'python']"
Data Scientist,"['machine learning', 'spark', 'aws', 'jupyter', 'scikit-learn', 'pandas']"
Data Scientist,"['machine learning', 'data analysis', 'feature engineering', 'model evaluation', 'jupyter', 'scikit-learn', 'pandas', 'matplotlib', 'python']"
Data Scientist,"['sas', 'scikit-learn', 'pandas', 'matplotlib', 'numpy', 'python']"
Data Scientist,"['machine learning', 'python', 'cloud', 'java', 'numpy', 'scikit-learn', 'python', 'pandas']"
Data Scientist,"['deep learning', 'pytorch', 'kubernetes', 'docker', 'scikit-learn', 'pandas', 'matplotlib', 'python']"
Data Scientist,"['machine learning', 'deep learning', 'numpy', 'jupyter', 'scikit-learn', 'matplotlib']"
Data Scientist,"['deep learning', 'pytorch', 'kubernetes', 'docker', 'numpy', 'scikit-learn', 'pandas', 'matplotlib']"
Data Scientist,"['machine learning', 'data visualization', 'data analysis', 'feature engineering', 'model evaluation', 'jupyter', 'matplotlib', 'python', 'pandas']"
Data Scientist,"['data visualization', 'data analysis', 'feature engineering', 'statistics', 'model evaluation', 'numpy', 'jupyter', 'pandas']"
Data Scientist,"['machine learning', 'data visualization', 'data analysis', 'feature engineering', 'statistics', 'model evaluation', 'jupyter', 'scikit-learn', 'pandas', 'numpy', 'python']"
Data Scientist,"['sas', 'jupyter', 'scikit-learn', 'pandas', 'matplotlib']"
Data Scientist,"['machine learning', 'data visualization', 'statistics', 'model evaluation', 'numpy', 'jupyter', 'python', 'pandas']"
Data Scientist,"['machine learning', 'scikit-learn', 'python', 'pandas']"
Data Scientist,"['data visualization', 'data analysis', 'statistics', 'model evaluation', 'numpy', 'python', 'pandas', 'matplotlib']"
Data Scientist,"['machine learning', 'python', 'cloud', 'jupyter', 'scikit-learn', 'pandas', 'matplotlib', 'numpy']"
Data Scientist,"['machine learning', 'jupyter', 'python', 'pandas', 'matplotlib']"
Data Scientist,"['machine learning', 'cloud', 'java', 'tensorflow', 'python', 'aws', 'numpy', 'scikit-learn', 'pandas']"
Data Scientist,"['machine learning', 'nosql', 'sql', 'numpy', 'jupyter', 'scikit-learn', 'matplotlib']"
Data Scientist,"['python', 'cloud', 'numpy', 'scikit-learn', 'python']"
Data Scientist,"['python', 'sql', 'jupyter', 'pandas', 'matplotlib']"
Data Scientist,"['machine learning', 'data visualization', 'data analysis', 'statistics', 'model evaluation', 'jupyter', 'pandas', 'matplotlib']"
Data Scientist,"['power bi', 'python', 'sql', 'tableau', 'power bi', 'tableau']"
Data Scientist,"['machine learning', 'data visualization', 'data analysis', 'feature engineering', 'statistics', 'numpy', 'scikit-learn', 'pandas']"
Data Scientist,"['sql', 'numpy', 'jupyter', 'pandas', 'matplotlib']"
Data Scientist,"['machine learning', 'python', 'jupyter', 'scikit-learn', 'pandas', 'numpy', 'python']"
Data Scientist,"['machine learning', 'hadoop', 'python', 'spark', 'jupyter', 'scikit-learn', 'python']"
Data Scientist,"['machine learning', 'numpy', 'jupyter', 'python', 'matplotlib']"
Data Scientist,"['machine learning', 'mongodb', 'javascript', 'java', 'numpy', 'matplotlib', 'python', 'pandas']"
Data Scientist,"['machine learning', 'jupyter', 'scikit-learn', 'pandas', 'matplotlib', 'python']"
Data Scientist,"['machine learning', 'data visualization', 'data analysis', 'feature engineering', 'statistics', 'model evaluation', 'numpy', 'scikit-learn', 'python', 'matplotlib']"
Data Scientist,"['sas', 'python', 'tableau', 'numpy', 'jupyter', 'scikit-learn', 'python']"
Data Scientist,"['sas', 'tableau', 'jupyter', 'scikit-learn', 'matplotlib']"
Data Scientist,"['machine learning', 'power bi', 'python', 'tableau', 'power bi', 'tableau']"
Data Scientist,"['machine learning', 'deep learning', 'jupyter', 'pandas', 'matplotlib', 'numpy', 'python']"
Data Scientist,"['machine learning', 'python', 'aws', 'cloud', 'jupyter', 'scikit-learn', 'matplotlib']"
Data Scientist,"['data visualization', 'data analysis', 'feature engineering', 'statistics', 'model evaluation', 'numpy', 'jupyter', 'scikit-learn', 'python']"
Data Scientist,"['python', 'java', 'jupyter', 'scikit-learn', 'pandas', 'matplotlib', 'numpy']"
Data Scientist,"['machine learning', 'sas', 'gcp', 'numpy', 'jupyter', 'pandas']"
Data Scientist,"['machine learning', 'numpy', 'scikit-learn', 'python', 'pandas']"
Data Scientist,"['machine learning', 'python', 'aws', 'numpy', 'jupyter', 'python', 'pandas']"
Data Scientist,"['machine learning', 'jupyter', 'scikit-learn', 'matplotlib', 'numpy', 'python']"
Data Scientist,"['machine learning', 'python', 'aws', 'cloud', 'jupyter', 'python', 'pandas']"
Data Scientist,"['machine learning', 'data visualization', 'data analysis', 'feature engineering', 'statistics', 'model evaluation', 'jupyter', 'scikit-learn', 'pandas', 'numpy', 'python']"
Data Scientist,"['machine learning', 'sql', 'numpy', 'matplotlib', 'python', 'pandas']"
Data Scientist,"['aws', 'jupyter', 'scikit-learn', 'matplotlib', 'numpy', 'python']"
Data Scientist,"['machine learning', 'pytorch', 'python', 'tensorflow', 'numpy', 'scikit-learn', 'pandas', 'matplotlib']"
Data Scientist,"['machine learning', 'data visualization', 'data analysis', 'statistics', 'numpy', 'jupyter', 'pandas']"
Data Scientist,"['machine learning', 'deep learning', 'numpy', 'jupyter', 'pandas', 'matplotlib']"
Data Scientist,"['power bi', 'python', 'tableau', 'power bi', 'git', 'tableau']"
Data Scientist,"['sas', 'python', 'sql', 'numpy', 'jupyter', 'scikit-learn']"
Data Scientist,"['machine learning', 'data visualization', 'data analysis', 'feature engineering', 'jupyter', 'scikit-learn', 'pandas', 'matplotlib', 'python']"
Data Scientist,"['mongodb', 'python', 'sql', 'matplotlib', 'scikit-learn', 'python', 'pandas']"
Data Scientist,"['machine learning', 'pytorch', 'python', 'numpy', 'jupyter', 'pandas', 'matplotlib']"
Data Scientist,"['machine learning', 'python', 'numpy', 'jupyter', 'scikit-learn', 'python']"
Data Scientist,"['machine learning', 'numpy', 'python', 'pandas']"
Data Scientist,"['machine learning', 'python', 'tableau', 'numpy', 'jupyter', 'scikit-learn']"
Data Scientist,"['machine learning', 'sql', 'jupyter', 'scikit-learn', 'pandas', 'matplotlib', 'numpy']"
Data Scientist,"['machine learning', 'excel', 'python', 'azure', 'numpy', 'jupyter', 'python', 'pandas']"
Data Scientist,"['machine learning', 'hadoop', 'sql', 'spark', 'numpy', 'jupyter', 'scikit-learn', 'pandas']"
Data Scientist,"['machine learning', 'jupyter', 'scikit-learn', 'pandas', 'matplotlib', 'numpy']"
Data Scientist,"['python', 'sql', 'numpy', 'jupyter', 'scikit-learn', 'python']"
Data Scientist,"['machine learning', 'sql', 'gcp', 'python', 'aws', 'numpy', 'jupyter', 'scikit-learn', 'python']"
Data Scientist,"['javascript', 'java', 'jupyter', 'scikit-learn', 'pandas', 'matplotlib', 'numpy']"
Data Scientist,"['machine learning', 'python', 'jupyter', 'scikit-learn', 'python', 'matplotlib']"
Data Scientist,"['machine learning', 'cloud', 'azure', 'python', 'aws', 'jupyter', 'scikit-learn', 'pandas', 'matplotlib', 'numpy']"
Data Scientist,"['machine learning', 'numpy', 'scikit-learn', 'python', 'matplotlib']"
Data Scientist,"['machine learning', 'nosql', 'mongodb', 'sql', 'numpy', 'jupyter', 'scikit-learn', 'pandas']"
Data Scientist,"['machine learning', 'python', 'scikit-learn', 'python', 'pandas']"
Data Scientist,"['machine learning', 'numpy', 'jupyter', 'python']"
Data Scientist,"['machine learning', 'data visualization', 'feature engineering', 'model evaluation', 'numpy', 'jupyter', 'scikit-learn']"
Data Scientist,"['machine learning', 'numpy', 'scikit-learn', 'python', 'matplotlib']"
Data Scientist,"['machine learning', 'gcp', 'cloud', 'jupyter', 'scikit-learn', 'pandas', 'matplotlib', 'numpy']"
Data Scientist,"['machine learning', 'cloud', 'numpy', 'scikit-learn', 'pandas', 'python']"
Data Scientist,"['machine learning', 'gcp', 'numpy', 'pandas', 'python', 'matplotlib']"
Data Scientist,"['sas', 'python', 'cloud', 'tableau', 'scikit-learn', 'pandas', 'matplotlib', 'numpy', 'python']"
Data Scientist,"['machine learning', 'python', 'numpy', 'scikit-learn', 'pandas', 'python']"
Data Scientist,"['machine learning', 'python', 'jupyter', 'python', 'pandas']"
Data Scientist,"['machine learning', 'jupyter', 'scikit-learn', 'pandas', 'matplotlib', 'python']"
Data Scientist,"['spark', 'pytorch', 'hadoop', 'nosql', 'sql', 'jupyter', 'scikit-learn', 'python']"
Data Scientist,"['aws', 'tensorflow', 'cloud', 'azure', 'numpy', 'jupyter', 'scikit-learn', 'python']"
Data Scientist,"['excel', 'sas', 'python', 'sql', 'jupyter', 'scikit-learn', 'pandas', 'matplotlib', 'python']"
Data Scientist,"['machine learning', 'numpy', 'scikit-learn', 'pandas']"
Data Scientist,"['machine learning', 'python', 'sql', 'numpy', 'jupyter', 'python']"
Data Scientist,"['machine learning', 'spark', 'python', 'tensorflow', 'jupyter', 'scikit-learn', 'matplotlib']"
Data Scientist,"['data visualization', 'feature engineering', 'statistics', 'model evaluation', 'jupyter', 'scikit-learn', 'python']"
Data Scientist,"['machine learning', 'hadoop', 'sql', 'spark', 'jupyter', 'scikit-learn', 'pandas', 'numpy', 'python']"
Data Scientist,"['machine learning', 'python', 'scikit-learn', 'python', 'matplotlib']"
Data Scientist,"['machine learning', 'python', 'java', 'scikit-learn', 'pandas', 'matplotlib', 'numpy', 'python']"
Data Scientist,"['machine learning', 'jupyter', 'pandas', 'matplotlib', 'numpy', 'python']"
Data Scientist,"['machine learning', 'deep learning', 'jupyter', 'scikit-learn', 'matplotlib', 'numpy', 'python']"
Data Scientist,"['machine learning', 'jupyter', 'scikit-learn', 'pandas', 'matplotlib']"
Data Scientist,"['machine learning', 'deep learning', 'numpy', 'python', 'pandas']"
Data Scientist,"['machine learning', 'javascript', 'java', 'jupyter', 'scikit-learn', 'pandas', 'numpy', 'python']"
Data Scientist,"['machine learning', 'scikit-learn', 'pandas', 'matplotlib']"
Data Scientist,"['machine learning', 'python', 'sql', 'tableau', 'numpy', 'pandas', 'python', 'matplotlib']"
Data Scientist,"['python', 'sql', 'azure', 'jupyter', 'scikit-learn', 'pandas', 'matplotlib', 'numpy']"
Data Scientist,"['machine learning', 'python', 'sql', 'jupyter', 'scikit-learn', 'pandas', 'matplotlib', 'numpy']"
Data Scientist,"['python', 'sql', 'jupyter', 'scikit-learn', 'matplotlib', 'numpy', 'python']"
Data Scientist,"['machine learning', 'tableau', 'scikit-learn', 'pandas', 'matplotlib', 'numpy', 'python']"
Data Scientist,"['machine learning', 'python', 'aws', 'jupyter', 'scikit-learn', 'pandas', 'matplotlib', 'numpy']"
Data Scientist,"['machine learning', 'python', 'numpy', 'scikit-learn', 'python', 'matplotlib']"
Data Scientist,"['deep learning', 'jupyter', 'scikit-learn', 'pandas', 'matplotlib', 'numpy']"
Data Scientist,"['spark', 'hadoop', 'numpy', 'python', 'pandas', 'scikit-learn']"
Data Scientist,"['python', 'jupyter', 'pandas', 'matplotlib', 'numpy', 'python']"
Data Scientist,"['sql', 'jupyter', 'scikit-learn', 'pandas', 'matplotlib', 'python']"
Data Scientist,"['nosql', 'python', 'sql', 'numpy', 'scikit-learn', 'pandas', 'matplotlib']"
Data Scientist,"['spark', 'deep learning', 'python', 'aws', 'numpy', 'scikit-learn', 'pandas', 'matplotlib']"
Data Scientist,"['machine learning', 'data analysis', 'feature engineering', 'statistics', 'model evaluation', 'numpy', 'python', 'pandas', 'matplotlib']"
Data Scientist,"['sas', 'python', 'java', 'numpy', 'jupyter', 'python']"
Data Scientist,"['machine learning', 'scikit-learn', 'pandas', 'matplotlib', 'numpy', 'python']"
Data Scientist,"['hadoop', 'jupyter', 'scikit-learn', 'pandas', 'matplotlib', 'python']"
Data Scientist,"['machine learning', 'sql', 'numpy', 'scikit-learn', 'python', 'matplotlib']"
Data Scientist,"['machine learning', 'numpy', 'jupyter', 'python']"
Data Scientist,"['pytorch', 'jupyter', 'scikit-learn', 'pandas']"
Data Scientist,"['python', 'sql', 'numpy', 'jupyter', 'pandas']"
Data Scientist,"['spark', 'hadoop', 'scikit-learn', 'pandas', 'matplotlib']"
Data Scientist,"['machine learning', 'numpy', 'jupyter', 'matplotlib']"
Data Scientist,"['machine learning', 'python', 'sql', 'python', 'pandas', 'matplotlib']"
Data Scientist,"['machine learning', 'python', 'numpy', 'jupyter', 'python']"
Data Scientist,"['machine learning', 'python', 'scikit-learn', 'pandas', 'matplotlib']"
Data Scientist,"['python', 'sql', 'jupyter', 'python', 'matplotlib', 'pandas']"
Data Scientist,"['python', 'sql', 'jupyter', 'scikit-learn', 'pandas', 'matplotlib', 'python']"
Data Scientist,"['python', 'sql', 'scikit-learn', 'pandas', 'python']"
Data Scientist,"['python', 'sql', 'jupyter', 'scikit-learn', 'pandas', 'matplotlib', 'python']"
Data Scientist,"['machine learning', 'jupyter', 'scikit-learn', 'matplotlib', 'numpy', 'python']"
Data Scientist,"['machine learning', 'jupyter', 'scikit-learn', 'pandas', 'matplotlib', 'python']"
Data Scientist,"['python', 'sql', 'azure', 'numpy', 'jupyter', 'scikit-learn', 'matplotlib']"
Data Scientist,"['machine learning', 'python', 'numpy', 'jupyter', 'scikit-learn']"
Data Scientist,"['machine learning', 'sas', 'jupyter', 'scikit-learn', 'matplotlib', 'numpy', 'python']"
Data Scientist,"['machine learning', 'python', 'numpy', 'jupyter', 'scikit-learn', 'matplotlib']"
Data Scientist,"['machine learning', 'matplotlib', 'scikit-learn', 'python', 'pandas']"
Data Scientist,"['data visualization', 'data analysis', 'feature engineering', 'statistics', 'model evaluation', 'numpy', 'scikit-learn', 'python']"
Data Scientist,"['machine learning', 'numpy', 'jupyter', 'python', 'pandas']"
Data Scientist,"['sas', 'numpy', 'pandas', 'matplotlib']"
Data Scientist,"['machine learning', 'data visualization', 'data analysis', 'feature engineering', 'statistics', 'model evaluation', 'scikit-learn', 'pandas', 'matplotlib', 'numpy', 'python']"
Data Scientist,"['machine learning', 'python', 'java', 'jupyter', 'scikit-learn', 'pandas', 'matplotlib']"
Data Scientist,"['machine learning', 'data visualization', 'data analysis', 'feature engineering', 'statistics', 'model evaluation', 'numpy', 'jupyter', 'scikit-learn', 'python']"
Data Scientist,"['machine learning', 'numpy', 'jupyter', 'pandas', 'matplotlib']"
Data Scientist,"['machine learning', 'power bi', 'azure', 'jupyter', 'scikit-learn', 'pandas', 'matplotlib']"
Data Scientist,"['machine learning', 'scikit-learn', 'python', 'matplotlib']"
Data Scientist,"['machine learning', 'jupyter', 'scikit-learn', 'pandas', 'matplotlib']"
Data Scientist,"['machine learning', 'jupyter', 'pandas', 'matplotlib']"
Data Scientist,"['sas', 'jupyter', 'pandas', 'matplotlib', 'numpy', 'python']"
Data Scientist,"['hadoop', 'numpy', 'jupyter', 'scikit-learn', 'matplotlib']"
Data Scientist,"['machine learning', 'jupyter', 'scikit-learn', 'pandas', 'matplotlib', 'numpy']"
Data Scientist,"['machine learning', 'hadoop', 'jupyter', 'pandas', 'python', 'matplotlib']"
Data Scientist,"['nosql', 'sql', 'jupyter', 'scikit-learn', 'python', 'matplotlib']"
Data Scientist,"['machine learning', 'jupyter', 'scikit-learn', 'pandas', 'matplotlib', 'numpy']"
Data Scientist,"['machine learning', 'numpy', 'python', 'matplotlib']"
Data Scientist,"['hadoop', 'sql', 'numpy', 'jupyter', 'scikit-learn', 'pandas']"
Data Scientist,"['machine learning', 'scikit-learn', 'pandas', 'python']"
Data Scientist,"['deep learning', 'java', 'scikit-learn', 'pandas', 'matplotlib', 'python']"
Data Scientist,"['machine learning', 'python', 'cloud', 'java', 'jupyter', 'pandas', 'matplotlib', 'numpy', 'python']"
Data Scientist,"['python', 'tensorflow', 'java', 'numpy', 'jupyter', 'scikit-learn', 'pandas']"
Data Scientist,"['tableau', 'excel', 'sql', 'power bi', 'python', 'excel', 'power bi', 'tableau']"
Data Scientist,"['machine learning', 'sql', 'jupyter', 'scikit-learn', 'pandas', 'numpy', 'python']"
Data Scientist,"['machine learning', 'jupyter', 'scikit-learn', 'pandas', 'matplotlib']"
Data Scientist,"['sas', 'numpy', 'scikit-learn', 'pandas', 'matplotlib']"
Data Scientist,"['machine learning', 'excel', 'numpy', 'jupyter', 'matplotlib']"
Data Scientist,"['machine learning', 'jupyter', 'scikit-learn', 'pandas', 'matplotlib', 'python']"
Data Scientist,"['machine learning', 'power bi', 'numpy', 'scikit-learn', 'python', 'matplotlib']"
Data Scientist,"['machine learning', 'sas', 'numpy', 'jupyter', 'python']"
Data Scientist,"['power bi', 'python', 'tableau', 'power bi', 'tableau']"
Data Scientist,"['deep learning', 'scikit-learn', 'pandas', 'matplotlib', 'numpy', 'python']"
Data Scientist,"['machine learning', 'python', 'numpy', 'jupyter', 'python', 'matplotlib']"
Data Scientist,"['data visualization', 'data analysis', 'statistics', 'model evaluation', 'jupyter', 'scikit-learn', 'python']"
Data Scientist,"['machine learning', 'data visualization', 'data analysis', 'feature engineering', 'statistics', 'model evaluation', 'numpy', 'scikit-learn', 'pandas', 'python']"
Data Scientist,"['machine learning', 'sas', 'numpy', 'jupyter', 'matplotlib']"
Data Scientist,"['sas', 'jupyter', 'scikit-learn', 'python', 'pandas']"
Data Scientist,"['machine learning', 'deep learning', 'spark', 'jupyter', 'scikit-learn', 'matplotlib', 'numpy', 'python']"
Data Scientist,"['sas', 'python', 'sql', 'numpy', 'scikit-learn', 'pandas']"
Data Scientist,"['machine learning', 'data visualization', 'data analysis', 'feature engineering', 'model evaluation', 'scikit-learn', 'pandas', 'matplotlib', 'numpy', 'python']"
Data Scientist,"['machine learning', 'deep learning', 'numpy', 'pandas', 'matplotlib']"
Data Scientist,"['data visualization', 'feature engineering', 'statistics', 'model evaluation', 'jupyter', 'pandas', 'matplotlib', 'numpy', 'python']"
Data Scientist,"['machine learning', 'spark', 'hadoop', 'nosql', 'java', 'sql', 'python', 'jupyter', 'pandas', 'matplotlib', 'numpy', 'python']"
Data Scientist,"['machine learning', 'numpy', 'python', 'pandas', 'matplotlib']"
Data Scientist,"['data visualization', 'feature engineering', 'statistics', 'model evaluation', 'scikit-learn', 'pandas', 'matplotlib', 'python']"
Data Scientist,"['machine learning', 'python', 'cloud', 'scikit-learn', 'pandas', 'matplotlib', 'python']"
Data Scientist,"['sas', 'jupyter', 'scikit-learn', 'python', 'matplotlib']"
Data Scientist,"['machine learning', 'nosql', 'sql', 'jupyter', 'scikit-learn', 'matplotlib', 'numpy', 'python']"
Data Scientist,"['sql', 'javascript', 'java', 'numpy', 'jupyter', 'scikit-learn']"
Data Scientist,"['machine learning', 'scikit-learn', 'pandas', 'matplotlib', 'numpy', 'python']"
Data Scientist,"['spark', 'hadoop', 'sql', 'jupyter', 'scikit-learn', 'matplotlib', 'numpy', 'python']"
Data Scientist,"['machine learning', 'data visualization', 'data analysis', 'feature engineering', 'statistics', 'numpy', 'jupyter', 'matplotlib']"
Data Scientist,"['machine learning', 'nosql', 'python', 'sql', 'numpy', 'scikit-learn', 'pandas']"
Data Scientist,"['sas', 'jupyter', 'scikit-learn', 'pandas', 'matplotlib', 'python']"
Data Scientist,"['machine learning', 'spark', 'pytorch', 'sql', 'tensorflow', 'jupyter', 'scikit-learn', 'matplotlib', 'numpy', 'python']"
Data Scientist,"['machine learning', 'jupyter', 'python', 'pandas']"
Data Scientist,"['machine learning', 'python', 'tensorflow', 'aws', 'scikit-learn', 'pandas', 'matplotlib', 'numpy', 'python']"
Data Scientist,"['machine learning', 'python', 'aws', 'cloud', 'jupyter', 'scikit-learn', 'pandas', 'matplotlib', 'numpy']"
Data Scientist,"['machine learning', 'pytorch', 'tensorflow', 'azure', 'python', 'jupyter', 'scikit-learn', 'pandas']"
Data Scientist,"['spark', 'scikit-learn', 'pandas', 'matplotlib', 'numpy', 'python']"
Data Scientist,"['spark', 'pytorch', 'sql', 'tensorflow', 'numpy', 'scikit-learn', 'pandas']"
Data Scientist,"['machine learning', 'data visualization', 'data analysis', 'feature engineering', 'model evaluation', 'numpy', 'python', 'matplotlib']"
Data Analyst,"['business analysis', 'sql', 'data cleaning', 'data analysis', 'dashboarding', 'tableau', 'excel', 'sql', 'power bi', 'python']"
Data Scientist,"['machine learning', 'deep learning', 'jupyter', 'python', 'pandas', 'scikit-learn']"
Data Scientist,"['python', 'java', 'jupyter', 'scikit-learn', 'matplotlib']"
Data Scientist,"['machine learning', 'spark', 'deep learning', 'python', 'aws', 'jupyter', 'scikit-learn', 'pandas', 'numpy', 'python']"
Data Scientist,"['machine learning', 'data visualization', 'data analysis', 'feature engineering', 'model evaluation', 'jupyter', 'scikit-learn', 'pandas', 'matplotlib', 'python']"
Data Scientist,"['machine learning', 'jupyter', 'pandas', 'matplotlib']"
Data Scientist,"['machine learning', 'data analysis', 'statistics', 'model evaluation', 'numpy', 'jupyter', 'scikit-learn', 'python']"
Data Scientist,"['python', 'javascript', 'cloud', 'java', 'numpy', 'pandas', 'matplotlib']"
Data Scientist,"['sas', 'cloud', 'numpy', 'scikit-learn', 'python', 'matplotlib']"
Data Scientist,"['machine learning', 'data analysis', 'feature engineering', 'statistics', 'model evaluation', 'jupyter', 'scikit-learn', 'pandas', 'numpy', 'python']"
Data Scientist,"['power bi', 'sas', 'python', 'tableau', 'power bi', 'tableau']"
Data Scientist,"['sas', 'pandas', 'python', 'matplotlib']"
Data Scientist,"['node', 'python', 'java', 'numpy', 'scikit-learn', 'python']"
Data Scientist,"['aws', 'scikit-learn', 'pandas', 'matplotlib', 'numpy', 'python']"
Data Scientist,"['node', 'python', 'aws', 'java', 'numpy', 'jupyter', 'scikit-learn', 'pandas']"
Data Scientist,"['deep learning', 'pytorch', 'numpy', 'jupyter', 'python', 'pandas']"
Data Scientist,"['node', 'python', 'aws', 'numpy', 'scikit-learn', 'matplotlib']"
Data Scientist,"['node', 'python', 'aws', 'scikit-learn', 'pandas', 'matplotlib', 'numpy', 'python']"
Data Scientist,"['machine learning', 'numpy', 'scikit-learn', 'python']"
Data Scientist,"['python', 'aws', 'azure', 'jupyter', 'scikit-learn', 'pandas', 'matplotlib', 'python']"
Data Scientist,"['machine learning', 'python', 'numpy', 'jupyter', 'pandas']"
Data Scientist,"['python', 'sql', 'java', 'numpy', 'jupyter', 'scikit-learn', 'matplotlib']"
Data Scientist,"['machine learning', 'data analysis', 'feature engineering', 'model evaluation', 'python', 'pandas', 'matplotlib']"
Data Scientist,"['machine learning', 'data visualization', 'data analysis', 'model evaluation', 'jupyter', 'scikit-learn', 'matplotlib', 'numpy', 'python']"
Data Scientist,"['machine learning', 'data visualization', 'data analysis', 'feature engineering', 'statistics', 'model evaluation', 'jupyter', 'pandas', 'matplotlib', 'numpy', 'python']"
Data Scientist,"['machine learning', 'python', 'jupyter', 'scikit-learn', 'pandas', 'matplotlib', 'python']"
Data Scientist,"['machine learning', 'tableau', 'cloud', 'deep learning', 'azure', 'python', 'aws', 'numpy', 'jupyter', 'scikit-learn', 'pandas']"
Data Scientist,"['python', 'java', 'numpy', 'python', 'pandas', 'matplotlib']"
Data Scientist,"['pytorch', 'python', 'cloud', 'java', 'numpy', 'jupyter', 'matplotlib']"
Data Scientist,"['machine learning', 'sql', 'jupyter', 'python', 'matplotlib']"
Data Scientist,"['machine learning', 'sql', 'jupyter', 'scikit-learn', 'pandas']"
Data Scientist,"['machine learning', 'scikit-learn', 'pandas', 'matplotlib', 'python']"
Data Scientist,"['javascript', 'java', 'jupyter', 'scikit-learn', 'pandas', 'matplotlib', 'python']"
Data Scientist,"['python', 'sql', 'numpy', 'pandas', 'matplotlib']"
Data Scientist,"['machine learning', 'deep learning', 'python', 'tensorflow', 'jupyter', 'matplotlib', 'python', 'pandas']"
Data Scientist,"['spark', 'numpy', 'jupyter', 'python', 'pandas']"
Data Scientist,"['spark', 'python', 'jupyter', 'scikit-learn', 'matplotlib', 'numpy', 'python']"
Data Scientist,"['machine learning', 'python', 'jupyter', 'scikit-learn', 'pandas', 'matplotlib', 'numpy']"
Data Scientist,"['machine learning', 'python', 'azure', 'jupyter', 'scikit-learn', 'python', 'matplotlib']"
Data Scientist,"['sas', 'python', 'azure', 'numpy', 'jupyter', 'matplotlib']"
Data Scientist,"['machine learning', 'python', 'azure', 'numpy', 'scikit-learn', 'python']"
Data Scientist,"['spark', 'cloud', 'gcp', 'azure', 'python', 'aws', 'jupyter', 'scikit-learn', 'pandas', 'matplotlib', 'numpy']"
Data Scientist,"['machine learning', 'python', 'jupyter', 'python', 'pandas', 'scikit-learn']"
Data Scientist,"['spark', 'cloud', 'gcp', 'azure', 'python', 'aws', 'jupyter', 'pandas', 'matplotlib', 'numpy', 'python']"
Data Scientist,"['hadoop', 'python', 'sql', 'java', 'jupyter', 'scikit-learn', 'matplotlib', 'numpy', 'python']"
Data Scientist,"['machine learning', 'python', 'azure', 'numpy', 'jupyter', 'scikit-learn', 'matplotlib']"
Data Scientist,"['machine learning', 'scikit-learn', 'pandas', 'matplotlib', 'numpy', 'python']"
Data Scientist,"['machine learning', 'data analysis', 'feature engineering', 'statistics', 'numpy', 'jupyter', 'scikit-learn', 'pandas']"
Data Scientist,"['spark', 'python', 'tableau', 'jenkins', 'tableau']"
Data Scientist,"['machine learning', 'sas', 'python', 'sql', 'numpy', 'jupyter', 'scikit-learn', 'python']"
Data Scientist,"['sas', 'java', 'jupyter', 'scikit-learn', 'matplotlib', 'numpy', 'python']"
Data Scientist,"['machine learning', 'python', 'java', 'jupyter', 'scikit-learn', 'matplotlib', 'numpy', 'python']"
Data Scientist,"['machine learning', 'deep learning', 'jupyter', 'scikit-learn', 'pandas', 'matplotlib']"
Data Scientist,"['sas', 'python', 'scikit-learn', 'pandas', 'matplotlib', 'numpy', 'python']"
Data Scientist,"['machine learning', 'deep learning', 'python', 'jupyter', 'python', 'matplotlib', 'pandas']"
Data Scientist,"['pytorch', 'python', 'jupyter', 'scikit-learn', 'matplotlib', 'numpy', 'python']"
Data Scientist,"['machine learning', 'python', 'azure', 'numpy', 'python', 'matplotlib']"
Data Scientist,"['nosql', 'sql', 'tensorflow', 'cloud', 'pandas', 'scikit-learn', 'python', 'matplotlib']"
Data Scientist,"['nosql', 'mongodb', 'python', 'sql', 'numpy', 'jupyter', 'python', 'matplotlib']"
Data Scientist,"['machine learning', 'hadoop', 'spark', 'tensorflow', 'numpy', 'scikit-learn', 'python', 'pandas']"
Data Scientist,"['machine learning', 'spark', 'hadoop', 'tensorflow', 'python', 'scikit-learn', 'pandas', 'matplotlib', 'numpy', 'python']"
Data Scientist,"['python', 'gcp', 'sql', 'scikit-learn', 'pandas', 'matplotlib', 'numpy', 'python']"
Data Scientist,"['machine learning', 'pytorch', 'deep learning', 'tensorflow', 'python', 'numpy', 'jupyter', 'scikit-learn', 'pandas']"
Data Scientist,"['tableau', 'java', 'pandas', 'scikit-learn', 'python', 'matplotlib']"
Data Scientist,"['machine learning', 'python', 'jupyter', 'scikit-learn', 'pandas', 'matplotlib', 'python']"
Data Scientist,"['gcp', 'python', 'aws', 'sql', 'jupyter', 'scikit-learn', 'pandas', 'matplotlib', 'numpy']"
Data Scientist,"['pytorch', 'python', 'tensorflow', 'numpy', 'python', 'pandas']"
Data Scientist,"['machine learning', 'nosql', 'sql', 'numpy', 'jupyter', 'pandas']"
Data Scientist,"['machine learning', 'python', 'java', 'jupyter', 'scikit-learn', 'matplotlib', 'numpy', 'python']"
Data Scientist,"['machine learning', 'jupyter', 'matplotlib', 'python', 'pandas']"
Data Scientist,"['machine learning', 'hadoop', 'python', 'spark', 'jupyter', 'scikit-learn', 'matplotlib']"
Data Scientist,"['machine learning', 'numpy', 'jupyter', 'pandas', 'matplotlib']"
Data Scientist,"['data visualization', 'data analysis', 'feature engineering', 'statistics', 'scikit-learn', 'pandas', 'matplotlib', 'numpy', 'python']"
Data Scientist,"['machine learning', 'data analysis', 'statistics', 'model evaluation', 'jupyter', 'python', 'pandas', 'matplotlib']"
Data Scientist,"['machine learning', 'python', 'jupyter', 'python', 'pandas', 'matplotlib']"
Data Scientist,"['machine learning', 'python', 'java', 'matplotlib', 'python', 'pandas', 'scikit-learn']"
Data Scientist,"['machine learning', 'jupyter', 'scikit-learn', 'pandas', 'matplotlib']"
Data Scientist,"['machine learning', 'jupyter', 'scikit-learn', 'matplotlib']"
Data Scientist,"['machine learning', 'data visualization', 'data analysis', 'feature engineering', 'statistics', 'model evaluation', 'numpy', 'scikit-learn', 'pandas', 'matplotlib']"
Data Scientist,"['machine learning', 'data visualization', 'data analysis', 'feature engineering', 'statistics', 'model evaluation', 'numpy', 'jupyter', 'scikit-learn']"
Data Scientist,"['machine learning', 'data analysis', 'feature engineering', 'model evaluation', 'jupyter', 'scikit-learn', 'pandas', 'matplotlib', 'numpy']"
Data Scientist,"['machine learning', 'data visualization', 'data analysis', 'feature engineering', 'statistics', 'model evaluation', 'jupyter', 'scikit-learn', 'python']"
Data Scientist,"['machine learning', 'data visualization', 'data analysis', 'feature engineering', 'statistics', 'model evaluation', 'scikit-learn', 'pandas', 'matplotlib', 'numpy', 'python']"
Data Scientist,"['machine learning', 'data visualization', 'data analysis', 'feature engineering', 'statistics', 'model evaluation', 'numpy', 'scikit-learn', 'matplotlib']"
Data Scientist,"['machine learning', 'cloud', 'azure', 'python', 'aws', 'jupyter', 'pandas', 'matplotlib', 'numpy', 'python']"
Data Scientist,"['machine learning', 'cloud', 'azure', 'python', 'aws', 'numpy', 'jupyter', 'matplotlib']"
Data Scientist,"['spark', 'python', 'sql', 'numpy', 'jupyter', 'python']"
Data Scientist,"['machine learning', 'python', 'aws', 'cloud', 'jupyter', 'pandas', 'matplotlib', 'numpy', 'python']"
Data Scientist,"['hadoop', 'sql', 'jupyter', 'pandas', 'matplotlib', 'numpy', 'python']"
Data Scientist,"['machine learning', 'data visualization', 'feature engineering', 'statistics', 'jupyter', 'scikit-learn', 'python']"
Data Scientist,"['machine learning', 'data visualization', 'feature engineering', 'statistics', 'model evaluation', 'numpy', 'pandas', 'matplotlib']"
Data Scientist,"['machine learning', 'data visualization', 'data analysis', 'feature engineering', 'statistics', 'model evaluation', 'numpy', 'scikit-learn', 'pandas', 'matplotlib']"
Data Scientist,"['machine learning', 'scikit-learn', 'pandas', 'matplotlib', 'numpy', 'python']"
Data Scientist,"['machine learning', 'python', 'java', 'jupyter', 'python', 'matplotlib']"
Data Scientist,"['machine learning', 'data visualization', 'data analysis', 'feature engineering', 'statistics', 'model evaluation', 'numpy', 'jupyter', 'scikit-learn', 'python']"
Data Scientist,"['power bi', 'python', 'sql', 'tableau', 'power bi', 'tableau']"
Data Scientist,"['machine learning', 'deep learning', 'java', 'numpy', 'jupyter', 'pandas']"
Data Scientist,"['machine learning', 'python', 'numpy', 'pandas', 'matplotlib']"
Data Scientist,"['power bi', 'sql', 'tableau', 'power bi', 'tableau']"
Data Scientist,"['machine learning', 'python', 'cloud', 'java', 'scikit-learn', 'pandas', 'matplotlib', 'numpy', 'python']"
Data Scientist,"['python', 'numpy', 'jupyter', 'python', 'matplotlib']"
Data Scientist,"['machine learning', 'cloud', 'java', 'tensorflow', 'python', 'numpy', 'python', 'matplotlib']"
Data Scientist,"['machine learning', 'jupyter', 'python', 'pandas', 'matplotlib']"
Data Scientist,"['machine learning', 'sql', 'numpy', 'jupyter', 'pandas', 'matplotlib']"
Data Scientist,"['machine learning', 'jupyter', 'scikit-learn', 'pandas', 'matplotlib']"
Data Scientist,"['machine learning', 'python', 'gcp', 'sql', 'jupyter', 'python', 'matplotlib']"
Data Scientist,"['sas', 'python', 'numpy', 'python', 'pandas', 'matplotlib']"
Data Scientist,"['machine learning', 'matplotlib', 'scikit-learn', 'pandas', 'python']"
Data Scientist,"['machine learning', 'spark', 'jupyter', 'scikit-learn', 'python']"
Data Scientist,"['machine learning', 'python', 'aws', 'cloud', 'jupyter', 'scikit-learn', 'matplotlib', 'numpy', 'python']"
Data Scientist,"['machine learning', 'deep learning', 'python', 'numpy', 'scikit-learn', 'pandas', 'python']"
Data Scientist,"['machine learning', 'jupyter', 'scikit-learn', 'pandas', 'matplotlib']"
Data Scientist,"['machine learning', 'pytorch', 'deep learning', 'sql', 'python', 'pandas', 'scikit-learn', 'python', 'matplotlib']"
Data Scientist,"['machine learning', 'deep learning', 'numpy', 'jupyter', 'scikit-learn']"
Data Scientist,"['machine learning', 'scikit-learn', 'pandas', 'matplotlib', 'numpy', 'python']"
Data Scientist,"['machine learning', 'jupyter', 'scikit-learn', 'pandas', 'matplotlib', 'python']"
Data Scientist,"['machine learning', 'python', 'aws', 'jupyter', 'scikit-learn', 'pandas', 'numpy', 'python']"
Data Scientist,"['machine learning', 'numpy', 'jupyter', 'python', 'pandas']"
Data Scientist,"['machine learning', 'aws', 'tableau', 'numpy', 'jupyter', 'pandas', 'matplotlib']"
Data Scientist,"['machine learning', 'python', 'jupyter', 'pandas', 'python', 'matplotlib']"
Data Scientist,"['machine learning', 'numpy', 'python', 'pandas', 'matplotlib']"
Data Scientist,"['python', 'tensorflow', 'scikit-learn', 'pandas', 'matplotlib', 'numpy', 'python']"
Data Scientist,"['machine learning', 'scikit-learn', 'pandas', 'python']"
Data Scientist,"['excel', 'pytorch', 'tableau', 'excel', 'tableau']"
Data Scientist,"['machine learning', 'data visualization', 'data analysis', 'statistics', 'model evaluation', 'numpy', 'scikit-learn', 'python']"
Data Scientist,"['python', 'jupyter', 'pandas', 'matplotlib']"
Data Scientist,"['nosql', 'python', 'aws', 'sql', 'jupyter', 'scikit-learn', 'pandas', 'matplotlib', 'numpy']"
Data Scientist,"['python', 'numpy', 'scikit-learn', 'matplotlib']"
Data Scientist,"['hadoop', 'power bi', 'jupyter', 'scikit-learn', 'pandas', 'numpy', 'python']"
Data Scientist,"['machine learning', 'sas', 'numpy', 'scikit-learn', 'python']"
Data Scientist,"['machine learning', 'sas', 'scikit-learn', 'pandas', 'matplotlib', 'numpy', 'python']"
Data Scientist,"['machine learning', 'python', 'pandas', 'matplotlib']"
Data Scientist,"['machine learning', 'jupyter', 'scikit-learn', 'pandas', 'matplotlib', 'python']"
Data Scientist,"['machine learning', 'python', 'numpy', 'jupyter', 'pandas']"
Data Scientist,"['machine learning', 'python', 'jupyter', 'scikit-learn', 'pandas', 'matplotlib', 'numpy']"
Data Scientist,"['machine learning', 'sas', 'gcp', 'numpy', 'jupyter', 'scikit-learn', 'python']"
Data Scientist,"['machine learning', 'python', 'jupyter', 'python', 'pandas', 'scikit-learn']"
Data Scientist,"['machine learning', 'tableau', 'excel', 'hadoop', 'python', 'excel', 'tableau']"
Data Scientist,"['python', 'tensorflow', 'jupyter', 'scikit-learn', 'python']"
Data Scientist,"['machine learning', 'python', 'sql', 'jupyter', 'pandas', 'python', 'matplotlib']"
Data Scientist,"['machine learning', 'pytorch', 'java', 'tensorflow', 'python', 'jupyter', 'python', 'pandas', 'scikit-learn']"
Data Scientist,"['hadoop', 'cloud', 'numpy', 'jupyter', 'scikit-learn', 'matplotlib']"
Data Scientist,"['data analysis', 'feature engineering', 'statistics', 'model evaluation', 'scikit-learn', 'pandas', 'matplotlib', 'numpy', 'python']"
Data Scientist,"['machine learning', 'sas', 'numpy', 'pandas', 'matplotlib']"
Data Scientist,"['spark', 'hadoop', 'jupyter', 'scikit-learn', 'pandas', 'python']"
Data Scientist,"['machine learning', 'python', 'numpy', 'python', 'pandas', 'scikit-learn']"
Data Scientist,"['python', 'tableau', 'numpy', 'pandas', 'matplotlib']"
Data Scientist,"['machine learning', 'python', 'sql', 'jupyter', 'scikit-learn', 'pandas', 'matplotlib', 'python']"
Data Scientist,"['data visualization', 'data analysis', 'feature engineering', 'model evaluation', 'numpy', 'jupyter', 'pandas']"
Data Scientist,"['machine learning', 'spark', 'hadoop', 'python', 'aws', 'scikit-learn', 'python', 'matplotlib']"
Data Scientist,"['machine learning', 'jupyter', 'scikit-learn', 'pandas', 'numpy', 'python']"
Data Scientist,"['machine learning', 'python', 'aws', 'numpy', 'matplotlib', 'python', 'pandas']"
Data Scientist,"['machine learning', 'python', 'sql', 'java', 'scikit-learn', 'python', 'matplotlib']"
Data Scientist,"['spark', 'nosql', 'sql', 'java', 'jupyter', 'scikit-learn', 'matplotlib', 'numpy', 'python']"
Data Scientist,"['sas', 'jupyter', 'pandas', 'matplotlib', 'numpy', 'python']"
Data Scientist,"['sql', 'javascript', 'java', 'jupyter', 'scikit-learn', 'pandas', 'matplotlib', 'numpy']"
Data Scientist,"['spark', 'hadoop', 'python', 'numpy', 'scikit-learn', 'pandas', 'matplotlib']"
Data Scientist,"['machine learning', 'deep learning', 'python', 'cloud', 'numpy', 'jupyter', 'scikit-learn', 'python']"
Data Scientist,"['machine learning', 'numpy', 'jupyter', 'python', 'pandas']"
Data Scientist,"['machine learning', 'python', 'tableau', 'jupyter', 'scikit-learn', 'pandas', 'matplotlib']"
Data Scientist,"['machine learning', 'hadoop', 'python', 'spark', 'numpy', 'scikit-learn', 'python']"
Data Scientist,"['machine learning', 'python', 'sql', 'matplotlib', 'python', 'pandas', 'scikit-learn']"
Data Scientist,"['machine learning', 'jupyter', 'scikit-learn', 'pandas', 'matplotlib', 'python']"
Data Scientist,"['machine learning', 'sql', 'jupyter', 'scikit-learn', 'matplotlib']"
Data Scientist,"['machine learning', 'cloud', 'java', 'javascript', 'python', 'jupyter', 'scikit-learn', 'pandas', 'matplotlib']"
Data Scientist,"['machine learning', 'numpy', 'jupyter', 'scikit-learn', 'matplotlib']"
Data Scientist,"['hadoop', 'jupyter', 'python', 'pandas', 'matplotlib']"
Data Scientist,"['machine learning', 'python', 'sql', 'jupyter', 'pandas', 'matplotlib']"
Data Scientist,"['python', 'jupyter', 'scikit-learn', 'pandas', 'matplotlib', 'numpy']"
Data Scientist,"['machine learning', 'numpy', 'scikit-learn', 'pandas', 'matplotlib']"
Data Scientist,"['machine learning', 'deep learning', 'python', 'scikit-learn', 'python', 'matplotlib']"
Data Scientist,"['machine learning', 'jupyter', 'scikit-learn', 'python', 'matplotlib']"
Data Scientist,"['machine learning', 'numpy', 'jupyter', 'pandas']"
Data Scientist,"['machine learning', 'python', 'tableau', 'java', 'jupyter', 'scikit-learn', 'pandas', 'matplotlib', 'python']"
Data Scientist,"['sas', 'python', 'scikit-learn', 'pandas', 'matplotlib']"
Data Scientist,"['machine learning', 'scikit-learn', 'pandas', 'matplotlib', 'numpy', 'python']"
Data Scientist,"['machine learning', 'power bi', 'python', 'java', 'jupyter', 'scikit-learn', 'pandas', 'matplotlib', 'python']"
Data Scientist,"['machine learning', 'tableau', 'java', 'power bi', 'python', 'power bi', 'tableau']"
Data Scientist,"['machine learning', 'jupyter', 'scikit-learn', 'pandas', 'matplotlib']"
Data Scientist,"['machine learning', 'deep learning', 'nosql', 'sql', 'numpy', 'jupyter', 'python', 'matplotlib']"
Data Scientist,"['machine learning', 'python', 'aws', 'jupyter', 'python', 'matplotlib']"
Data Scientist,"['machine learning', 'deep learning', 'numpy', 'python', 'matplotlib']"
Data Scientist,"['machine learning', 'deep learning', 'python', 'numpy', 'jupyter', 'python', 'pandas']"
Data Scientist,"['hadoop', 'sql', 'tableau', 'java', 'numpy', 'jupyter', 'scikit-learn', 'python']"
Data Scientist,"['machine learning', 'deep learning', 'numpy', 'scikit-learn', 'pandas', 'matplotlib']"
Data Scientist,"['machine learning', 'pytorch', 'python', 'tensorflow', 'jupyter', 'matplotlib', 'python', 'pandas']"
Data Scientist,"['data visualization', 'feature engineering', 'statistics', 'model evaluation', 'jupyter', 'scikit-learn', 'matplotlib', 'numpy', 'python']"
Data Scientist,"['python', 'sql', 'java', 'scikit-learn', 'pandas', 'matplotlib']"
Data Scientist,"['machine learning', 'deep learning', 'scikit-learn', 'python', 'pandas']"
Data Scientist,"['sas', 'scikit-learn', 'pandas', 'matplotlib', 'python']"
Data Scientist,"['machine learning', 'data visualization', 'data analysis', 'feature engineering', 'statistics', 'model evaluation', 'numpy', 'jupyter', 'scikit-learn']"
Data Scientist,"['machine learning', 'pytorch', 'sql', 'tensorflow', 'numpy', 'scikit-learn', 'python', 'matplotlib']"
Data Scientist,"['data analysis', 'feature engineering', 'statistics', 'model evaluation', 'numpy', 'pandas', 'matplotlib']"
Data Scientist,"['machine learning', 'sql', 'numpy', 'scikit-learn', 'python', 'matplotlib']"
Data Scientist,"['machine learning', 'jupyter', 'scikit-learn', 'python', 'matplotlib']"
Data Scientist,"['machine learning', 'numpy', 'scikit-learn', 'pandas', 'matplotlib']"
Data Scientist,"['machine learning', 'numpy', 'scikit-learn', 'pandas']"
Data Scientist,"['machine learning', 'numpy', 'pandas', 'matplotlib']"
Data Scientist,"['machine learning', 'numpy', 'scikit-learn', 'python', 'matplotlib']"
Data Scientist,"['machine learning', 'pandas', 'scikit-learn', 'python', 'matplotlib']"
Data Scientist,"['machine learning', 'scikit-learn', 'pandas', 'matplotlib', 'numpy', 'python']"
Data Scientist,"['machine learning', 'jupyter', 'scikit-learn', 'pandas', 'matplotlib']"
Data Scientist,"['machine learning', 'cloud', 'numpy', 'scikit-learn', 'python', 'pandas']"
Data Scientist,"['machine learning', 'numpy', 'jupyter', 'scikit-learn', 'matplotlib']"
Data Scientist,"['machine learning', 'numpy', 'jupyter', 'scikit-learn', 'pandas']"
Data Scientist,"['machine learning', 'deep learning', 'numpy', 'jupyter', 'scikit-learn']"
Data Scientist,"['data visualization', 'data analysis', 'feature engineering', 'statistics', 'matplotlib', 'python', 'pandas']"
Data Scientist,"['machine learning', 'data visualization', 'data analysis', 'statistics', 'jupyter', 'python', 'pandas']"
Data Scientist,"['data visualization', 'data analysis', 'feature engineering', 'statistics', 'jupyter', 'scikit-learn', 'pandas']"
Data Scientist,"['sas', 'jupyter', 'scikit-learn', 'matplotlib', 'numpy', 'python']"
Data Scientist,"['machine learning', 'pandas', 'python', 'matplotlib']"
Data Scientist,"['machine learning', 'data visualization', 'statistics', 'model evaluation', 'scikit-learn', 'pandas', 'matplotlib', 'numpy', 'python']"
Data Scientist,"['machine learning', 'data analysis', 'feature engineering', 'statistics', 'model evaluation', 'jupyter', 'scikit-learn', 'pandas', 'matplotlib', 'numpy']"
Data Scientist,"['machine learning', 'data visualization', 'data analysis', 'feature engineering', 'statistics', 'model evaluation', 'numpy', 'pandas', 'matplotlib']"
Data Scientist,"['sql', 'jupyter', 'pandas', 'matplotlib']"
Data Scientist,"['machine learning', 'jupyter', 'scikit-learn', 'pandas', 'matplotlib', 'python']"
Data Scientist,"['machine learning', 'data analysis', 'feature engineering', 'model evaluation', 'numpy', 'jupyter', 'scikit-learn', 'pandas']"
Data Scientist,"['machine learning', 'numpy', 'python', 'pandas', 'matplotlib']"
Data Scientist,"['machine learning', 'data visualization', 'data analysis', 'feature engineering', 'statistics', 'model evaluation', 'numpy', 'jupyter', 'scikit-learn', 'python']"
Data Scientist,"['machine learning', 'data visualization', 'data analysis', 'feature engineering', 'statistics', 'model evaluation', 'jupyter', 'pandas', 'matplotlib', 'numpy', 'python']"
Data Scientist,"['machine learning', 'jupyter', 'scikit-learn', 'pandas', 'matplotlib', 'numpy']"
Data Scientist,"['machine learning', 'numpy', 'scikit-learn', 'pandas', 'matplotlib']"
Data Scientist,"['machine learning', 'data visualization', 'data analysis', 'feature engineering', 'statistics', 'model evaluation', 'jupyter', 'scikit-learn', 'pandas', 'matplotlib', 'numpy']"
Data Scientist,"['machine learning', 'jupyter', 'scikit-learn', 'python', 'matplotlib']"
Data Scientist,"['data visualization', 'feature engineering', 'statistics', 'model evaluation', 'numpy', 'scikit-learn', 'pandas']"
Data Scientist,"['data visualization', 'data analysis', 'feature engineering', 'statistics', 'model evaluation', 'jupyter', 'pandas', 'matplotlib']"
Data Scientist,"['sql', 'jupyter', 'scikit-learn', 'python']"
Data Scientist,"['machine learning', 'deep learning', 'tensorflow', 'numpy', 'pandas', 'matplotlib']"
Data Scientist,"['machine learning', 'data visualization', 'feature engineering', 'model evaluation', 'jupyter', 'scikit-learn', 'pandas', 'matplotlib', 'numpy']"
Data Scientist,"['machine learning', 'data visualization', 'data analysis', 'feature engineering', 'statistics', 'numpy', 'scikit-learn', 'python', 'matplotlib']"
Data Scientist,"['pytorch', 'numpy', 'jupyter', 'python', 'pandas']"
Data Scientist,"['machine learning', 'jupyter', 'scikit-learn', 'pandas', 'matplotlib', 'python']"
Data Scientist,"['machine learning', 'numpy', 'scikit-learn', 'pandas', 'matplotlib']"
Data Scientist,"['sql', 'numpy', 'jupyter', 'scikit-learn', 'matplotlib']"
Data Scientist,"['machine learning', 'numpy', 'jupyter', 'pandas']"
Data Scientist,"['machine learning', 'numpy', 'scikit-learn', 'pandas', 'matplotlib']"
Data Scientist,"['machine learning', 'jupyter', 'scikit-learn', 'pandas', 'numpy', 'python']"
Data Scientist,"['machine learning', 'deep learning', 'numpy', 'scikit-learn', 'pandas', 'matplotlib']"
Data Scientist,"['data visualization', 'data analysis', 'feature engineering', 'model evaluation', 'numpy', 'jupyter', 'python', 'pandas']"
Data Scientist,"['machine learning', 'numpy', 'jupyter', 'pandas', 'matplotlib']"
Data Scientist,"['machine learning', 'deep learning', 'python', 'jupyter', 'scikit-learn', 'pandas', 'matplotlib', 'numpy']"
Data Scientist,"['sql', 'numpy', 'jupyter', 'python']"
Data Scientist,"['spark', 'java', 'sql', 'python', 'aws', 'numpy', 'jupyter', 'python', 'pandas']"
Data Scientist,"['machine learning', 'python', 'cloud', 'scikit-learn', 'pandas', 'matplotlib', 'numpy', 'python']"
Data Scientist,"['machine learning', 'python', 'cloud', 'java', 'numpy', 'scikit-learn', 'pandas', 'matplotlib']"
Data Scientist,"['power bi', 'tableau', 'power bi', 'tableau']"
Data Scientist,"['machine learning', 'python', 'java', 'jupyter', 'scikit-learn', 'pandas']"
Data Scientist,"['python', 'jupyter', 'scikit-learn', 'pandas', 'numpy', 'python']"
Data Scientist,"['machine learning', 'sas', 'sql', 'jupyter', 'scikit-learn', 'pandas', 'matplotlib', 'numpy']"
Data Scientist,"['machine learning', 'jupyter', 'pandas', 'matplotlib', 'numpy', 'python']"
Data Scientist,"['machine learning', 'data visualization', 'data analysis', 'feature engineering', 'statistics', 'scikit-learn', 'python', 'matplotlib']"
Data Scientist,"['machine learning', 'deep learning', 'python', 'tableau', 'numpy', 'jupyter', 'scikit-learn', 'pandas']"
Data Scientist,"['machine learning', 'deep learning', 'python', 'scikit-learn', 'python', 'matplotlib']"
Data Scientist,"['machine learning', 'data visualization', 'data analysis', 'feature engineering', 'model evaluation', 'jupyter', 'scikit-learn', 'pandas', 'matplotlib', 'python']"
Data Scientist,"['machine learning', 'hadoop', 'python', 'java', 'numpy', 'jupyter', 'scikit-learn', 'pandas']"
Data Scientist,"['python', 'sql', 'jupyter', 'scikit-learn', 'pandas', 'numpy', 'python']"
Data Scientist,"['sql', 'jupyter', 'python', 'matplotlib', 'pandas']"
Data Scientist,"['machine learning', 'hadoop', 'python', 'spark', 'jupyter', 'scikit-learn', 'pandas', 'matplotlib', 'numpy']"
Data Scientist,"['mongodb', 'sql', 'git', 'jira']"
Data Scientist,"['machine learning', 'power bi', 'python', 'scikit-learn', 'pandas', 'matplotlib', 'numpy', 'python']"
Data Scientist,"['cloud', 'java', 'azure', 'python', 'aws', 'numpy', 'jupyter', 'python', 'pandas']"
Data Scientist,"['machine learning', 'data visualization', 'data analysis', 'feature engineering', 'statistics', 'model evaluation', 'jupyter', 'python', 'pandas']"
Data Scientist,"['machine learning', 'python', 'tensorflow', 'sql', 'jupyter', 'pandas', 'matplotlib']"
Data Scientist,"['data visualization', 'data analysis', 'statistics', 'model evaluation', 'numpy', 'scikit-learn', 'python', 'pandas']"
Data Scientist,"['power bi', 'sql', 'jupyter', 'scikit-learn', 'pandas', 'numpy', 'python']"
Data Scientist,"['machine learning', 'power bi', 'python', 'tableau', 'power bi', 'tableau']"
Data Scientist,"['machine learning', 'data visualization', 'data analysis', 'feature engineering', 'statistics', 'model evaluation', 'numpy', 'jupyter', 'pandas']"
Data Scientist,"['spark', 'jupyter', 'python', 'matplotlib']"
Data Scientist,"['python', 'javascript', 'sql', 'java', 'scikit-learn', 'pandas', 'matplotlib']"
Data Scientist,"['spark', 'hadoop', 'java', 'python', 'aws', 'jupyter', 'python', 'pandas']"
Data Scientist,"['sql', 'numpy', 'jupyter', 'pandas']"
Data Scientist,"['machine learning', 'python', 'cloud', 'java', 'numpy', 'scikit-learn', 'python', 'matplotlib']"
Data Scientist,"['machine learning', 'python', 'sql', 'numpy', 'scikit-learn', 'python', 'matplotlib']"
Data Scientist,"['machine learning', 'python', 'aws', 'azure', 'matplotlib', 'python', 'pandas']"
Data Scientist,"['sql', 'jupyter', 'scikit-learn', 'pandas']"
Data Scientist,"['sql', 'numpy', 'python', 'matplotlib']"
Data Scientist,"['hadoop', 'mongodb', 'sql', 'scikit-learn', 'pandas', 'matplotlib', 'numpy', 'python']"
Data Scientist,"['machine learning', 'data visualization', 'data analysis', 'feature engineering', 'statistics', 'model evaluation', 'numpy', 'jupyter', 'pandas']"
Data Scientist,"['machine learning', 'python', 'javascript', 'java', 'numpy', 'jupyter', 'pandas', 'matplotlib']"
Data Scientist,"['machine learning', 'numpy', 'scikit-learn', 'matplotlib']"
Data Scientist,"['data visualization', 'feature engineering', 'statistics', 'model evaluation', 'scikit-learn', 'python', 'matplotlib']"
Data Scientist,"['python', 'aws', 'cloud', 'azure', 'jupyter', 'pandas', 'matplotlib']"
Data Scientist,"['machine learning', 'jupyter', 'scikit-learn', 'pandas', 'matplotlib', 'numpy']"
Data Scientist,"['machine learning', 'numpy', 'scikit-learn', 'python', 'pandas']"
Data Scientist,"['machine learning', 'data visualization', 'feature engineering', 'statistics', 'model evaluation', 'numpy', 'pandas', 'matplotlib']"
Data Scientist,"['sql', 'numpy', 'scikit-learn', 'pandas', 'matplotlib']"
Data Scientist,"['sas', 'jupyter', 'scikit-learn', 'pandas', 'matplotlib']"
Data Scientist,"['machine learning', 'jupyter', 'pandas', 'matplotlib', 'numpy', 'python']"
Data Scientist,"['machine learning', 'jupyter', 'python', 'matplotlib']"
Data Scientist,"['machine learning', 'data visualization', 'data analysis', 'statistics', 'jupyter', 'python', 'pandas', 'matplotlib']"
Data Scientist,"['machine learning', 'data analysis', 'feature engineering', 'model evaluation', 'jupyter', 'pandas', 'matplotlib', 'numpy', 'python']"
Data Scientist,"['sas', 'numpy', 'jupyter', 'python', 'matplotlib']"
Data Scientist,"['hadoop', 'tableau', 'numpy', 'scikit-learn', 'pandas', 'python']"
Data Scientist,"['spark', 'hadoop', 'sql', 'jupyter', 'scikit-learn', 'matplotlib', 'numpy', 'python']"
Data Scientist,"['machine learning', 'python', 'scikit-learn', 'python', 'pandas']"
Data Scientist,"['power bi', 'python', 'power bi', 'git']"
Data Scientist,"['machine learning', 'python', 'cloud', 'azure', 'jupyter', 'pandas', 'matplotlib', 'numpy', 'python']"
Data Scientist,"['sql', 'azure', 'tableau', 'jupyter', 'scikit-learn', 'matplotlib', 'numpy', 'python']"
Data Scientist,"['machine learning', 'cloud', 'gcp', 'azure', 'python', 'aws', 'jupyter', 'scikit-learn', 'python']"
Data Scientist,"['machine learning', 'python', 'gcp', 'azure', 'jupyter', 'scikit-learn', 'python']"
Data Scientist,"['machine learning', 'deep learning', 'python', 'numpy', 'scikit-learn', 'pandas', 'python']"
Data Analyst,"['machine learning', 'sql', 'power bi', 'sql', 'tableau']"
Data Scientist,"['machine learning', 'python', 'jupyter', 'scikit-learn', 'pandas', 'matplotlib']"
Data Scientist,"['spark', 'pytorch', 'tensorflow', 'python', 'aws', 'numpy', 'pandas', 'matplotlib']"
Data Scientist,"['machine learning', 'scikit-learn', 'python', 'matplotlib']"
Data Scientist,"['machine learning', 'nosql', 'sql', 'gcp', 'jupyter', 'scikit-learn', 'pandas', 'numpy', 'python']"
Data Scientist,"['machine learning', 'numpy', 'python', 'matplotlib']"
Data Scientist,"['machine learning', 'data analysis', 'feature engineering', 'statistics', 'model evaluation', 'jupyter', 'scikit-learn', 'pandas', 'numpy', 'python']"
Data Scientist,"['machine learning', 'data visualization', 'data analysis', 'feature engineering', 'statistics', 'numpy', 'jupyter', 'scikit-learn', 'python']"
Data Scientist,"['machine learning', 'data visualization', 'data analysis', 'feature engineering', 'statistics', 'model evaluation', 'jupyter', 'scikit-learn', 'pandas', 'matplotlib', 'numpy']"
Data Scientist,"['machine learning', 'python', 'tensorflow', 'sql', 'jupyter', 'python', 'pandas', 'matplotlib']"
Data Scientist,"['machine learning', 'python', 'scikit-learn', 'pandas', 'matplotlib', 'numpy', 'python']"
Data Scientist,"['machine learning', 'jupyter', 'scikit-learn', 'pandas', 'matplotlib', 'python']"
Data Scientist,"['machine learning', 'python', 'jupyter', 'python', 'matplotlib']"
Data Scientist,"['python', 'java', 'jupyter', 'scikit-learn', 'pandas', 'matplotlib', 'python']"
Data Scientist,"['machine learning', 'python', 'scikit-learn', 'pandas', 'matplotlib', 'numpy', 'python']"
Data Scientist,"['machine learning', 'python', 'sql', 'jupyter', 'scikit-learn', 'pandas', 'matplotlib', 'numpy']"
Data Scientist,"['sas', 'python', 'numpy', 'jupyter', 'scikit-learn']"
Data Scientist,"['machine learning', 'scikit-learn', 'pandas', 'matplotlib', 'numpy', 'python']"
Data Scientist,"['machine learning', 'spark', 'python', 'tensorflow', 'jupyter', 'scikit-learn', 'pandas', 'matplotlib', 'python']"
Data Scientist,"['machine learning', 'excel', 'numpy', 'pandas', 'matplotlib']"
Data Scientist,"['sas', 'sql', 'numpy', 'python', 'pandas', 'scikit-learn']"
Data Scientist,"['machine learning', 'cloud', 'python', 'sql', 'numpy', 'python', 'matplotlib']"
Data Scientist,"['nosql', 'mongodb', 'sql', 'python', 'pandas', 'matplotlib']"
Data Scientist,"['sas', 'numpy', 'scikit-learn', 'python']"
Data Scientist,"['machine learning', 'python', 'spark', 'numpy', 'scikit-learn', 'python', 'matplotlib']"
Data Scientist,"['spark', 'python', 'scikit-learn', 'pandas', 'matplotlib', 'numpy', 'python']"
Data Scientist,"['machine learning', 'numpy', 'jupyter', 'scikit-learn', 'matplotlib']"
Data Scientist,"['machine learning', 'python', 'jupyter', 'scikit-learn', 'pandas', 'matplotlib', 'python']"
Data Scientist,"['python', 'numpy', 'scikit-learn', 'python', 'matplotlib']"
Data Scientist,"['python', 'jupyter', 'scikit-learn', 'python', 'pandas']"
Data Scientist,"['machine learning', 'python', 'sql', 'jupyter', 'scikit-learn', 'pandas', 'matplotlib', 'numpy']"
Data Scientist,"['python', 'tensorflow', 'scikit-learn', 'python', 'matplotlib']"
Data Scientist,"['sas', 'numpy', 'scikit-learn', 'python']"
Data Scientist,"['machine learning', 'python', 'tensorflow', 'python', 'pandas', 'scikit-learn']"
Data Scientist,"['python', 'numpy', 'jupyter', 'pandas', 'matplotlib']"
Data Scientist,"['machine learning', 'spark', 'hadoop', 'deep learning', 'python', 'numpy', 'jupyter', 'scikit-learn', 'python']"
Data Scientist,"['spark', 'deep learning', 'python', 'scikit-learn', 'pandas', 'matplotlib', 'numpy', 'python']"
Data Scientist,"['spark', 'python', 'jupyter', 'pandas', 'matplotlib', 'numpy', 'python']"
Data Scientist,"['machine learning', 'jupyter', 'scikit-learn', 'pandas']"
Data Scientist,"['mongodb', 'tableau', 'nosql', 'sql', 'python', 'aws', 'numpy', 'jupyter', 'scikit-learn', 'matplotlib']"
Data Scientist,"['machine learning', 'python', 'jupyter', 'scikit-learn', 'matplotlib', 'numpy', 'python']"
Data Scientist,"['python', 'jupyter', 'scikit-learn', 'pandas', 'matplotlib', 'numpy']"
Data Scientist,"['tableau', 'numpy', 'jupyter', 'python']"
Data Scientist,"['machine learning', 'python', 'scikit-learn', 'matplotlib', 'python', 'pandas']"
Data Scientist,"['machine learning', 'python', 'jupyter', 'scikit-learn', 'pandas', 'python']"
Data Scientist,"['machine learning', 'sas', 'python', 'jupyter', 'scikit-learn', 'pandas', 'matplotlib', 'python']"
Data Scientist,"['machine learning', 'python', 'numpy', 'scikit-learn', 'pandas']"
Data Scientist,"['machine learning', 'python', 'sql', 'scikit-learn', 'python', 'matplotlib']"
Data Scientist,"['python', 'sql', 'tableau', 'jupyter', 'pandas', 'matplotlib']"
Data Scientist,"['machine learning', 'data visualization', 'data analysis', 'feature engineering', 'statistics', 'model evaluation', 'jupyter', 'scikit-learn', 'matplotlib', 'numpy', 'python']"
Data Scientist,"['machine learning', 'tableau', 'sas', 'gcp', 'azure', 'python', 'aws', 'numpy', 'scikit-learn', 'python', 'pandas']"
Data Scientist,"['machine learning', 'tableau', 'sas', 'power bi', 'python', 'power bi', 'tableau']"
Data Scientist,"['machine learning', 'hadoop', 'python', 'spark', 'jupyter', 'scikit-learn', 'matplotlib', 'numpy', 'python']"
Data Scientist,"['machine learning', 'numpy', 'scikit-learn', 'pandas', 'matplotlib']"
Data Scientist,"['machine learning', 'data visualization', 'data analysis', 'feature engineering', 'statistics', 'model evaluation', 'jupyter', 'scikit-learn', 'pandas', 'matplotlib', 'numpy']"
Data Scientist,"['python', 'tensorflow', 'jupyter', 'scikit-learn', 'matplotlib', 'numpy', 'python']"
Data Scientist,"['sas', 'jupyter', 'scikit-learn', 'matplotlib', 'numpy', 'python']"
Data Scientist,"['machine learning', 'data analysis', 'feature engineering', 'statistics', 'jupyter', 'scikit-learn', 'python', 'matplotlib']"
Data Scientist,"['python', 'sql', 'scikit-learn', 'pandas', 'matplotlib', 'numpy', 'python']"
Data Scientist,"['deep learning', 'sql', 'scikit-learn', 'pandas', 'matplotlib', 'python']"
Data Scientist,"['spark', 'hadoop', 'python', 'azure', 'jupyter', 'scikit-learn', 'matplotlib', 'numpy', 'python']"
Data Scientist,"['machine learning', 'deep learning', 'python', 'tensorflow', 'jupyter', 'scikit-learn', 'python']"
Data Scientist,"['machine learning', 'data visualization', 'statistics', 'model evaluation', 'jupyter', 'matplotlib', 'python', 'pandas']"
Data Scientist,"['power bi', 'python', 'sql', 'tableau', 'power bi', 'tableau']"
Data Scientist,"['machine learning', 'tableau', 'jupyter', 'scikit-learn', 'pandas', 'matplotlib', 'numpy']"
Data Scientist,"['machine learning', 'sas', 'python', 'sql', 'numpy', 'scikit-learn', 'python']"
Data Scientist,"['machine learning', 'pytorch', 'deep learning', 'tensorflow', 'python', 'numpy', 'jupyter', 'python', 'pandas']"
Data Scientist,"['machine learning', 'spark', 'pytorch', 'tensorflow', 'python', 'jupyter', 'scikit-learn', 'pandas', 'matplotlib']"
Data Scientist,"['python', 'cloud', 'tableau', 'jupyter', 'scikit-learn', 'pandas', 'matplotlib', 'python']"
Data Scientist,"['machine learning', 'data visualization', 'feature engineering', 'statistics', 'model evaluation', 'jupyter', 'pandas', 'matplotlib', 'numpy', 'python']"
Data Scientist,"['machine learning', 'data visualization', 'data analysis', 'feature engineering', 'model evaluation', 'jupyter', 'scikit-learn', 'pandas', 'matplotlib']"
Data Scientist,"['sas', 'python', 'jupyter', 'scikit-learn', 'pandas', 'matplotlib', 'numpy']"
Data Scientist,"['machine learning', 'numpy', 'scikit-learn', 'matplotlib']"
Data Scientist,"['machine learning', 'jupyter', 'pandas', 'matplotlib', 'numpy', 'python']"
Data Scientist,"['machine learning', 'data visualization', 'data analysis', 'feature engineering', 'model evaluation', 'numpy', 'jupyter', 'pandas']"
Data Scientist,"['machine learning', 'numpy', 'scikit-learn', 'pandas', 'matplotlib']"
Data Scientist,"['machine learning', 'python', 'sql', 'numpy', 'jupyter', 'scikit-learn', 'pandas']"
Data Scientist,"['machine learning', 'pytorch', 'python', 'numpy', 'pandas', 'matplotlib']"
Data Scientist,"['spark', 'hadoop', 'python', 'sql', 'github', 'git']"
Data Scientist,"['python', 'jupyter', 'pandas', 'matplotlib', 'numpy', 'python']"
Data Scientist,"['python', 'jupyter', 'pandas', 'matplotlib', 'numpy', 'python']"
Data Scientist,"['machine learning', 'jupyter', 'pandas', 'matplotlib', 'numpy', 'python']"
Data Scientist,"['machine learning', 'deep learning', 'numpy', 'jupyter', 'scikit-learn', 'pandas']"
Data Scientist,"['machine learning', 'azure', 'tensorflow', 'numpy', 'jupyter', 'scikit-learn', 'python']"
Data Scientist,"['machine learning', 'python', 'azure', 'numpy', 'jupyter', 'python', 'matplotlib']"
Data Scientist,"['machine learning', 'jupyter', 'scikit-learn', 'python', 'matplotlib']"
Data Scientist,"['python', 'sql', 'java', 'numpy', 'jupyter', 'scikit-learn']"
Data Scientist,"['node', 'jupyter', 'scikit-learn', 'pandas', 'numpy', 'python']"
Data Scientist,"['machine learning', 'data visualization', 'feature engineering', 'statistics', 'numpy', 'scikit-learn', 'python', 'matplotlib']"
Data Scientist,"['machine learning', 'numpy', 'python', 'matplotlib']"
Data Scientist,"['data visualization', 'data analysis', 'statistics', 'model evaluation', 'jupyter', 'pandas', 'matplotlib', 'numpy', 'python']"
Data Scientist,"['machine learning', 'python', 'sql', 'jupyter', 'python', 'matplotlib']"
Data Scientist,"['machine learning', 'python', 'numpy', 'jupyter', 'python']"
Data Scientist,"['machine learning', 'deep learning', 'jupyter', 'scikit-learn', 'pandas', 'python']"
Data Scientist,"['machine learning', 'python', 'javascript', 'java', 'jupyter', 'scikit-learn', 'pandas', 'matplotlib', 'numpy']"
Data Scientist,"['machine learning', 'tableau', 'java', 'sql', 'javascript', 'power bi', 'python', 'power bi', 'tableau']"
Data Scientist,"['machine learning', 'data analysis', 'statistics', 'model evaluation', 'scikit-learn', 'pandas', 'python']"
Data Scientist,"['machine learning', 'python', 'sql', 'numpy', 'jupyter', 'python']"
Data Scientist,"['machine learning', 'python', 'aws', 'cloud', 'pandas', 'scikit-learn', 'python', 'matplotlib']"
Data Scientist,"['machine learning', 'scikit-learn', 'pandas', 'matplotlib']"
Data Scientist,"['machine learning', 'power bi', 'numpy', 'python', 'pandas']"
Data Scientist,"['machine learning', 'python', 'aws', 'numpy', 'scikit-learn', 'pandas']"
Data Scientist,"['machine learning', 'jupyter', 'scikit-learn', 'matplotlib', 'numpy', 'python']"
Data Scientist,"['machine learning', 'python', 'javascript', 'java', 'jupyter', 'scikit-learn', 'python']"
Data Scientist,"['machine learning', 'python', 'jupyter', 'scikit-learn', 'pandas', 'python']"
Data Scientist,"['machine learning', 'python', 'jupyter', 'scikit-learn', 'pandas', 'matplotlib', 'numpy']"
Data Scientist,"['kubernetes', 'gcp', 'aws', 'jupyter', 'scikit-learn', 'python', 'pandas']"
Data Scientist,"['machine learning', 'sas', 'jupyter', 'pandas', 'matplotlib', 'numpy', 'python']"
Data Scientist,"['spark', 'sql', 'tableau', 'java', 'jupyter', 'scikit-learn', 'pandas', 'matplotlib', 'python']"
Data Scientist,"['machine learning', 'python', 'numpy', 'scikit-learn', 'matplotlib']"
Data Scientist,"['machine learning', 'data visualization', 'data analysis', 'feature engineering', 'model evaluation', 'jupyter', 'pandas', 'matplotlib']"
Data Scientist,"['machine learning', 'sas', 'python', 'sql', 'jupyter', 'scikit-learn', 'matplotlib', 'numpy', 'python']"
Data Scientist,"['machine learning', 'numpy', 'jupyter', 'pandas', 'matplotlib']"
Data Scientist,"['machine learning', 'data visualization', 'feature engineering', 'model evaluation', 'numpy', 'jupyter', 'scikit-learn']"
Data Scientist,"['javascript', 'java', 'numpy', 'jupyter', 'matplotlib']"
Data Scientist,"['machine learning', 'numpy', 'jupyter', 'pandas', 'matplotlib']"
Data Scientist,"['machine learning', 'jupyter', 'scikit-learn', 'pandas', 'matplotlib', 'python']"
Data Scientist,"['machine learning', 'numpy', 'matplotlib', 'python', 'pandas']"
Data Scientist,"['machine learning', 'sas', 'python', 'java', 'jupyter', 'python', 'matplotlib']"
Data Scientist,"['machine learning', 'python', 'spark', 'numpy', 'jupyter', 'python', 'pandas']"
Data Scientist,"['machine learning', 'python', 'java', 'numpy', 'scikit-learn', 'pandas']"
Data Scientist,"['deep learning', 'jupyter', 'scikit-learn', 'pandas', 'matplotlib']"
Data Scientist,"['machine learning', 'data visualization', 'statistics', 'model evaluation', 'jupyter', 'scikit-learn', 'pandas', 'numpy', 'python']"
Data Scientist,"['machine learning', 'data visualization', 'data analysis', 'feature engineering', 'statistics', 'numpy', 'python', 'pandas']"
Data Scientist,"['machine learning', 'sql', 'jupyter', 'scikit-learn', 'matplotlib', 'numpy', 'python']"
Data Scientist,"['deep learning', 'python', 'tensorflow', 'jupyter', 'pandas', 'matplotlib']"
Data Scientist,"['python', 'numpy', 'pandas', 'matplotlib']"
Data Scientist,"['python', 'java', 'jupyter', 'scikit-learn', 'pandas', 'matplotlib', 'python']"
Data Scientist,"['machine learning', 'deep learning', 'python', 'sql', 'scikit-learn', 'python', 'pandas']"
Data Scientist,"['machine learning', 'python', 'azure', 'numpy', 'jupyter', 'pandas']"
Data Scientist,"['python', 'jupyter', 'scikit-learn', 'pandas', 'numpy', 'python']"
Data Scientist,"['python', 'aws', 'azure', 'jupyter', 'pandas', 'matplotlib', 'numpy', 'python']"
Data Scientist,"['machine learning', 'deep learning', 'python', 'scikit-learn', 'pandas', 'python']"
Data Scientist,"['machine learning', 'deep learning', 'numpy', 'jupyter', 'scikit-learn', 'matplotlib']"
Data Scientist,"['deep learning', 'python', 'tensorflow', 'numpy', 'jupyter', 'scikit-learn', 'matplotlib']"
Data Scientist,"['python', 'numpy', 'jupyter', 'scikit-learn', 'matplotlib']"
Data Scientist,"['machine learning', 'python', 'cloud', 'jupyter', 'scikit-learn', 'pandas', 'matplotlib', 'numpy']"
Data Scientist,"['python', 'jupyter', 'scikit-learn', 'pandas']"
Data Scientist,"['machine learning', 'deep learning', 'python', 'cloud', 'numpy', 'python', 'pandas']"
Data Scientist,"['machine learning', 'python', 'aws', 'jupyter', 'scikit-learn', 'python', 'pandas']"
Data Scientist,"['machine learning', 'data visualization', 'data analysis', 'statistics', 'model evaluation', 'scikit-learn', 'python', 'pandas']"
Data Scientist,"['python', 'tensorflow', 'jupyter', 'scikit-learn', 'pandas', 'matplotlib', 'numpy']"
Data Scientist,"['machine learning', 'deep learning', 'python', 'aws', 'scikit-learn', 'python', 'pandas', 'matplotlib']"
Data Scientist,"['machine learning', 'data visualization', 'data analysis', 'feature engineering', 'model evaluation', 'jupyter', 'scikit-learn', 'pandas', 'matplotlib']"
Data Scientist,"['machine learning', 'python', 'python', 'pandas', 'matplotlib']"
Data Scientist,"['excel', 'numpy', 'pandas', 'python', 'matplotlib']"
Data Scientist,"['machine learning', 'python', 'javascript', 'java', 'numpy', 'scikit-learn', 'python', 'matplotlib']"
Data Scientist,"['machine learning', 'numpy', 'jupyter', 'scikit-learn', 'python']"
Data Scientist,"['machine learning', 'cloud', 'azure', 'python', 'aws', 'numpy', 'jupyter', 'python', 'matplotlib']"
Data Scientist,"['machine learning', 'cloud', 'jupyter', 'python', 'pandas', 'scikit-learn']"
Data Scientist,"['machine learning', 'github', 'git']"
Data Scientist,"['mongodb', 'hadoop', 'java', 'python', 'aws', 'numpy', 'jupyter', 'matplotlib']"
Data Scientist,"['mongodb', 'cloud', 'jupyter', 'python', 'pandas']"
Data Scientist,"['python', 'sql', 'tableau', 'jupyter', 'pandas', 'matplotlib', 'numpy', 'python']"
Data Scientist,"['machine learning', 'cloud', 'numpy', 'jupyter', 'scikit-learn', 'matplotlib']"
Data Scientist,"['machine learning', 'python', 'java', 'numpy', 'jupyter', 'python', 'matplotlib']"
Data Scientist,"['machine learning', 'data visualization', 'data analysis', 'feature engineering', 'statistics', 'model evaluation', 'numpy', 'scikit-learn', 'matplotlib']"
Data Scientist,"['machine learning', 'jupyter', 'pandas', 'matplotlib', 'numpy', 'python']"
Data Scientist,"['machine learning', 'sql', 'cloud', 'numpy', 'jupyter', 'scikit-learn']"
Data Scientist,"['machine learning', 'deep learning', 'python', 'tableau', 'jupyter', 'python', 'pandas', 'matplotlib']"
Data Scientist,"['sql', 'javascript', 'java', 'scikit-learn', 'pandas', 'matplotlib']"
Data Scientist,"['machine learning', 'python', 'java', 'jupyter', 'scikit-learn', 'pandas', 'matplotlib', 'numpy']"
Data Scientist,"['machine learning', 'data visualization', 'statistics', 'model evaluation', 'jupyter', 'scikit-learn', 'python', 'matplotlib']"
Data Scientist,"['python', 'azure', 'git', 'jira']"
Data Scientist,"['machine learning', 'data visualization', 'feature engineering', 'statistics', 'model evaluation', 'numpy', 'jupyter', 'scikit-learn', 'pandas']"
Data Scientist,"['machine learning', 'deep learning', 'python', 'jupyter', 'scikit-learn', 'pandas', 'matplotlib', 'numpy']"
Data Scientist,"['spark', 'nosql', 'sql', 'jupyter', 'scikit-learn', 'pandas', 'numpy', 'python']"
Data Scientist,"['machine learning', 'sql', 'jupyter', 'scikit-learn', 'python']"
Data Scientist,"['machine learning', 'data visualization', 'data analysis', 'feature engineering', 'model evaluation', 'numpy', 'jupyter', 'matplotlib']"
Data Scientist,"['machine learning', 'python', 'aws', 'jupyter', 'pandas', 'matplotlib']"
Data Scientist,"['machine learning', 'scikit-learn', 'pandas', 'matplotlib']"
Data Scientist,"['machine learning', 'data visualization', 'data analysis', 'model evaluation', 'scikit-learn', 'pandas', 'matplotlib', 'numpy', 'python']"
Data Scientist,"['machine learning', 'deep learning', 'python', 'jupyter', 'scikit-learn', 'pandas']"
Data Scientist,"['python', 'jupyter', 'pandas', 'matplotlib', 'numpy', 'python']"
Data Scientist,"['machine learning', 'data visualization', 'feature engineering', 'statistics', 'model evaluation', 'numpy', 'scikit-learn', 'python', 'pandas']"
Data Scientist,"['machine learning', 'python', 'java', 'jupyter', 'scikit-learn', 'pandas', 'matplotlib']"
Data Scientist,"['machine learning', 'numpy', 'jupyter', 'pandas', 'matplotlib']"
Data Scientist,"['machine learning', 'python', 'cloud', 'numpy', 'pandas', 'matplotlib']"
Data Scientist,"['machine learning', 'sql', 'jupyter', 'scikit-learn', 'matplotlib', 'numpy', 'python']"
Data Scientist,"['python', 'tableau', 'sql', 'java', 'tableau']"
Data Scientist,"['machine learning', 'spark', 'python', 'aws', 'jupyter', 'scikit-learn', 'pandas', 'matplotlib', 'python']"
Data Scientist,"['sas', 'jupyter', 'scikit-learn', 'pandas', 'matplotlib', 'python']"
Data Scientist,"['machine learning', 'numpy', 'python', 'pandas']"
Data Scientist,"['machine learning', 'python', 'numpy', 'scikit-learn', 'python', 'matplotlib']"
Data Scientist,"['data visualization', 'data analysis', 'feature engineering', 'statistics', 'jupyter', 'scikit-learn', 'matplotlib', 'numpy', 'python']"
Data Scientist,"['machine learning', 'tableau', 'hadoop', 'java', 'python', 'numpy', 'scikit-learn', 'python', 'matplotlib']"
Data Scientist,"['machine learning', 'data visualization', 'data analysis', 'statistics', 'model evaluation', 'numpy', 'scikit-learn', 'python']"
Data Scientist,"['machine learning', 'data visualization', 'statistics', 'model evaluation', 'jupyter', 'pandas', 'matplotlib', 'numpy', 'python']"
Data Scientist,"['machine learning', 'deep learning', 'sql', 'jupyter', 'scikit-learn', 'pandas', 'matplotlib', 'numpy']"
Data Scientist,"['machine learning', 'jupyter', 'scikit-learn', 'python', 'matplotlib']"
Data Scientist,"['machine learning', 'spark', 'hadoop', 'sql', 'python', 'numpy', 'python', 'pandas', 'matplotlib']"
Data Scientist,"['excel', 'mongodb', 'python', 'scikit-learn', 'python', 'pandas', 'matplotlib']"
Data Scientist,"['machine learning', 'jupyter', 'python', 'pandas']"
Data Scientist,"['machine learning', 'jupyter', 'scikit-learn', 'pandas']"
Data Scientist,"['machine learning', 'data visualization', 'data analysis', 'feature engineering', 'statistics', 'model evaluation', 'jupyter', 'scikit-learn', 'pandas', 'matplotlib', 'python']"
Data Scientist,"['machine learning', 'python', 'jupyter', 'scikit-learn', 'pandas', 'matplotlib', 'python']"
Data Scientist,"['python', 'numpy', 'python', 'pandas', 'scikit-learn']"
Data Scientist,"['sql', 'javascript', 'java', 'numpy', 'scikit-learn', 'pandas']"
Data Scientist,"['machine learning', 'python', 'numpy', 'scikit-learn', 'pandas', 'matplotlib']"
Data Scientist,"['data visualization', 'data analysis', 'feature engineering', 'model evaluation', 'scikit-learn', 'pandas', 'matplotlib', 'numpy', 'python']"
Data Scientist,"['machine learning', 'data analysis', 'feature engineering', 'statistics', 'jupyter', 'scikit-learn', 'pandas']"
Data Scientist,"['hadoop', 'python', 'scikit-learn', 'pandas', 'matplotlib', 'python']"
Data Scientist,"['machine learning', 'python', 'numpy', 'jupyter', 'matplotlib']"
Data Scientist,"['machine learning', 'python', 'cloud', 'scikit-learn', 'pandas', 'matplotlib', 'numpy', 'python']"
Data Scientist,"['machine learning', 'jupyter', 'scikit-learn', 'pandas', 'matplotlib', 'numpy']"
Data Scientist,"['machine learning', 'java', 'deep learning', 'node', 'python', 'jupyter', 'scikit-learn', 'pandas', 'matplotlib', 'python']"
Data Scientist,"['machine learning', 'numpy', 'jupyter', 'scikit-learn', 'matplotlib']"
Data Scientist,"['deep learning', 'cloud', 'numpy', 'jupyter', 'python', 'matplotlib']"
Data Scientist,"['machine learning', 'jupyter', 'scikit-learn', 'python', 'pandas']"
Data Scientist,"['sql', 'jupyter', 'scikit-learn', 'pandas', 'matplotlib']"
Data Scientist,"['machine learning', 'sas', 'java', 'scikit-learn', 'pandas', 'matplotlib', 'numpy', 'python']"
Data Scientist,"['sas', 'numpy', 'jupyter', 'matplotlib']"
Data Scientist,"['python', 'numpy', 'jupyter', 'python', 'pandas']"
Data Scientist,"['spark', 'python', 'scikit-learn', 'pandas', 'matplotlib']"
Data Scientist,"['machine learning', 'python', 'jupyter', 'scikit-learn', 'python']"
Data Scientist,"['python', 'jupyter', 'scikit-learn', 'python', 'matplotlib']"
Data Scientist,"['python', 'sql', 'scikit-learn', 'pandas', 'matplotlib', 'numpy', 'python']"
Data Scientist,"['machine learning', 'data visualization', 'data analysis', 'feature engineering', 'statistics', 'model evaluation', 'jupyter', 'pandas', 'matplotlib', 'numpy', 'python']"
Data Scientist,"['machine learning', 'github', 'git']"
Data Scientist,"['machine learning', 'scikit-learn', 'python', 'matplotlib']"
Data Scientist,"['machine learning', 'sql', 'javascript', 'java', 'scikit-learn', 'pandas', 'matplotlib', 'python']"
Data Scientist,"['machine learning', 'python', 'numpy', 'pandas', 'matplotlib']"
Data Scientist,"['excel', 'scikit-learn', 'pandas', 'matplotlib', 'numpy', 'python']"
Data Scientist,"['machine learning', 'spark', 'deep learning', 'sql', 'aws', 'numpy', 'pandas', 'matplotlib']"
Data Scientist,"['python', 'aws', 'cloud', 'azure', 'numpy', 'python', 'matplotlib']"
Data Scientist,"['machine learning', 'javascript', 'java', 'jupyter', 'python', 'pandas']"
Data Scientist,"['machine learning', 'python', 'sql', 'numpy', 'python', 'pandas']"
Data Scientist,"['machine learning', 'python', 'numpy', 'scikit-learn', 'python']"
Data Scientist,"['spark', 'python', 'jupyter', 'scikit-learn', 'pandas', 'numpy', 'python']"
Data Scientist,"['machine learning', 'python', 'sql', 'jupyter', 'python', 'matplotlib']"
Data Scientist,"['machine learning', 'numpy', 'pandas', 'matplotlib']"
Data Scientist,"['machine learning', 'deep learning', 'pytorch', 'tensorflow', 'jupyter', 'scikit-learn', 'pandas', 'matplotlib', 'numpy']"
Data Scientist,"['python', 'sql', 'numpy', 'jupyter', 'scikit-learn']"
Data Scientist,"['python', 'sql', 'jupyter', 'scikit-learn', 'pandas']"
Data Scientist,"['machine learning', 'python', 'java', 'jupyter', 'scikit-learn', 'pandas']"
Data Scientist,"['sas', 'python', 'scikit-learn', 'pandas', 'matplotlib', 'numpy', 'python']"
Data Scientist,"['machine learning', 'python', 'sql', 'jupyter', 'scikit-learn', 'pandas', 'matplotlib', 'numpy']"
Data Scientist,"['machine learning', 'aws', 'scikit-learn', 'python', 'matplotlib']"
Data Scientist,"['machine learning', 'python', 'numpy', 'jupyter', 'python']"
Data Scientist,"['sas', 'python', 'sql', 'numpy', 'jupyter', 'matplotlib']"
Data Scientist,"['machine learning', 'power bi', 'python', 'spark', 'numpy', 'pandas', 'python', 'matplotlib']"
Data Scientist,"['tableau', 'jupyter', 'python', 'pandas']"
Data Scientist,"['spark', 'hadoop', 'java', 'jupyter', 'scikit-learn', 'pandas', 'matplotlib', 'numpy']"
Data Scientist,"['data visualization', 'data analysis', 'statistics', 'model evaluation', 'numpy', 'jupyter', 'scikit-learn', 'python']"
Data Scientist,"['machine learning', 'numpy', 'python', 'pandas']"
Data Scientist,"['machine learning', 'python', 'aws', 'cloud', 'jupyter', 'scikit-learn', 'pandas', 'matplotlib', 'numpy']"
Data Scientist,"['machine learning', 'numpy', 'jupyter', 'python', 'matplotlib']"
Data Scientist,"['spark', 'python', 'sql', 'numpy', 'scikit-learn', 'python', 'matplotlib']"
Data Scientist,"['machine learning', 'python', 'numpy', 'pandas', 'matplotlib']"
Data Scientist,"['machine learning', 'python', 'sql', 'jupyter', 'scikit-learn', 'pandas', 'matplotlib', 'python']"
Data Scientist,"['deep learning', 'numpy', 'jupyter', 'matplotlib']"
Data Scientist,"['sas', 'jupyter', 'pandas', 'matplotlib']"
Data Scientist,"['machine learning', 'python', 'java', 'jupyter', 'pandas', 'matplotlib', 'numpy', 'python']"
Data Scientist,"['machine learning', 'python', 'javascript', 'java', 'jupyter', 'scikit-learn', 'pandas', 'numpy', 'python']"
Data Scientist,"['machine learning', 'numpy', 'scikit-learn', 'python']"
Data Scientist,"['machine learning', 'python', 'numpy', 'jupyter', 'scikit-learn', 'python']"
Data Scientist,"['machine learning', 'python', 'tableau', 'jupyter', 'python', 'pandas']"
Data Scientist,"['machine learning', 'data visualization', 'data analysis', 'feature engineering', 'statistics', 'model evaluation', 'numpy', 'jupyter', 'python', 'matplotlib']"
Data Scientist,"['machine learning', 'data visualization', 'data analysis', 'feature engineering', 'statistics', 'model evaluation', 'jupyter', 'scikit-learn', 'pandas', 'matplotlib', 'python']"
Data Scientist,"['sas', 'python', 'sql', 'jupyter', 'pandas', 'matplotlib', 'numpy', 'python']"
Data Scientist,"['sas', 'python', 'sql', 'numpy', 'jupyter', 'scikit-learn', 'python']"
Data Scientist,"['spark', 'jupyter', 'scikit-learn', 'pandas', 'matplotlib', 'python']"
Data Scientist,"['mongodb', 'python', 'sql', 'jupyter', 'scikit-learn', 'pandas']"
Data Scientist,"['machine learning', 'jupyter', 'scikit-learn', 'pandas', 'matplotlib', 'numpy']"
Data Scientist,"['cloud', 'jupyter', 'pandas', 'matplotlib', 'numpy', 'python']"
Data Scientist,"['machine learning', 'python', 'sql', 'jupyter', 'scikit-learn', 'matplotlib', 'numpy', 'python']"
Data Scientist,"['sql', 'numpy', 'jupyter', 'scikit-learn', 'pandas']"
Data Scientist,"['python', 'sql', 'jupyter', 'python', 'pandas']"
Data Scientist,"['machine learning', 'python', 'sql', 'scikit-learn', 'pandas', 'matplotlib', 'numpy', 'python']"
Data Scientist,"['machine learning', 'sas', 'gcp', 'jupyter', 'scikit-learn', 'matplotlib', 'numpy', 'python']"
Data Scientist,"['machine learning', 'python', 'numpy', 'jupyter', 'python', 'matplotlib']"
Data Scientist,"['python', 'jupyter', 'python', 'matplotlib']"
Data Scientist,"['machine learning', 'data visualization', 'data analysis', 'feature engineering', 'statistics', 'numpy', 'python', 'matplotlib']"
Data Scientist,"['machine learning', 'python', 'numpy', 'scikit-learn', 'pandas', 'matplotlib']"
Data Scientist,"['machine learning', 'python', 'sql', 'jupyter', 'scikit-learn', 'pandas', 'matplotlib', 'numpy']"
Data Scientist,"['machine learning', 'data visualization', 'feature engineering', 'model evaluation', 'numpy', 'jupyter', 'scikit-learn', 'python']"
Data Scientist,"['machine learning', 'python', 'sql', 'matplotlib', 'scikit-learn', 'pandas', 'python']"
Data Scientist,"['machine learning', 'python', 'sql', 'jupyter', 'scikit-learn', 'pandas', 'numpy', 'python']"
Data Scientist,"['machine learning', 'hadoop', 'python', 'numpy', 'pandas', 'matplotlib']"
Data Scientist,"['python', 'aws', 'cloud', 'azure', 'matplotlib', 'scikit-learn', 'pandas', 'python']"
Data Scientist,"['machine learning', 'pytorch', 'python', 'jupyter', 'scikit-learn', 'pandas', 'numpy', 'python']"
Data Scientist,"['machine learning', 'python', 'java', 'jupyter', 'scikit-learn', 'pandas', 'matplotlib', 'numpy']"
Data Scientist,"['machine learning', 'python', 'numpy', 'scikit-learn', 'pandas', 'matplotlib']"
Data Scientist,"['deep learning', 'python', 'scikit-learn', 'pandas', 'python']"
Data Scientist,"['machine learning', 'python', 'jupyter', 'scikit-learn', 'matplotlib']"
Data Scientist,"['machine learning', 'data visualization', 'statistics', 'model evaluation', 'numpy', 'jupyter', 'scikit-learn', 'matplotlib']"
Data Scientist,"['deep learning', 'java', 'numpy', 'jupyter', 'matplotlib']"
Data Scientist,"['machine learning', 'sql', 'tableau', 'jupyter', 'scikit-learn', 'matplotlib', 'numpy', 'python']"
Data Scientist,"['machine learning', 'python', 'spark', 'sql', 'numpy', 'pandas', 'matplotlib']"
Data Scientist,"['machine learning', 'pytorch', 'python', 'java', 'jupyter', 'scikit-learn', 'pandas', 'matplotlib', 'numpy']"
Data Scientist,"['python', 'jupyter', 'pandas', 'matplotlib', 'numpy', 'python']"
Data Scientist,"['excel', 'sql', 'jupyter', 'scikit-learn', 'matplotlib', 'numpy', 'python']"
Data Scientist,"['machine learning', 'numpy', 'scikit-learn', 'matplotlib']"
Data Scientist,"['machine learning', 'sql', 'numpy', 'jupyter', 'pandas', 'matplotlib']"
Data Scientist,"['machine learning', 'numpy', 'jupyter', 'python', 'matplotlib']"
Data Scientist,"['machine learning', 'deep learning', 'python', 'jupyter', 'scikit-learn', 'pandas', 'python']"
Data Scientist,"['machine learning', 'deep learning', 'python', 'numpy', 'jupyter', 'python', 'pandas']"
Data Scientist,"['data analysis', 'feature engineering', 'statistics', 'model evaluation', 'jupyter', 'scikit-learn', 'python', 'matplotlib']"
Data Scientist,"['machine learning', 'deep learning', 'scikit-learn', 'pandas', 'matplotlib', 'numpy', 'python']"
Data Scientist,"['machine learning', 'jupyter', 'scikit-learn', 'python', 'matplotlib']"
Data Scientist,"['machine learning', 'jupyter', 'scikit-learn', 'pandas', 'numpy', 'python']"
Data Scientist,"['python', 'numpy', 'jupyter', 'python']"
Data Scientist,"['machine learning', 'data visualization', 'feature engineering', 'statistics', 'model evaluation', 'jupyter', 'scikit-learn', 'pandas', 'matplotlib', 'python']"
Data Scientist,"['machine learning', 'jupyter', 'python', 'matplotlib']"
Data Scientist,"['machine learning', 'python', 'cloud', 'java', 'jupyter', 'python', 'pandas', 'matplotlib']"
Data Scientist,"['machine learning', 'deep learning', 'gcp', 'github', 'git']"
Data Scientist,"['machine learning', 'python', 'numpy', 'jupyter', 'pandas', 'matplotlib']"
Data Scientist,"['machine learning', 'data visualization', 'data analysis', 'feature engineering', 'statistics', 'model evaluation', 'jupyter', 'python', 'pandas']"
Data Scientist,"['machine learning', 'data visualization', 'data analysis', 'feature engineering', 'statistics', 'model evaluation', 'numpy', 'jupyter', 'python', 'pandas']"
Data Scientist,"['sql', 'jupyter', 'python', 'matplotlib']"
Data Scientist,"['machine learning', 'data visualization', 'data analysis', 'feature engineering', 'statistics', 'model evaluation', 'jupyter', 'pandas', 'matplotlib', 'numpy', 'python']"
Data Scientist,"['machine learning', 'jupyter', 'scikit-learn', 'python', 'matplotlib']"
Data Scientist,"['sas', 'sql', 'jupyter', 'scikit-learn', 'pandas', 'numpy', 'python']"
Data Scientist,"['machine learning', 'numpy', 'scikit-learn', 'python', 'matplotlib']"
Data Scientist,"['machine learning', 'nosql', 'sql', 'gcp', 'jupyter', 'scikit-learn', 'pandas', 'matplotlib', 'python']"
Data Scientist,"['machine learning', 'deep learning', 'python', 'cloud', 'numpy', 'python', 'pandas']"
Data Scientist,"['sql', 'javascript', 'java', 'jupyter', 'scikit-learn', 'matplotlib', 'numpy', 'python']"
Data Scientist,"['machine learning', 'data visualization', 'feature engineering', 'statistics', 'numpy', 'pandas', 'matplotlib']"
Data Scientist,"['machine learning', 'jupyter', 'pandas', 'matplotlib', 'numpy', 'python']"
Data Scientist,"['spark', 'tensorflow', 'docker', 'jupyter', 'scikit-learn', 'pandas', 'matplotlib', 'numpy']"
Data Scientist,"['python', 'numpy', 'jupyter', 'scikit-learn']"
Data Analyst,"['python', 'sql', 'excel', 'power bi', 'python', 'sql']"
Data Analyst,"['excel', 'python', 'sql', 'excel', 'power bi', 'tableau']"
Data Analyst,"['spark', 'python', 'sql', 'tableau', 'excel', 'sql', 'power bi', 'python']"
Data Analyst,"['data cleaning', 'data analysis', 'business analysis', 'sql', 'excel', 'power bi', 'python', 'sql']"
Data Scientist,"['azure', 'aws', 'cloud', 'tableau', 'jupyter', 'pandas', 'matplotlib', 'numpy', 'python']"
Data Scientist,"['machine learning', 'data visualization', 'statistics', 'model evaluation', 'jupyter', 'scikit-learn', 'pandas', 'numpy', 'python']"
Data Scientist,"['machine learning', 'data visualization', 'data analysis', 'feature engineering', 'statistics', 'model evaluation', 'python', 'pandas', 'matplotlib']"
Data Scientist,"['machine learning', 'jupyter', 'scikit-learn', 'matplotlib', 'numpy', 'python']"
Data Scientist,"['machine learning', 'data visualization', 'data analysis', 'feature engineering', 'statistics', 'model evaluation', 'jupyter', 'python', 'matplotlib']"
Data Analyst,"['sql', 'business analysis', 'data cleaning', 'data analysis', 'dashboarding', 'tableau', 'excel', 'sql', 'power bi', 'python']"
Data Analyst,"['python', 'aws', 'power bi', 'sql', 'tableau']"
Data Analyst,"['sql', 'business analysis', 'data cleaning', 'data analysis', 'dashboarding', 'excel', 'power bi', 'sql', 'tableau']"
Data Analyst,"['python', 'sql', 'excel', 'power bi', 'sql', 'python']"
Data Analyst,"['power bi', 'python', 'sql', 'tableau', 'power bi', 'tableau']"
Data Analyst,"['power bi', 'sql', 'tableau', 'excel', 'sql', 'power bi', 'python']"
Data Analyst,"['data cleaning', 'data analysis', 'sql', 'dashboarding', 'excel', 'python', 'sql', 'tableau']"
Data Analyst,"['sas', 'python', 'sql', 'tableau', 'power bi']"
Data Analyst,"['data cleaning', 'business analysis', 'sql', 'dashboarding', 'tableau', 'excel', 'sql', 'power bi', 'python']"
Data Analyst,"['sql', 'excel', 'python', 'sql', 'tableau']"
Data Analyst,"['data cleaning', 'business analysis', 'sql', 'dashboarding', 'tableau', 'excel', 'sql', 'power bi', 'python']"
Data Analyst,"['sas', 'tableau', 'excel', 'sql', 'power bi', 'python']"
Data Scientist,"['machine learning', 'hadoop', 'sas', 'python', 'numpy', 'scikit-learn', 'pandas', 'matplotlib']"
Data Scientist,"['machine learning', 'hadoop', 'excel', 'jupyter', 'scikit-learn', 'matplotlib', 'numpy', 'python']"
Data Analyst,"['sql', 'excel', 'python', 'sql']"
Data Analyst,"['sql', 'excel', 'sql', 'tableau']"
Data Analyst,"['machine learning', 'sql', 'tableau', 'excel', 'sql', 'power bi', 'python']"
Data Analyst,"['power bi', 'tableau', 'excel', 'sql', 'power bi', 'python']"
Data Analyst,"['machine learning', 'python', 'sql', 'tableau', 'excel', 'sql', 'power bi', 'python']"
Data Analyst,"['data cleaning', 'data analysis', 'sql', 'dashboarding', 'tableau', 'excel', 'sql', 'power bi', 'python']"
Data Analyst,"['business analysis', 'sql', 'data cleaning', 'data analysis', 'dashboarding', 'power bi', 'python', 'sql', 'tableau']"
Data Analyst,"['sas', 'python', 'sql', 'tableau', 'excel', 'power bi', 'sql', 'tableau']"
Data Analyst,"['spark', 'power bi', 'excel', 'power bi', 'sql', 'tableau']"
Data Analyst,"['sql', 'power bi', 'python', 'tableau']"
Data Analyst,"['excel', 'sql', 'tableau', 'excel', 'tableau']"
Data Analyst,"['machine learning', 'power bi', 'python', 'tableau', 'power bi', 'tableau']"
Data Analyst,"['azure', 'cloud', 'tableau', 'excel', 'sql', 'power bi', 'python']"
Data Analyst,"['excel', 'excel', 'power bi', 'python', 'tableau']"
Data Analyst,"['python', 'aws', 'sql', 'tableau', 'power bi', 'python', 'sql', 'tableau']"
Data Analyst,"['hadoop', 'sql', 'excel', 'power bi', 'python', 'tableau']"
Data Analyst,"['python', 'sql', 'tableau', 'excel', 'sql', 'power bi', 'python']"
Data Analyst,"['data cleaning', 'data analysis', 'sql', 'dashboarding', 'excel', 'python', 'tableau']"
Data Analyst,"['sql', 'data cleaning', 'business analysis', 'dashboarding', 'tableau', 'excel', 'sql', 'power bi', 'python']"
Data Analyst,"['data cleaning', 'data analysis', 'business analysis', 'sql', 'tableau', 'excel', 'sql', 'power bi', 'python']"
Data Analyst,"['data cleaning', 'data analysis', 'business analysis', 'dashboarding', 'excel', 'power bi', 'python', 'tableau']"
Data Analyst,"['data cleaning', 'data analysis', 'business analysis', 'dashboarding', 'excel', 'python', 'tableau']"
Data Analyst,"['sql', 'excel', 'power bi', 'sql', 'tableau']"
Data Analyst,"['sql', 'tableau', 'excel', 'sql', 'power bi', 'python']"
Data Analyst,"['python', 'sql', 'excel', 'python', 'sql']"
Data Analyst,"['power bi', 'python', 'excel', 'power bi', 'sql', 'python']"
Data Analyst,"['sql', 'java', 'excel', 'power bi', 'tableau']"
Data Analyst,"['machine learning', 'tableau', 'excel', 'sql', 'power bi', 'python']"
Data Analyst,"['spark', 'hadoop', 'python', 'java', 'tableau', 'excel', 'sql', 'power bi', 'python']"
Data Analyst,"['excel', 'python', 'sql', 'tableau', 'excel', 'tableau']"
Data Analyst,"['spark', 'power bi', 'power bi', 'python', 'sql', 'tableau']"
Data Analyst,"['javascript', 'java', 'power bi', 'sql', 'tableau']"
Data Analyst,"['sql', 'tableau', 'excel', 'sql', 'power bi', 'python']"
Data Analyst,"['sql', 'data analysis', 'business analysis', 'dashboarding', 'tableau', 'excel', 'sql', 'power bi', 'python']"
Data Analyst,"['power bi', 'python', 'tableau', 'power bi', 'tableau']"
Data Analyst,"['python', 'tableau', 'excel', 'python', 'sql']"
Data Analyst,"['sql', 'excel', 'power bi', 'tableau']"
Data Analyst,"['sql', 'tableau', 'tableau', 'jira']"
Data Analyst,"['sql', 'business analysis', 'data cleaning', 'data analysis', 'dashboarding', 'tableau', 'excel', 'sql', 'power bi', 'python']"
Data Analyst,"['business analysis', 'sql', 'data cleaning', 'data analysis', 'dashboarding', 'power bi', 'sql', 'python', 'tableau']"
Data Analyst,"['data cleaning', 'data analysis', 'sql', 'dashboarding', 'excel', 'sql', 'tableau']"
Data Analyst,"['excel', 'excel', 'python', 'sql', 'tableau']"
Data Analyst,"['business analysis', 'data analysis', 'sql', 'dashboarding', 'excel', 'python', 'tableau']"
Data Analyst,"['excel', 'excel']"
Data Scientist,"['machine learning', 'python', 'numpy', 'scikit-learn', 'python', 'matplotlib']"
Data Analyst,"['machine learning', 'tableau', 'excel', 'sql', 'power bi', 'python']"
Data Analyst,"['sas', 'python', 'sql', 'tableau', 'power bi', 'sql', 'python']"
Data Analyst,"['business analysis', 'sql', 'data cleaning', 'data analysis', 'dashboarding', 'tableau', 'excel', 'sql', 'power bi', 'python']"
Data Analyst,"['sql', 'power bi', 'sql', 'tableau']"
Data Analyst,"['spark', 'python', 'sql', 'power bi', 'python', 'tableau']"
Data Analyst,"['excel', 'tableau', 'excel', 'tableau']"
Data Analyst,"['sql', 'tableau', 'excel', 'sql', 'power bi', 'python']"
Data Analyst,"['cloud', 'excel', 'power bi', 'sql', 'tableau']"
Data Analyst,"['excel', 'sql', 'spark', 'tableau', 'excel', 'tableau']"
Data Analyst,"['python', 'aws', 'java', 'excel', 'power bi', 'python', 'tableau']"
Data Analyst,"['machine learning', 'tableau', 'excel', 'sql', 'power bi', 'python']"
Data Analyst,"['machine learning', 'power bi', 'python', 'sql']"
Data Analyst,"['sql', 'business analysis', 'data cleaning', 'data analysis', 'dashboarding', 'excel', 'python', 'sql', 'tableau']"
Data Analyst,"['business analysis', 'sql', 'data cleaning', 'data analysis', 'dashboarding', 'excel', 'power bi', 'sql']"
Data Analyst,"['business analysis', 'sql', 'data cleaning', 'data analysis', 'dashboarding', 'excel', 'sql', 'tableau']"
Data Analyst,"['excel', 'power bi', 'excel', 'power bi']"
Data Analyst,"['sql', 'business analysis', 'data cleaning', 'data analysis', 'dashboarding', 'tableau', 'excel', 'sql', 'power bi', 'python']"
Data Analyst,"['spark', 'tableau', 'excel', 'sql', 'power bi', 'python']"
Data Analyst,"['power bi', 'sql', 'tableau', 'power bi', 'tableau']"
Data Analyst,"['sql', 'tableau', 'excel', 'power bi', 'sql', 'tableau']"
Data Analyst,"['spark', 'cloud', 'excel', 'power bi', 'sql', 'tableau']"
Data Analyst,"['nosql', 'python', 'sql', 'tableau', 'excel', 'sql', 'power bi', 'python']"
Data Analyst,"['business analysis', 'data analysis', 'sql', 'dashboarding', 'tableau', 'excel', 'sql', 'power bi', 'python']"
Data Analyst,"['data cleaning', 'business analysis', 'sql', 'dashboarding', 'tableau', 'excel', 'sql', 'power bi', 'python']"
Data Analyst,"['excel', 'tableau', 'excel', 'sql', 'power bi', 'python']"
Data Analyst,"['sas', 'sql', 'azure', 'power bi', 'sql', 'tableau']"
Data Analyst,"['sql', 'business analysis', 'data cleaning', 'data analysis', 'dashboarding', 'tableau', 'excel', 'sql', 'power bi', 'python']"
Data Analyst,"['machine learning', 'excel', 'python', 'sql']"
Data Analyst,"['business analysis', 'sql', 'data cleaning', 'data analysis', 'dashboarding', 'tableau', 'excel', 'sql', 'power bi', 'python']"
Data Analyst,"['business analysis', 'sql', 'data cleaning', 'data analysis', 'dashboarding', 'tableau', 'excel', 'sql', 'power bi', 'python']"
Data Analyst,"['python', 'sql', 'azure', 'tableau', 'excel', 'sql', 'power bi', 'python']"
Data Analyst,"['machine learning', 'python', 'excel', 'power bi', 'python', 'sql']"
Data Analyst,"['power bi', 'sql', 'azure', 'tableau', 'power bi', 'tableau']"
Data Analyst,"['sql', 'excel', 'power bi', 'tableau']"
Data Analyst,"['python', 'sql', 'tableau', 'excel', 'power bi', 'sql', 'tableau']"
Data Analyst,"['sas', 'excel', 'python', 'sql', 'power bi']"
Data Analyst,"['sql', 'tableau', 'excel', 'sql', 'power bi', 'python']"
Data Analyst,"['machine learning', 'javascript', 'java', 'excel', 'power bi', 'sql', 'tableau']"
Data Analyst,"['business analysis', 'data analysis', 'sql', 'dashboarding', 'excel', 'sql', 'tableau']"
Data Analyst,"['python', 'sql', 'excel', 'power bi', 'python', 'tableau']"
Data Analyst,"['sql', 'excel', 'sql', 'tableau']"
Data Analyst,"['hadoop', 'sas', 'sql', 'excel', 'power bi', 'python']"
Data Analyst,"['azure', 'excel', 'python', 'sql']"
Data Analyst,"['business analysis', 'sql', 'data cleaning', 'data analysis', 'dashboarding', 'power bi', 'python', 'tableau']"
Data Analyst,"['sql', 'business analysis', 'data cleaning', 'data analysis', 'dashboarding', 'excel', 'power bi', 'sql', 'tableau']"
Data Analyst,"['azure', 'tableau', 'excel', 'sql', 'power bi', 'python']"
Data Analyst,"['data cleaning', 'data analysis', 'business analysis', 'dashboarding', 'excel', 'power bi', 'tableau']"
Data Analyst,"['business analysis', 'data analysis', 'sql', 'dashboarding', 'power bi', 'python', 'tableau']"
Data Analyst,"['power bi', 'excel', 'power bi', 'tableau']"
Data Analyst,"['python', 'excel', 'power bi', 'python', 'sql']"
Data Analyst,"['business analysis', 'data analysis', 'sql', 'dashboarding', 'excel', 'power bi', 'tableau']"
Data Analyst,"['business analysis', 'sql', 'data cleaning', 'data analysis', 'dashboarding', 'excel', 'power bi', 'tableau']"
Data Analyst,"['sql', 'tableau', 'excel', 'power bi', 'sql']"
Data Analyst,"['business analysis', 'sql', 'data cleaning', 'data analysis', 'dashboarding', 'tableau', 'excel', 'sql', 'power bi', 'python']"
Data Analyst,"['excel', 'cloud', 'tableau', 'excel', 'sql', 'power bi', 'python']"
Data Analyst,"['python', 'excel', 'power bi', 'sql', 'tableau']"
Data Analyst,"['data cleaning', 'data analysis', 'sql', 'dashboarding', 'excel', 'python', 'sql']"
Data Analyst,"['sql', 'business analysis', 'data cleaning', 'data analysis', 'dashboarding', 'excel', 'power bi', 'sql', 'python']"
Data Analyst,"['data cleaning', 'data analysis', 'business analysis', 'dashboarding', 'tableau', 'excel', 'sql', 'power bi', 'python']"
Data Analyst,"['python', 'sql', 'tableau', 'excel', 'sql', 'power bi', 'python']"
Software Engineer,"['azure', 'cloud', 'java', 'spark', 'hadoop', 'aws']"
Data Analyst,"['power bi', 'tableau', 'power bi', 'tableau']"
Data Analyst,"['power bi', 'sql', 'tableau', 'power bi', 'tableau']"
Data Analyst,"['power bi', 'tableau', 'power bi', 'tableau']"
Data Analyst,"['sas', 'sql', 'excel', 'power bi', 'sql', 'tableau']"
Data Analyst,"['sas', 'sql', 'tableau', 'tableau', 'excel', 'sql', 'power bi', 'python']"
Data Analyst,"['power bi', 'python', 'sql', 'tableau', 'power bi', 'tableau']"
Data Analyst,"['excel', 'python', 'sql', 'power bi', 'python', 'sql', 'tableau']"
Data Analyst,"['excel', 'python', 'sql', 'tableau', 'excel', 'sql', 'power bi', 'python']"
Data Analyst,"['sas', 'sql', 'excel', 'sql', 'tableau']"
Data Analyst,"['tableau', 'excel', 'python', 'tableau']"
Data Analyst,"['cloud', 'python', 'sql', 'excel', 'power bi', 'sql', 'tableau']"
Data Analyst,"['python', 'excel', 'python', 'tableau']"
Data Analyst,"['python', 'sql', 'excel', 'python', 'sql', 'power bi']"
Data Analyst,"['sql', 'business analysis', 'data cleaning', 'data analysis', 'dashboarding', 'tableau', 'excel', 'sql', 'power bi', 'python']"
Data Analyst,"['sql', 'javascript', 'java', 'power bi', 'sql', 'python', 'tableau']"
Data Analyst,"['tableau', 'excel', 'sql', 'power bi', 'python', 'excel', 'power bi', 'tableau']"
Data Analyst,"['python', 'excel', 'python', 'sql', 'tableau']"
Data Analyst,"['power bi', 'sas', 'python', 'sql', 'tableau', 'excel', 'sql', 'power bi', 'python']"
Data Analyst,"['sql', 'business analysis', 'data cleaning', 'data analysis', 'dashboarding', 'excel', 'sql', 'tableau']"
Data Analyst,"['javascript', 'java', 'tableau', 'excel', 'sql', 'power bi', 'python']"
Data Analyst,"['sql', 'data cleaning', 'business analysis', 'dashboarding', 'excel', 'power bi', 'tableau']"
Data Analyst,"['tableau', 'excel', 'power bi', 'python', 'sql']"
Data Analyst,"['spark', 'hadoop', 'python', 'sql', 'tableau', 'excel', 'sql', 'power bi', 'python']"
Data Analyst,"['business analysis', 'sql', 'data cleaning', 'data analysis', 'dashboarding', 'excel', 'power bi', 'sql', 'python']"
Data Analyst,"['business analysis', 'sql', 'data cleaning', 'data analysis', 'dashboarding', 'tableau', 'excel', 'sql', 'power bi', 'python']"
Data Analyst,"['excel', 'power bi', 'python', 'sql', 'tableau']"
Data Analyst,"['machine learning', 'tableau', 'excel', 'sql', 'power bi', 'python']"
Data Analyst,"['power bi', 'tableau', 'power bi', 'tableau']"
Data Analyst,"['machine learning', 'python', 'javascript', 'java', 'tableau', 'excel', 'sql', 'power bi', 'python']"
Data Analyst,"['excel', 'tableau', 'excel', 'sql', 'power bi', 'python']"
Data Analyst,"['sas', 'excel', 'sql', 'tableau']"
Data Analyst,"['python', 'sql', 'tableau', 'excel', 'sql', 'power bi', 'python']"
Data Analyst,"['sql', 'business analysis', 'data cleaning', 'data analysis', 'dashboarding', 'tableau', 'excel', 'sql', 'power bi', 'python']"
Data Analyst,"['business analysis', 'sql', 'data cleaning', 'data analysis', 'dashboarding', 'excel', 'power bi', 'sql', 'tableau']"
Data Analyst,"['sql', 'excel', 'power bi', 'sql']"
Data Analyst,"['excel', 'excel', 'power bi', 'tableau']"
Data Analyst,"['sas', 'excel', 'python', 'sql', 'tableau']"
Data Analyst,"['python', 'tableau', 'excel', 'power bi', 'sql', 'tableau']"
Data Analyst,"['data cleaning', 'data analysis', 'business analysis', 'dashboarding', 'excel', 'python', 'sql', 'tableau']"
Data Analyst,"['sql', 'business analysis', 'data cleaning', 'data analysis', 'dashboarding', 'excel', 'power bi', 'sql', 'python']"
Data Analyst,"['data cleaning', 'data analysis', 'business analysis', 'sql', 'excel', 'power bi', 'tableau']"
Data Analyst,"['excel', 'excel', 'power bi', 'tableau']"
Data Analyst,"['sql', 'tableau', 'excel', 'sql', 'power bi', 'python']"
Data Analyst,"['sql', 'business analysis', 'data cleaning', 'data analysis', 'dashboarding', 'tableau', 'excel', 'sql', 'power bi', 'python']"
Data Analyst,"['data analysis', 'business analysis', 'sql', 'dashboarding', 'power bi', 'sql', 'tableau']"
Data Analyst,"['data cleaning', 'data analysis', 'business analysis', 'dashboarding', 'excel', 'power bi', 'python', 'sql']"
Data Analyst,"['excel', 'power bi', 'tableau', 'excel', 'power bi', 'tableau']"
Data Analyst,"['python', 'sql', 'excel', 'power bi', 'python']"
Data Analyst,"['data cleaning', 'data analysis', 'business analysis', 'dashboarding', 'excel', 'power bi', 'python']"
Data Analyst,"['machine learning', 'power bi', 'python', 'sql', 'excel', 'power bi', 'python']"
Data Analyst,"['business analysis', 'sql', 'data cleaning', 'data analysis', 'dashboarding', 'excel', 'power bi', 'python', 'tableau']"
Data Analyst,"['excel', 'excel', 'power bi', 'python', 'tableau']"
Machine Learning Engineer,"['machine learning', 'excel', 'pytorch', 'tensorflow', 'kubeflow']"
Machine Learning Engineer,"['machine learning', 'git']"
Data Analyst,"['business analysis', 'sql', 'data cleaning', 'data analysis', 'dashboarding', 'tableau', 'excel', 'sql', 'power bi', 'python']"
Data Analyst,"['sql', 'tableau', 'excel', 'python', 'sql']"
Data Analyst,"['power bi', 'azure', 'tableau', 'power bi', 'tableau']"
Data Analyst,"['nosql', 'sql', 'tableau', 'tableau', 'excel', 'sql', 'power bi', 'python']"
Data Analyst,"['tableau', 'python', 'sql', 'tableau']"
Data Analyst,"['spark', 'hadoop', 'python', 'sql', 'tableau', 'excel', 'sql', 'power bi', 'python']"
Data Analyst,"['python', 'excel', 'python', 'tableau']"
Data Analyst,"['tableau', 'excel', 'sql', 'power bi', 'python', 'excel', 'power bi', 'tableau']"
Data Analyst,"['data cleaning', 'business analysis', 'sql', 'dashboarding', 'tableau', 'excel', 'sql', 'power bi', 'python']"
Data Analyst,"['machine learning', 'sql', 'excel', 'power bi', 'python', 'tableau']"
Data Analyst,"['tableau', 'tableau', 'excel', 'sql', 'power bi', 'python']"
Data Analyst,"['python', 'azure', 'tableau', 'excel', 'sql', 'power bi', 'python']"
Data Analyst,"['business analysis', 'sql', 'data cleaning', 'data analysis', 'dashboarding', 'excel', 'power bi', 'python']"
Data Analyst,"['nosql', 'cloud', 'sql', 'azure', 'aws', 'python', 'sql', 'power bi', 'tableau']"
Data Analyst,"['business analysis', 'sql', 'data cleaning', 'data analysis', 'dashboarding', 'excel', 'power bi', 'sql']"
Data Analyst,"['sql', 'excel', 'power bi', 'python']"
Data Analyst,"['business analysis', 'sql', 'data cleaning', 'data analysis', 'dashboarding', 'tableau', 'excel', 'sql', 'power bi', 'python']"
Data Analyst,"['excel', 'sql', 'tableau', 'excel', 'sql', 'power bi', 'python']"
Data Analyst,"['sql', 'tableau', 'excel', 'sql', 'power bi', 'python']"
Data Analyst,"['business analysis', 'sql', 'data cleaning', 'data analysis', 'dashboarding', 'tableau', 'excel', 'sql', 'power bi', 'python']"
Data Analyst,"['machine learning', 'sql', 'excel', 'power bi', 'sql', 'python']"
Data Analyst,"['sas', 'javascript', 'java', 'power bi', 'python', 'sql', 'tableau']"
Data Analyst,"['spark', 'hadoop', 'tableau', 'python', 'sql', 'tableau']"
Data Analyst,"['machine learning', 'sql', 'excel', 'python', 'tableau']"
Data Analyst,"['sql', 'excel', 'python', 'sql']"
Data Analyst,"['power bi', 'python', 'power bi', 'python', 'tableau']"
Data Analyst,"['tableau', 'excel', 'power bi', 'sql', 'tableau']"
Data Analyst,"['data cleaning', 'data analysis', 'business analysis', 'sql', 'excel', 'sql', 'tableau']"
Data Analyst,"['tableau', 'excel', 'python', 'sql', 'power bi']"
Data Analyst,"['tableau', 'java', 'sql', 'javascript', 'python', 'power bi', 'python', 'tableau']"
Data Analyst,"['excel', 'tableau', 'excel', 'sql', 'power bi', 'python']"
Data Analyst,"['sql', 'business analysis', 'data cleaning', 'data analysis', 'dashboarding', 'excel', 'python', 'sql']"
Data Analyst,"['business analysis', 'sql', 'data cleaning', 'data analysis', 'dashboarding', 'excel', 'sql', 'tableau']"
Data Analyst,"['excel', 'sql', 'excel', 'sql', 'tableau']"
Data Analyst,"['excel', 'excel', 'power bi', 'python']"
Data Analyst,"['business analysis', 'sql', 'data cleaning', 'data analysis', 'dashboarding', 'excel', 'power bi', 'sql', 'python']"
Data Analyst,"['machine learning', 'python', 'cloud', 'tableau', 'excel', 'python', 'tableau']"
Data Analyst,"['data cleaning', 'data analysis', 'sql', 'dashboarding', 'power bi', 'sql', 'tableau']"
Data Analyst,"['sql', 'excel', 'sql', 'tableau']"
Data Analyst,"['sql', 'excel', 'sql', 'tableau']"
Data Analyst,"['sql', 'excel', 'power bi', 'sql', 'tableau']"
Data Analyst,"['sas', 'excel', 'sql', 'tableau']"
Data Analyst,"['data cleaning', 'business analysis', 'data analysis', 'sql', 'tableau', 'excel', 'sql', 'power bi', 'python']"
Data Analyst,"['business analysis', 'data analysis', 'sql', 'dashboarding', 'tableau', 'excel', 'sql', 'power bi', 'python']"
Data Analyst,"['sql', 'cloud', 'tableau', 'tableau', 'excel', 'sql', 'power bi', 'python']"
Data Analyst,"['power bi', 'python', 'tableau', 'power bi', 'tableau']"
Data Analyst,"['sql', 'power bi', 'sql', 'python']"
Data Analyst,"['business analysis', 'sql', 'data cleaning', 'data analysis', 'dashboarding', 'excel', 'power bi', 'python']"
Data Analyst,"['machine learning', 'excel', 'power bi', 'sql']"
Data Analyst,"['power bi', 'power bi', 'sql', 'python', 'tableau']"
Data Analyst,"['data cleaning', 'data analysis', 'business analysis', 'sql', 'excel', 'sql', 'tableau']"
Data Analyst,"['data cleaning', 'data analysis', 'business analysis', 'sql', 'excel', 'power bi', 'python', 'tableau']"
Data Analyst,"['python', 'javascript', 'java', 'excel', 'power bi', 'sql', 'python']"
Data Analyst,"['excel', 'tableau', 'excel', 'tableau']"
Data Analyst,"['python', 'excel', 'python', 'sql', 'power bi']"
Data Analyst,"['excel', 'power bi', 'tableau', 'excel', 'power bi', 'tableau']"
Data Analyst,"['sql', 'business analysis', 'data cleaning', 'data analysis', 'dashboarding', 'excel', 'python', 'sql', 'tableau']"
Data Analyst,"['tableau', 'cloud', 'sql', 'power bi', 'python', 'power bi', 'tableau']"
Data Analyst,"['sql', 'excel', 'python', 'sql']"
Data Analyst,"['business analysis', 'sql', 'data cleaning', 'data analysis', 'dashboarding', 'excel', 'python', 'tableau']"
Data Analyst,"['business analysis', 'sql', 'data cleaning', 'data analysis', 'dashboarding', 'tableau', 'excel', 'sql', 'power bi', 'python']"
Data Analyst,"['sas', 'python', 'sql', 'tableau']"
Data Analyst,"['machine learning', 'tableau', 'excel', 'sql', 'power bi', 'python']"
Data Analyst,"['business analysis', 'sql', 'data cleaning', 'data analysis', 'dashboarding', 'power bi', 'sql', 'python', 'tableau']"
Data Analyst,"['sas', 'excel', 'python', 'sql', 'tableau']"
Data Analyst,"['power bi', 'power bi', 'git']"
Data Analyst,"['sql', 'business analysis', 'data cleaning', 'data analysis', 'dashboarding', 'python', 'sql', 'tableau']"
Data Analyst,"['data cleaning', 'data analysis', 'business analysis', 'dashboarding', 'excel', 'python', 'tableau']"
Data Analyst,"['business analysis', 'data analysis', 'sql', 'dashboarding', 'tableau', 'excel', 'sql', 'power bi', 'python']"
Data Analyst,"['sas', 'javascript', 'java', 'excel', 'power bi', 'sql']"
Data Analyst,"['data cleaning', 'data analysis', 'sql', 'dashboarding', 'excel', 'python', 'sql']"
Data Analyst,"['business analysis', 'sql', 'data cleaning', 'data analysis', 'dashboarding', 'excel', 'python', 'sql', 'power bi']"
Data Analyst,"['business analysis', 'sql', 'data cleaning', 'data analysis', 'dashboarding', 'excel', 'python', 'sql']"
Data Analyst,"['sql', 'data analysis', 'business analysis', 'dashboarding', 'tableau', 'excel', 'sql', 'power bi', 'python']"
Data Analyst,"['sql', 'business analysis', 'data cleaning', 'data analysis', 'dashboarding', 'tableau', 'excel', 'sql', 'power bi', 'python']"
Data Analyst,"['python', 'aws', 'cloud', 'tableau', 'excel', 'power bi', 'tableau']"
Data Analyst,"['sql', 'excel', 'python', 'sql', 'tableau']"
Data Analyst,"['business analysis', 'sql', 'data cleaning', 'data analysis', 'dashboarding', 'excel', 'power bi', 'sql']"
Data Analyst,"['power bi', 'excel', 'power bi', 'sql', 'tableau']"
Data Analyst,"['sql', 'business analysis', 'data cleaning', 'data analysis', 'dashboarding', 'excel', 'power bi', 'python', 'tableau']"
Data Analyst,"['data cleaning', 'data analysis', 'sql', 'dashboarding', 'tableau', 'excel', 'sql', 'power bi', 'python']"
Data Analyst,"['business analysis', 'sql', 'data cleaning', 'data analysis', 'dashboarding', 'excel', 'power bi', 'python', 'sql']"
Data Analyst,"['sql', 'tableau', 'excel', 'sql', 'power bi', 'python']"
Data Analyst,"['machine learning', 'sql', 'azure', 'tableau', 'excel', 'sql', 'power bi', 'python']"
Data Analyst,"['power bi', 'excel', 'power bi', 'sql', 'tableau']"
Data Analyst,"['excel', 'azure', 'tableau', 'excel', 'tableau']"
Data Analyst,"['excel', 'sas', 'sql', 'power bi', 'azure', 'excel', 'power bi']"
Data Analyst,"['cloud', 'excel', 'python', 'sql', 'tableau']"
Data Analyst,"['python', 'sql', 'excel', 'power bi', 'sql', 'tableau']"
Data Analyst,"['excel', 'excel', 'python', 'tableau']"
Data Analyst,"['aws', 'tableau', 'excel', 'power bi', 'python', 'tableau']"
Data Analyst,"['excel', 'tableau', 'excel', 'sql', 'power bi', 'python']"
Data Analyst,"['tableau', 'excel', 'power bi', 'tableau']"
Data Analyst,"['power bi', 'python', 'tableau', 'power bi', 'tableau']"
Data Analyst,"['power bi', 'tableau', 'power bi', 'tableau']"
Data Analyst,"['excel', 'python', 'sql', 'tableau', 'excel', 'sql', 'power bi', 'python']"
Data Analyst,"['sql', 'tableau', 'excel', 'sql', 'power bi', 'python']"
Data Analyst,"['excel', 'tableau', 'excel', 'sql', 'power bi', 'python']"
Data Analyst,"['sql', 'business analysis', 'data cleaning', 'data analysis', 'dashboarding', 'power bi', 'sql', 'python', 'tableau']"
Data Analyst,"['python', 'sql', 'excel', 'python', 'tableau']"
Data Analyst,"['business analysis', 'sql', 'data cleaning', 'data analysis', 'dashboarding', 'excel', 'power bi', 'python', 'tableau']"
Data Analyst,"['python', 'tableau', 'excel', 'sql', 'power bi', 'python']"
Data Analyst,"['excel', 'excel', 'power bi', 'sql']"
Data Analyst,"['data cleaning', 'data analysis', 'sql', 'dashboarding', 'power bi', 'python', 'sql', 'tableau']"
Data Analyst,"['sql', 'data cleaning', 'business analysis', 'dashboarding', 'power bi', 'python', 'tableau']"
Data Analyst,"['deep learning', 'tableau', 'excel', 'sql', 'power bi', 'python']"
Data Analyst,"['excel', 'tableau', 'excel', 'tableau']"
Data Analyst,"['excel', 'tableau', 'excel', 'sql', 'power bi', 'python']"
Data Analyst,"['business analysis', 'sql', 'data cleaning', 'data analysis', 'dashboarding', 'excel', 'python', 'sql', 'tableau']"
Data Analyst,"['data cleaning', 'data analysis', 'business analysis', 'dashboarding', 'excel', 'power bi', 'sql', 'tableau']"
Data Analyst,"['power bi', 'python', 'tableau', 'power bi', 'tableau']"
Data Analyst,"['excel', 'tableau', 'excel', 'sql', 'power bi', 'python']"
Software Engineer,['jira']
Data Analyst,"['business analysis', 'sql', 'data cleaning', 'data analysis', 'dashboarding', 'tableau', 'excel', 'sql', 'power bi', 'python']"
Data Analyst,"['excel', 'python', 'sql', 'tableau']"
Data Analyst,"['data cleaning', 'data analysis', 'business analysis', 'sql', 'excel', 'power bi', 'tableau']"
Data Analyst,"['power bi', 'azure', 'power bi', 'python', 'tableau']"
Data Analyst,"['sql', 'tableau', 'excel', 'sql', 'power bi', 'python']"
Data Analyst,"['business analysis', 'sql', 'data cleaning', 'data analysis', 'dashboarding', 'excel', 'power bi', 'tableau']"
Data Analyst,"['machine learning', 'power bi', 'python', 'tableau']"
Data Analyst,"['tableau', 'sql', 'gcp', 'azure', 'python', 'tableau', 'excel', 'sql', 'power bi', 'python']"
Data Analyst,"['power bi', 'tableau', 'power bi', 'tableau']"
Data Analyst,"['business analysis', 'sql', 'data cleaning', 'data analysis', 'dashboarding', 'tableau', 'excel', 'sql', 'power bi', 'python']"
Data Analyst,"['excel', 'excel', 'power bi', 'tableau']"
Data Analyst,"['python', 'sql', 'tableau', 'power bi', 'sql', 'python', 'tableau']"
Data Analyst,"['data cleaning', 'data analysis', 'business analysis', 'dashboarding', 'excel', 'power bi', 'sql', 'tableau']"
Data Analyst,"['business analysis', 'sql', 'data cleaning', 'data analysis', 'dashboarding', 'tableau', 'excel', 'sql', 'power bi', 'python']"
Data Analyst,"['power bi', 'tableau', 'power bi', 'tableau']"
Data Analyst,"['machine learning', 'python', 'sql', 'tableau', 'excel', 'sql', 'power bi', 'python']"
Data Analyst,"['excel', 'sql', 'azure', 'power bi', 'python', 'excel', 'power bi']"
Data Analyst,"['sql', 'tableau', 'power bi', 'python', 'tableau']"
Data Analyst,"['data cleaning', 'business analysis', 'sql', 'dashboarding', 'tableau', 'excel', 'sql', 'power bi', 'python']"
Data Analyst,"['cloud', 'python', 'gcp', 'sql', 'tableau', 'excel', 'sql', 'power bi', 'python']"
Data Analyst,"['sql', 'business analysis', 'data cleaning', 'data analysis', 'dashboarding', 'excel', 'power bi', 'python', 'sql']"
Data Analyst,"['machine learning', 'python', 'excel', 'power bi', 'sql']"
Data Analyst,"['python', 'python', 'sql', 'tableau']"
Data Analyst,"['business analysis', 'sql', 'data cleaning', 'data analysis', 'dashboarding', 'excel', 'power bi', 'sql', 'tableau']"
Data Analyst,"['sas', 'tableau', 'excel', 'power bi', 'python']"
Data Analyst,"['business analysis', 'sql', 'data cleaning', 'data analysis', 'dashboarding', 'power bi', 'sql', 'python']"
Data Analyst,"['tableau', 'power bi', 'python', 'sql', 'tableau']"
Data Analyst,"['sql', 'business analysis', 'data cleaning', 'data analysis', 'dashboarding', 'excel', 'python', 'sql', 'tableau']"
Data Analyst,"['sql', 'gcp', 'cloud', 'excel', 'power bi', 'sql', 'tableau']"
Data Analyst,"['sql', 'excel', 'power bi', 'python', 'tableau']"
Data Analyst,"['business analysis', 'sql', 'data cleaning', 'data analysis', 'dashboarding', 'excel', 'power bi', 'python', 'sql']"
Data Analyst,"['business analysis', 'sql', 'data cleaning', 'data analysis', 'dashboarding', 'excel', 'power bi', 'python', 'tableau']"
Data Analyst,"['spark', 'hadoop', 'tableau', 'tableau', 'excel', 'sql', 'power bi', 'python']"
Data Analyst,"['sql', 'business analysis', 'data cleaning', 'data analysis', 'dashboarding', 'tableau', 'excel', 'sql', 'power bi', 'python']"
Data Analyst,"['excel', 'power bi', 'tableau', 'excel', 'power bi', 'tableau']"
Data Analyst,"['power bi', 'excel', 'power bi', 'tableau']"
Data Analyst,"['sql', 'business analysis', 'data cleaning', 'data analysis', 'dashboarding', 'excel', 'python', 'sql', 'tableau']"
Data Analyst,"['excel', 'power bi', 'sql', 'tableau', 'excel', 'power bi', 'tableau']"
Data Analyst,"['excel', 'excel', 'sql', 'tableau']"
Data Analyst,"['excel', 'sql', 'tableau', 'excel', 'sql', 'power bi', 'python']"
Data Analyst,"['excel', 'python', 'sql', 'python', 'sql', 'tableau']"
Data Analyst,"['excel', 'python', 'sql', 'excel', 'power bi', 'python', 'tableau']"
Data Analyst,"['power bi', 'python', 'sql', 'tableau', 'power bi', 'tableau']"
Data Analyst,"['excel', 'python', 'tableau', 'excel', 'sql', 'power bi', 'python']"
Data Analyst,"['excel', 'python', 'sql', 'excel', 'power bi', 'sql', 'python']"
Data Analyst,"['power bi', 'python', 'tableau', 'power bi', 'tableau']"
Data Analyst,"['excel', 'tableau', 'excel', 'sql', 'power bi', 'python']"
Data Analyst,"['excel', 'power bi', 'python', 'sql', 'excel', 'power bi']"
Data Analyst,"['spark', 'hadoop', 'java', 'excel', 'python', 'sql']"
Data Analyst,"['data cleaning', 'data analysis', 'business analysis', 'sql', 'excel', 'power bi', 'python', 'tableau']"
Data Analyst,"['business analysis', 'sql', 'data cleaning', 'data analysis', 'dashboarding', 'excel', 'power bi', 'sql', 'tableau']"
Data Analyst,"['data cleaning', 'business analysis', 'sql', 'dashboarding', 'power bi', 'python', 'sql', 'tableau']"
Data Analyst,"['business analysis', 'sql', 'data cleaning', 'data analysis', 'dashboarding', 'tableau', 'excel', 'sql', 'power bi', 'python']"
Data Analyst,"['business analysis', 'data analysis', 'sql', 'data cleaning', 'tableau', 'excel', 'sql', 'power bi', 'python']"
Data Analyst,"['excel', 'power bi', 'python', 'sql', 'tableau']"
Data Analyst,"['sas', 'tableau', 'excel', 'sql', 'power bi', 'python']"
Data Analyst,"['data cleaning', 'data analysis', 'business analysis', 'dashboarding', 'power bi', 'python', 'tableau']"
Data Analyst,"['excel', 'python', 'sql', 'tableau']"
Data Analyst,"['business analysis', 'sql', 'data cleaning', 'data analysis', 'dashboarding', 'tableau', 'excel', 'sql', 'power bi', 'python']"
Data Analyst,"['business analysis', 'sql', 'data cleaning', 'data analysis', 'dashboarding', 'power bi', 'sql', 'tableau']"
Data Analyst,"['business analysis', 'sql', 'data cleaning', 'data analysis', 'dashboarding', 'power bi', 'python', 'sql', 'tableau']"
Data Analyst,"['business analysis', 'sql', 'data cleaning', 'data analysis', 'dashboarding', 'tableau', 'excel', 'sql', 'power bi', 'python']"
Data Analyst,"['excel', 'tableau', 'excel', 'sql', 'power bi', 'python']"
Data Analyst,"['spark', 'nosql', 'mongodb', 'sql', 'tableau', 'excel', 'sql', 'power bi', 'python']"
Data Analyst,"['excel', 'sql', 'tableau', 'excel', 'sql', 'power bi', 'python']"
Data Analyst,"['sql', 'business analysis', 'data cleaning', 'data analysis', 'dashboarding', 'tableau', 'excel', 'sql', 'power bi', 'python']"
Data Analyst,"['sql', 'tableau', 'excel', 'python', 'sql', 'tableau']"
Data Analyst,"['machine learning', 'javascript', 'java', 'excel', 'power bi', 'python', 'tableau']"
Data Analyst,"['excel', 'java', 'sas', 'sql', 'javascript', 'python', 'sql', 'power bi']"
Data Analyst,"['excel', 'tableau', 'excel', 'sql', 'power bi', 'python']"
Data Analyst,"['sql', 'excel', 'power bi', 'python', 'sql']"
Data Analyst,"['business analysis', 'sql', 'data cleaning', 'data analysis', 'dashboarding', 'tableau', 'excel', 'sql', 'power bi', 'python']"
Data Analyst,"['business analysis', 'sql', 'data cleaning', 'data analysis', 'dashboarding', 'excel', 'sql', 'tableau']"
Data Analyst,"['business analysis', 'data analysis', 'sql', 'data cleaning', 'python', 'sql', 'power bi']"
Data Analyst,"['sql', 'business analysis', 'data cleaning', 'data analysis', 'dashboarding', 'power bi', 'sql', 'tableau']"
Data Analyst,"['sql', 'business analysis', 'data cleaning', 'data analysis', 'dashboarding', 'power bi', 'sql', 'tableau']"
Data Analyst,"['tableau', 'power bi', 'javascript', 'java', 'power bi', 'tableau']"
Data Analyst,"['business analysis', 'sql', 'data cleaning', 'data analysis', 'dashboarding', 'tableau', 'excel', 'sql', 'power bi', 'python']"
Data Analyst,"['business analysis', 'sql', 'data cleaning', 'data analysis', 'dashboarding', 'power bi', 'python', 'sql', 'tableau']"
Data Analyst,"['excel', 'power bi', 'python', 'tableau', 'excel', 'power bi', 'tableau']"
Data Analyst,"['data cleaning', 'data analysis', 'business analysis', 'sql', 'excel', 'python', 'sql', 'tableau']"
Data Analyst,"['business analysis', 'sql', 'data cleaning', 'data analysis', 'dashboarding', 'excel', 'sql', 'tableau']"
Data Analyst,"['sql', 'business analysis', 'data cleaning', 'data analysis', 'dashboarding', 'excel', 'power bi', 'tableau']"
Data Analyst,"['python', 'tableau', 'excel', 'sql', 'tableau']"
Data Analyst,"['spark', 'python', 'power bi', 'sql', 'tableau']"
Data Analyst,"['sql', 'business analysis', 'data cleaning', 'data analysis', 'dashboarding', 'tableau', 'excel', 'sql', 'power bi', 'python']"
Data Analyst,"['excel', 'excel', 'python', 'sql', 'tableau']"
Data Analyst,"['sas', 'excel', 'python', 'sql', 'tableau']"
Data Analyst,"['sql', 'business analysis', 'data cleaning', 'data analysis', 'dashboarding', 'tableau', 'excel', 'sql', 'power bi', 'python']"
Data Analyst,"['business analysis', 'sql', 'data cleaning', 'data analysis', 'dashboarding', 'excel', 'power bi', 'sql', 'tableau']"
Data Analyst,"['power bi', 'sas', 'tableau', 'power bi', 'tableau']"
Data Analyst,"['business analysis', 'sql', 'data cleaning', 'data analysis', 'dashboarding', 'excel', 'power bi', 'tableau']"
Data Analyst,"['sas', 'tableau', 'excel', 'sql', 'power bi', 'python']"
Data Analyst,"['data cleaning', 'data analysis', 'business analysis', 'sql', 'excel', 'sql', 'tableau']"
Data Analyst,"['business analysis', 'sql', 'data cleaning', 'data analysis', 'dashboarding', 'power bi', 'sql', 'python', 'tableau']"
Data Analyst,"['sql', 'business analysis', 'data cleaning', 'data analysis', 'dashboarding', 'excel', 'python', 'tableau']"
Data Analyst,"['sql', 'python', 'sql', 'tableau']"
Data Analyst,"['business analysis', 'sql', 'data cleaning', 'data analysis', 'dashboarding', 'excel', 'python', 'sql', 'tableau']"
Data Analyst,"['business analysis', 'sql', 'data cleaning', 'data analysis', 'dashboarding', 'tableau', 'excel', 'sql', 'power bi', 'python']"
Data Analyst,"['power bi', 'azure', 'excel', 'power bi', 'sql', 'tableau']"
Data Analyst,"['spark', 'hadoop', 'java', 'javascript', 'python', 'power bi', 'sql', 'tableau']"
Data Analyst,"['business analysis', 'sql', 'data cleaning', 'data analysis', 'dashboarding', 'python', 'sql', 'power bi', 'tableau']"
Data Analyst,"['sql', 'power bi', 'sql', 'tableau']"
Software Engineer,"['sql', 'java', 'git']"
Data Analyst,"['power bi', 'sql', 'excel', 'python', 'sql', 'tableau']"
Data Analyst,"['data cleaning', 'data analysis', 'business analysis', 'dashboarding', 'excel', 'python', 'sql', 'tableau']"
Data Analyst,"['tableau', 'excel', 'python', 'sql', 'power bi']"
Data Analyst,"['data cleaning', 'data analysis', 'business analysis', 'dashboarding', 'excel', 'python', 'sql']"
Data Analyst,"['sql', 'tableau', 'power bi', 'python', 'tableau']"
Data Analyst,"['spark', 'sql', 'excel', 'sql', 'tableau']"
Data Analyst,"['python', 'tableau', 'tableau', 'excel', 'sql', 'power bi', 'python']"
Data Analyst,"['excel', 'sql', 'excel', 'python', 'tableau']"
Data Analyst,"['sas', 'python', 'tableau', 'excel', 'sql', 'power bi', 'python']"
Data Analyst,"['business analysis', 'sql', 'data cleaning', 'data analysis', 'dashboarding', 'tableau', 'excel', 'sql', 'power bi', 'python']"
Data Analyst,"['sql', 'tableau', 'excel', 'sql', 'power bi', 'python']"
Data Analyst,"['excel', 'excel', 'power bi', 'sql', 'tableau']"
Data Analyst,"['sql', 'tableau', 'excel', 'sql', 'power bi', 'python']"
Data Analyst,"['business analysis', 'sql', 'data cleaning', 'data analysis', 'dashboarding', 'excel', 'python', 'sql', 'tableau']"
Data Analyst,"['sql', 'excel', 'power bi', 'python', 'sql']"
Data Analyst,"['excel', 'python', 'sql', 'tableau', 'excel', 'tableau']"
Data Analyst,"['excel', 'tableau', 'excel', 'sql', 'power bi', 'python']"
Data Analyst,"['data cleaning', 'business analysis', 'sql', 'dashboarding', 'excel', 'power bi', 'python', 'tableau']"
Data Analyst,"['excel', 'excel', 'power bi', 'tableau']"
Data Analyst,"['cloud', 'tableau', 'tableau', 'excel', 'sql', 'power bi', 'python']"
Data Analyst,"['javascript', 'java', 'excel', 'power bi', 'sql', 'tableau']"
Data Analyst,"['python', 'aws', 'tableau', 'git', 'tableau']"
Data Analyst,"['business analysis', 'sql', 'data cleaning', 'data analysis', 'dashboarding', 'excel', 'power bi', 'sql', 'python']"
Data Analyst,"['excel', 'power bi', 'excel', 'power bi']"
Data Analyst,"['data cleaning', 'data analysis', 'business analysis', 'sql', 'tableau', 'excel', 'sql', 'power bi', 'python']"
Data Analyst,"['sql', 'power bi', 'sql', 'python', 'tableau']"
Data Analyst,"['sas', 'sql', 'python', 'sql', 'tableau']"
Data Analyst,"['sql', 'business analysis', 'data cleaning', 'data analysis', 'dashboarding', 'excel', 'power bi', 'python', 'tableau']"
Data Analyst,"['hadoop', 'sas', 'java', 'excel', 'power bi', 'python']"
Data Analyst,"['excel', 'power bi', 'sql', 'tableau']"
Data Analyst,"['sql', 'power bi', 'sql', 'python', 'tableau']"
Data Analyst,"['excel', 'excel', 'python', 'sql']"
Data Analyst,"['excel', 'sql', 'tableau', 'excel', 'tableau']"
Data Analyst,"['sas', 'sql', 'power bi', 'python', 'sql', 'tableau']"
Data Analyst,"['tableau', 'python', 'sql', 'tableau']"
Data Analyst,"['sas', 'sql', 'power bi', 'sql', 'python', 'tableau']"
Data Analyst,"['business analysis', 'sql', 'data cleaning', 'data analysis', 'dashboarding', 'excel', 'power bi', 'sql', 'tableau']"
Data Analyst,"['excel', 'excel']"
Data Analyst,"['machine learning', 'sql', 'excel', 'python', 'sql', 'tableau']"
Data Analyst,"['excel', 'sql', 'tableau', 'excel', 'tableau']"
Data Analyst,"['power bi', 'python', 'power bi', 'python', 'sql', 'tableau']"
Data Analyst,"['machine learning', 'sql', 'python', 'sql', 'tableau']"
Data Analyst,"['business analysis', 'sql', 'data cleaning', 'data analysis', 'dashboarding', 'tableau', 'excel', 'sql', 'power bi', 'python']"
Data Analyst,"['business analysis', 'data analysis', 'sql', 'dashboarding', 'tableau', 'excel', 'sql', 'power bi', 'python']"
Data Analyst,"['excel', 'sql', 'tableau', 'excel', 'sql', 'power bi', 'python']"
Data Analyst,"['excel', 'power bi', 'excel', 'power bi']"
Data Analyst,"['python', 'sql', 'tableau', 'tableau', 'excel', 'sql', 'power bi', 'python']"
Data Analyst,"['sql', 'excel', 'python', 'sql']"
Data Analyst,"['excel', 'excel', 'jira']"
Data Analyst,"['data cleaning', 'data analysis', 'business analysis', 'sql', 'power bi', 'sql', 'python', 'tableau']"
Data Analyst,"['business analysis', 'sql', 'data cleaning', 'data analysis', 'dashboarding', 'excel', 'power bi', 'sql', 'python']"
Data Analyst,"['business analysis', 'sql', 'data cleaning', 'data analysis', 'dashboarding', 'excel', 'python', 'tableau']"
Data Analyst,"['sql', 'tableau', 'excel', 'python', 'sql']"
Data Analyst,"['power bi', 'sql', 'aws', 'tableau', 'power bi', 'tableau']"
Data Analyst,"['power bi', 'aws', 'cloud', 'tableau', 'power bi', 'tableau']"
Data Analyst,"['gcp', 'azure', 'aws', 'tableau', 'excel', 'sql', 'power bi', 'python']"
Data Analyst,"['python', 'tableau', 'excel', 'sql', 'power bi', 'python']"
Data Analyst,"['data cleaning', 'data analysis', 'business analysis', 'dashboarding', 'excel', 'power bi', 'sql', 'tableau']"
Data Analyst,"['sql', 'business analysis', 'data cleaning', 'data analysis', 'dashboarding', 'power bi', 'python', 'sql', 'tableau']"
Data Analyst,"['sql', 'data analysis', 'business analysis', 'dashboarding', 'excel', 'sql', 'tableau']"
Data Analyst,"['machine learning', 'power bi', 'python', 'aws', 'excel', 'sql', 'tableau']"
Data Analyst,"['business analysis', 'sql', 'data cleaning', 'data analysis', 'dashboarding', 'tableau', 'excel', 'sql', 'power bi', 'python']"
Data Analyst,"['sql', 'business analysis', 'data cleaning', 'data analysis', 'dashboarding', 'excel', 'power bi', 'python']"
Data Analyst,"['excel', 'excel', 'git']"
Data Analyst,"['cloud', 'python', 'sql', 'tableau', 'excel', 'sql', 'power bi', 'python']"
Data Analyst,"['hadoop', 'tableau', 'excel', 'sql', 'power bi', 'python']"
Data Analyst,"['sql', 'tableau', 'excel', 'sql', 'power bi', 'python']"
Data Analyst,"['sas', 'python', 'sql', 'excel', 'sql', 'tableau']"
Data Analyst,"['power bi', 'tableau', 'excel', 'sql', 'power bi', 'python']"
Data Analyst,"['excel', 'python', 'sql', 'tableau', 'excel', 'tableau']"
Data Analyst,"['sql', 'tableau', 'tableau', 'jira']"
Data Analyst,"['excel', 'sql', 'tableau', 'excel', 'sql', 'power bi', 'python']"
Data Analyst,"['business analysis', 'sql', 'data cleaning', 'data analysis', 'dashboarding', 'excel', 'power bi', 'sql']"
Data Analyst,"['spark', 'sql', 'azure', 'power bi', 'python', 'tableau']"
Data Analyst,"['sql', 'excel', 'power bi', 'python']"
Data Analyst,"['power bi', 'power bi', 'sql', 'python']"
Data Analyst,"['business analysis', 'sql', 'data cleaning', 'data analysis', 'dashboarding', 'tableau', 'excel', 'sql', 'power bi', 'python']"
Data Analyst,"['excel', 'tableau', 'excel', 'sql', 'power bi', 'python']"
Data Analyst,"['excel', 'tableau', 'excel', 'sql', 'power bi', 'python']"
Data Analyst,"['python', 'excel', 'power bi', 'python', 'sql']"
Data Analyst,"['machine learning', 'tableau', 'excel', 'sql', 'power bi', 'python']"
Data Analyst,"['data cleaning', 'data analysis', 'business analysis', 'sql', 'tableau', 'excel', 'sql', 'power bi', 'python']"
Data Analyst,"['business analysis', 'sql', 'data cleaning', 'data analysis', 'dashboarding', 'tableau', 'excel', 'sql', 'power bi', 'python']"
Data Analyst,"['power bi', 'power bi', 'sql', 'python', 'tableau']"
Data Analyst,"['data cleaning', 'data analysis', 'business analysis', 'dashboarding', 'tableau', 'excel', 'sql', 'power bi', 'python']"
Data Analyst,"['tableau', 'nosql', 'java', 'sql', 'javascript', 'python', 'sql', 'power bi', 'tableau']"
Data Analyst,"['power bi', 'tableau', 'power bi', 'tableau']"
Data Analyst,"['power bi', 'python', 'tableau', 'java', 'power bi', 'tableau']"
Data Analyst,"['data cleaning', 'data analysis', 'business analysis', 'sql', 'excel', 'python', 'tableau']"
Data Analyst,"['excel', 'sql', 'tableau', 'excel', 'tableau']"
Data Analyst,"['data cleaning', 'data analysis', 'sql', 'dashboarding', 'power bi', 'sql', 'python', 'tableau']"
Data Analyst,"['power bi', 'excel', 'power bi', 'python', 'tableau']"
Data Analyst,"['javascript', 'java', 'excel', 'python', 'sql', 'tableau']"
Data Analyst,"['tableau', 'excel', 'sql', 'tableau']"
Data Analyst,"['excel', 'sas', 'excel', 'power bi', 'sql', 'tableau']"
Data Analyst,"['excel', 'power bi', 'sql', 'tableau', 'excel', 'power bi', 'tableau']"
Data Analyst,"['business analysis', 'sql', 'data cleaning', 'data analysis', 'dashboarding', 'excel', 'power bi', 'python']"
Data Analyst,"['sql', 'data analysis', 'business analysis', 'dashboarding', 'excel', 'python', 'sql', 'tableau']"
Data Analyst,"['sql', 'excel', 'python', 'tableau']"
Data Analyst,"['machine learning', 'python', 'sql', 'tableau']"
Data Analyst,"['tableau', 'excel', 'power bi', 'sql', 'python']"
Data Analyst,"['spark', 'python', 'sql', 'tableau', 'excel', 'sql', 'power bi', 'python']"
Data Analyst,"['spark', 'python', 'tableau', 'excel', 'sql', 'power bi', 'python']"
Data Analyst,"['sql', 'tableau', 'excel', 'sql', 'power bi', 'python']"
Data Analyst,"['azure', 'aws', 'cloud', 'tableau', 'excel', 'sql', 'power bi', 'python']"
Data Analyst,"['machine learning', 'tableau', 'cloud', 'python', 'aws', 'excel', 'power bi', 'python', 'tableau']"
Data Analyst,"['excel', 'sql', 'excel', 'power bi', 'python']"
Data Analyst,"['data cleaning', 'data analysis', 'sql', 'dashboarding', 'excel', 'power bi', 'sql']"
Data Analyst,"['business analysis', 'data analysis', 'sql', 'dashboarding', 'tableau', 'excel', 'sql', 'power bi', 'python']"
Data Analyst,"['excel', 'sas', 'sql', 'tableau', 'excel', 'tableau']"
Data Analyst,"['excel', 'tableau', 'excel', 'sql', 'power bi', 'python']"
Data Analyst,"['business analysis', 'sql', 'data cleaning', 'data analysis', 'dashboarding', 'excel', 'power bi', 'tableau']"
Data Analyst,"['excel', 'excel', 'power bi', 'python', 'tableau']"
Data Analyst,"['sql', 'cloud', 'excel', 'python', 'sql', 'tableau']"
Data Analyst,"['aws', 'excel', 'power bi', 'sql']"
Data Analyst,"['data cleaning', 'data analysis', 'business analysis', 'sql', 'tableau', 'excel', 'sql', 'power bi', 'python']"
Data Analyst,"['business analysis', 'sql', 'data cleaning', 'data analysis', 'dashboarding', 'excel', 'power bi', 'python', 'tableau']"
Data Analyst,"['sql', 'excel', 'power bi', 'sql', 'tableau']"
Data Analyst,"['business analysis', 'sql', 'data cleaning', 'data analysis', 'dashboarding', 'excel', 'python', 'sql', 'tableau']"
Data Analyst,"['excel', 'excel', 'power bi', 'sql']"
Data Analyst,"['cloud', 'python', 'aws', 'sql', 'excel', 'sql', 'tableau']"
Data Analyst,"['machine learning', 'cloud', 'tableau', 'excel', 'power bi', 'python', 'sql']"
Data Analyst,"['sql', 'business analysis', 'data cleaning', 'data analysis', 'dashboarding', 'python', 'sql', 'power bi']"
Data Analyst,"['business analysis', 'sql', 'data cleaning', 'data analysis', 'dashboarding', 'excel', 'python', 'sql']"
Data Analyst,"['sql', 'business analysis', 'data cleaning', 'data analysis', 'dashboarding', 'excel', 'power bi', 'tableau']"
Data Analyst,"['python', 'tableau', 'excel', 'power bi', 'python', 'tableau']"
Data Analyst,"['machine learning', 'power bi', 'sql', 'python', 'tableau']"
Data Analyst,"['power bi', 'excel', 'power bi', 'python', 'sql']"
Data Analyst,"['machine learning', 'tableau', 'excel', 'sql', 'power bi', 'python']"
Data Analyst,"['sql', 'business analysis', 'data cleaning', 'data analysis', 'dashboarding', 'tableau', 'excel', 'sql', 'power bi', 'python']"
Data Analyst,"['data cleaning', 'data analysis', 'business analysis', 'dashboarding', 'tableau', 'excel', 'sql', 'power bi', 'python']"
Data Analyst,"['excel', 'python', 'power bi', 'sql', 'python', 'tableau']"
Data Analyst,"['excel', 'excel', 'power bi', 'tableau']"
Data Analyst,"['excel', 'power bi', 'sql', 'python']"
Data Analyst,"['sas', 'excel', 'python', 'sql', 'tableau']"
Data Analyst,"['sql', 'power bi', 'python', 'sql']"
Data Analyst,"['business analysis', 'sql', 'data cleaning', 'data analysis', 'dashboarding', 'excel', 'python', 'sql']"
Data Analyst,"['sql', 'excel', 'power bi', 'tableau']"
Data Analyst,"['excel', 'tableau', 'excel', 'sql', 'power bi', 'python']"
Data Analyst,"['excel', 'power bi', 'excel', 'power bi']"
Data Analyst,"['sas', 'tableau', 'excel', 'sql', 'power bi', 'python']"
Data Analyst,"['excel', 'tableau', 'excel', 'sql', 'power bi', 'python']"
Data Analyst,"['tableau', 'excel', 'power bi', 'tableau']"
Data Analyst,"['business analysis', 'sql', 'data cleaning', 'data analysis', 'dashboarding', 'excel', 'power bi', 'sql', 'tableau']"
Data Analyst,"['sql', 'aws', 'python', 'sql', 'tableau']"
Data Analyst,"['business analysis', 'sql', 'data cleaning', 'data analysis', 'dashboarding', 'python', 'sql', 'tableau']"
Data Analyst,"['excel', 'sql', 'tableau', 'excel', 'sql', 'power bi', 'python']"
Data Analyst,"['sql', 'tableau', 'excel', 'sql', 'power bi', 'python']"
Data Analyst,"['sql', 'data analysis', 'business analysis', 'dashboarding', 'excel', 'power bi', 'python']"
Data Analyst,"['python', 'tableau', 'excel', 'sql', 'power bi', 'python']"
Data Analyst,"['sql', 'business analysis', 'data cleaning', 'data analysis', 'dashboarding', 'excel', 'power bi', 'python', 'tableau']"
Data Analyst,"['sql', 'excel', 'python', 'sql']"
Data Analyst,"['power bi', 'python', 'tableau', 'power bi', 'tableau']"
Data Analyst,"['business analysis', 'sql', 'data cleaning', 'data analysis', 'dashboarding', 'tableau', 'excel', 'sql', 'power bi', 'python']"
Data Analyst,"['business analysis', 'sql', 'data cleaning', 'data analysis', 'dashboarding', 'excel', 'power bi', 'tableau']"
Data Analyst,"['sas', 'excel', 'power bi', 'sql', 'tableau']"
Data Analyst,"['sas', 'excel', 'power bi', 'sql', 'tableau']"
Data Analyst,"['business analysis', 'sql', 'data cleaning', 'data analysis', 'dashboarding', 'excel', 'python', 'sql', 'tableau']"
Data Analyst,"['business analysis', 'sql', 'data cleaning', 'data analysis', 'dashboarding', 'tableau', 'excel', 'sql', 'power bi', 'python']"
Data Analyst,"['machine learning', 'excel', 'python', 'tableau']"
Data Analyst,"['machine learning', 'excel', 'tableau', 'excel', 'sql', 'power bi', 'python']"
Data Analyst,"['machine learning', 'excel', 'tableau', 'excel', 'sql', 'power bi', 'python']"
Software Engineer,"['hadoop', 'python', 'tableau', 'tableau']"
Data Analyst,"['excel', 'excel', 'power bi', 'sql', 'tableau']"
Data Analyst,"['sql', 'excel', 'power bi', 'sql']"
Data Analyst,"['sql', 'power bi', 'sql', 'python', 'tableau']"
Machine Learning Engineer,"['machine learning', 'pytorch', 'mlflow', 'tensorflow', 'docker']"
Data Analyst,"['python', 'java', 'tableau', 'excel', 'sql', 'power bi', 'python']"
Data Analyst,"['hadoop', 'python', 'tableau', 'excel', 'power bi', 'sql', 'tableau']"
Data Analyst,"['power bi', 'sql', 'tableau', 'power bi', 'tableau']"
Data Analyst,"['excel', 'python', 'sql', 'power bi', 'python', 'tableau']"
Data Analyst,"['python', 'sql', 'power bi', 'python', 'tableau']"
Data Analyst,"['excel', 'python', 'sql', 'tableau', 'excel', 'sql', 'power bi', 'python']"
Data Analyst,"['python', 'sql', 'excel', 'power bi', 'sql']"
Data Analyst,"['sql', 'power bi', 'python', 'sql']"
Data Analyst,"['power bi', 'sql', 'tableau', 'power bi', 'tableau']"
Data Analyst,"['data cleaning', 'data analysis', 'business analysis', 'sql', 'excel', 'power bi', 'python', 'tableau']"
Data Analyst,"['excel', 'excel']"
Data Analyst,"['spark', 'hadoop', 'sql', 'power bi', 'sql', 'python', 'tableau']"
Data Analyst,"['java', 'excel', 'power bi', 'tableau']"
Data Analyst,"['sql', 'excel', 'power bi', 'python', 'tableau']"
Data Analyst,"['excel', 'python', 'sql', 'excel', 'power bi', 'python', 'tableau']"
Data Analyst,"['power bi', 'tableau', 'power bi', 'tableau']"
Data Analyst,"['excel', 'sql', 'tableau', 'excel', 'sql', 'power bi', 'python']"
Data Analyst,"['power bi', 'python', 'sql', 'power bi', 'python', 'sql', 'tableau']"
Data Analyst,"['excel', 'python', 'sql', 'excel', 'power bi', 'sql', 'tableau']"
Data Analyst,"['tableau', 'hadoop', 'java', 'sql', 'gcp', 'python', 'power bi', 'python', 'tableau']"
Data Analyst,"['excel', 'sql', 'excel', 'sql', 'tableau']"
Data Analyst,"['sql', 'tableau', 'excel', 'sql', 'power bi', 'python']"
Data Analyst,"['excel', 'sql', 'excel', 'python', 'sql', 'tableau']"
Data Analyst,"['excel', 'python', 'sql', 'python', 'sql', 'tableau']"
Data Analyst,"['business analysis', 'sql', 'data cleaning', 'data analysis', 'dashboarding', 'tableau', 'excel', 'sql', 'power bi', 'python']"
Data Analyst,"['data cleaning', 'business analysis', 'sql', 'dashboarding', 'tableau', 'excel', 'sql', 'power bi', 'python']"
Data Analyst,"['power bi', 'excel', 'power bi', 'python', 'tableau']"
Data Analyst,"['sas', 'python', 'sql', 'tableau', 'excel', 'sql', 'power bi', 'python']"
Data Analyst,"['python', 'sql', 'excel', 'power bi', 'python']"
Data Analyst,"['excel', 'python', 'tensorflow', 'excel', 'power bi', 'python', 'tableau']"
Data Analyst,"['data cleaning', 'data analysis', 'sql', 'dashboarding', 'tableau', 'excel', 'sql', 'power bi', 'python']"
Data Analyst,"['excel', 'excel', 'power bi', 'python']"
Data Analyst,"['sql', 'excel', 'python', 'sql', 'power bi']"
Data Analyst,"['excel', 'power bi', 'python', 'tableau']"
Data Analyst,"['excel', 'excel', 'power bi', 'sql', 'tableau']"
Data Analyst,"['sql', 'business analysis', 'data cleaning', 'data analysis', 'dashboarding', 'python', 'sql', 'tableau']"
Data Analyst,"['machine learning', 'power bi', 'tableau', 'power bi', 'tableau']"
Data Analyst,"['excel', 'excel', 'python', 'sql']"
Data Analyst,"['tableau', 'excel', 'power bi', 'tableau']"
Data Analyst,"['power bi', 'sql', 'tableau', 'power bi', 'tableau']"
Data Analyst,"['business analysis', 'sql', 'data cleaning', 'data analysis', 'dashboarding', 'excel', 'power bi', 'sql', 'tableau']"
Data Analyst,"['excel', 'excel', 'python', 'sql']"
Data Analyst,"['sas', 'excel', 'power bi', 'python', 'tableau']"
Data Analyst,"['data cleaning', 'business analysis', 'data analysis', 'sql', 'excel', 'power bi', 'sql']"
Data Analyst,"['power bi', 'excel', 'power bi', 'sql']"
Data Analyst,"['business analysis', 'sql', 'data cleaning', 'data analysis', 'dashboarding', 'excel', 'power bi', 'python', 'tableau']"
Data Analyst,"['data cleaning', 'data analysis', 'business analysis', 'dashboarding', 'power bi', 'python', 'tableau']"
Data Analyst,"['business analysis', 'sql', 'data cleaning', 'data analysis', 'dashboarding', 'excel', 'power bi', 'sql', 'tableau']"
Data Analyst,"['python', 'aws', 'cloud', 'tableau', 'tableau', 'excel', 'sql', 'power bi', 'python']"
Data Analyst,"['sql', 'excel', 'sql', 'tableau']"
Data Analyst,"['sql', 'tableau', 'excel', 'sql', 'power bi', 'python']"
Data Analyst,"['excel', 'power bi', 'excel', 'power bi']"
Data Analyst,"['business analysis', 'sql', 'data cleaning', 'data analysis', 'dashboarding', 'tableau', 'excel', 'sql', 'power bi', 'python']"
Data Analyst,"['excel', 'python', 'sql', 'tableau', 'excel', 'tableau']"
Data Analyst,"['sql', 'business analysis', 'data cleaning', 'data analysis', 'dashboarding', 'power bi', 'python', 'tableau']"
Data Analyst,"['sas', 'javascript', 'java', 'tableau', 'excel', 'sql', 'power bi', 'python']"
Data Analyst,"['business analysis', 'sql', 'data cleaning', 'data analysis', 'dashboarding', 'excel', 'power bi', 'sql', 'tableau']"
Data Analyst,"['excel', 'java', 'sas', 'javascript', 'azure', 'python', 'power bi', 'sql', 'tableau']"
Data Analyst,"['excel', 'power bi', 'python', 'sql']"
Data Analyst,"['excel', 'sas', 'tableau', 'excel', 'tableau']"
Data Analyst,"['data cleaning', 'business analysis', 'sql', 'dashboarding', 'excel', 'python', 'sql', 'tableau']"
Data Analyst,"['data cleaning', 'business analysis', 'data analysis', 'sql', 'tableau', 'excel', 'sql', 'power bi', 'python']"
Data Analyst,"['sql', 'business analysis', 'data cleaning', 'data analysis', 'dashboarding', 'excel', 'python', 'sql']"
Data Analyst,"['sql', 'business analysis', 'data cleaning', 'data analysis', 'dashboarding', 'tableau', 'excel', 'sql', 'power bi', 'python']"
Data Analyst,"['excel', 'excel', 'power bi', 'python', 'tableau']"
Data Analyst,"['business analysis', 'sql', 'data cleaning', 'data analysis', 'dashboarding', 'python', 'sql', 'tableau']"
Data Analyst,"['python', 'java', 'excel', 'power bi', 'python']"
Data Analyst,"['excel', 'python', 'excel', 'sql', 'tableau']"
Data Analyst,"['business analysis', 'sql', 'data cleaning', 'data analysis', 'dashboarding', 'python', 'sql', 'tableau']"
Data Analyst,"['business analysis', 'sql', 'data cleaning', 'data analysis', 'dashboarding', 'excel', 'power bi', 'sql']"
Data Analyst,"['sql', 'business analysis', 'data cleaning', 'data analysis', 'dashboarding', 'excel', 'power bi', 'python', 'tableau']"
Data Analyst,"['excel', 'sql', 'excel', 'python', 'tableau']"
Data Analyst,"['sas', 'power bi', 'python', 'tableau']"
Data Analyst,"['business analysis', 'sql', 'data cleaning', 'data analysis', 'dashboarding', 'power bi', 'python', 'sql', 'tableau']"
Data Analyst,"['business analysis', 'sql', 'data cleaning', 'data analysis', 'dashboarding', 'excel', 'power bi', 'python', 'tableau']"
Data Analyst,"['machine learning', 'tableau', 'excel', 'sql', 'power bi', 'python']"
Data Analyst,"['sql', 'business analysis', 'data cleaning', 'data analysis', 'dashboarding', 'python', 'sql', 'tableau']"
Data Analyst,"['sql', 'business analysis', 'data cleaning', 'data analysis', 'dashboarding', 'tableau', 'excel', 'sql', 'power bi', 'python']"
Data Analyst,"['python', 'sql', 'power bi', 'python', 'tableau']"
Data Analyst,"['business analysis', 'data analysis', 'sql', 'dashboarding', 'tableau', 'excel', 'sql', 'power bi', 'python']"
Data Analyst,"['sql', 'tableau', 'excel', 'sql', 'power bi', 'python']"
Data Analyst,"['data cleaning', 'business analysis', 'sql', 'dashboarding', 'excel', 'sql', 'tableau']"
Data Analyst,"['excel', 'excel', 'power bi', 'sql']"
Data Analyst,"['excel', 'excel', 'python', 'sql']"
Software Engineer,"['python', 'aws', 'cloud', 'jenkins']"
Data Analyst,"['nosql', 'python', 'sql', 'power bi', 'python', 'sql', 'tableau']"
Data Analyst,"['business analysis', 'sql', 'data cleaning', 'data analysis', 'dashboarding', 'power bi', 'sql', 'tableau']"
Data Analyst,"['data cleaning', 'data analysis', 'sql', 'dashboarding', 'tableau', 'excel', 'sql', 'power bi', 'python']"
Data Analyst,"['machine learning', 'python', 'sql', 'tableau', 'excel', 'sql', 'power bi', 'python']"
Data Analyst,"['power bi', 'tableau', 'power bi', 'tableau']"
Data Analyst,"['excel', 'hadoop', 'power bi', 'tableau', 'excel', 'power bi', 'tableau']"
Data Analyst,"['sas', 'sql', 'excel', 'power bi', 'python', 'tableau']"
Data Analyst,"['business analysis', 'sql', 'data cleaning', 'data analysis', 'dashboarding', 'excel', 'power bi', 'sql', 'tableau']"
Data Analyst,"['sql', 'power bi', 'python', 'sql', 'tableau']"
Data Analyst,"['excel', 'java', 'sas', 'sql', 'javascript', 'excel', 'power bi', 'sql']"
Data Analyst,"['python', 'aws', 'sql', 'tableau', 'excel', 'sql', 'power bi', 'python']"
Data Analyst,"['data cleaning', 'data analysis', 'sql', 'dashboarding', 'excel', 'python', 'sql', 'tableau']"
Data Analyst,"['spark', 'hadoop', 'sql', 'gcp', 'python', 'excel', 'power bi', 'tableau']"
Data Analyst,"['hadoop', 'excel', 'power bi', 'sql', 'tableau']"
Data Analyst,"['excel', 'sas', 'python', 'tableau', 'excel', 'tableau']"
Data Analyst,"['excel', 'python', 'sql', 'tableau']"
Data Analyst,"['machine learning', 'excel', 'power bi', 'sql', 'python']"
Data Analyst,"['machine learning', 'excel', 'python', 'sql', 'excel', 'power bi', 'python']"
Data Analyst,"['power bi', 'python', 'sql', 'azure', 'excel', 'sql', 'tableau']"
Data Analyst,"['business analysis', 'sql', 'data cleaning', 'data analysis', 'dashboarding', 'tableau', 'excel', 'sql', 'power bi', 'python']"
Data Analyst,"['data cleaning', 'data analysis', 'business analysis', 'dashboarding', 'tableau', 'excel', 'sql', 'power bi', 'python']"
Data Analyst,"['python', 'power bi', 'sql', 'python', 'tableau']"
Data Analyst,"['sql', 'business analysis', 'data cleaning', 'data analysis', 'dashboarding', 'excel', 'power bi', 'python', 'sql']"
Data Analyst,"['data cleaning', 'business analysis', 'sql', 'dashboarding', 'excel', 'python', 'sql', 'tableau']"
Data Analyst,"['sql', 'business analysis', 'data cleaning', 'data analysis', 'dashboarding', 'excel', 'power bi', 'sql', 'python']"
Data Analyst,"['power bi', 'tableau', 'power bi', 'tableau']"
Data Analyst,"['business analysis', 'sql', 'data cleaning', 'data analysis', 'dashboarding', 'tableau', 'excel', 'sql', 'power bi', 'python']"
Data Analyst,"['python', 'sql', 'excel', 'python', 'sql']"
Data Analyst,"['business analysis', 'sql', 'data cleaning', 'data analysis', 'dashboarding', 'tableau', 'excel', 'sql', 'power bi', 'python']"
Data Analyst,"['sql', 'tableau', 'python', 'sql', 'tableau']"
Data Analyst,"['sql', 'power bi', 'python', 'sql', 'tableau']"
Data Analyst,"['excel', 'sql', 'tableau', 'excel', 'sql', 'power bi', 'python']"
Data Analyst,"['excel', 'excel', 'python', 'tableau']"
Data Analyst,"['azure', 'java', 'excel', 'sql', 'tableau']"
Data Analyst,"['power bi', 'excel', 'power bi', 'python']"
Data Analyst,"['data cleaning', 'data analysis', 'business analysis', 'sql', 'excel', 'python', 'sql']"
Data Analyst,"['business analysis', 'sql', 'data cleaning', 'data analysis', 'dashboarding', 'tableau', 'excel', 'sql', 'power bi', 'python']"
Data Analyst,"['business analysis', 'sql', 'data cleaning', 'data analysis', 'dashboarding', 'tableau', 'excel', 'sql', 'power bi', 'python']"
Data Analyst,"['python', 'cloud', 'tableau', 'excel', 'power bi', 'python']"
Data Analyst,"['sql', 'tableau', 'excel', 'sql', 'power bi', 'python']"
Data Analyst,"['python', 'tableau', 'excel', 'sql', 'power bi', 'python']"
Data Analyst,"['data cleaning', 'data analysis', 'business analysis', 'dashboarding', 'power bi', 'python', 'sql', 'tableau']"
Data Analyst,"['data cleaning', 'business analysis', 'data analysis', 'sql', 'excel', 'python', 'sql']"
Data Analyst,"['excel', 'power bi', 'python', 'sql', 'excel', 'power bi']"
Data Analyst,"['business analysis', 'sql', 'data cleaning', 'data analysis', 'dashboarding', 'tableau', 'excel', 'sql', 'power bi', 'python']"
Data Analyst,"['excel', 'python', 'sql', 'tableau', 'excel', 'sql', 'power bi', 'python']"
Data Analyst,"['excel', 'power bi', 'sql', 'tableau']"
Data Analyst,"['excel', 'tableau', 'excel', 'tableau']"
Data Analyst,"['excel', 'power bi', 'sql', 'tableau', 'excel', 'power bi', 'tableau']"
Data Analyst,"['business analysis', 'sql', 'data cleaning', 'data analysis', 'dashboarding', 'excel', 'sql', 'tableau']"
Data Analyst,"['sql', 'business analysis', 'data cleaning', 'data analysis', 'dashboarding', 'power bi', 'python', 'sql', 'tableau']"
Data Analyst,"['python', 'tableau', 'excel', 'sql', 'power bi', 'python']"
Data Analyst,"['excel', 'tableau', 'excel', 'sql', 'power bi', 'python']"
Data Analyst,"['excel', 'sql', 'tableau', 'excel', 'tableau']"
Data Analyst,"['sas', 'javascript', 'java', 'excel', 'python', 'sql', 'tableau']"
Data Analyst,"['sql', 'tableau', 'tableau', 'excel', 'sql', 'power bi', 'python']"
Software Engineer,"['nosql', 'cloud', 'docker', 'java', 'sql', 'aws', 'jenkins']"
Software Engineer,"['nosql', 'cloud', 'java', 'sql', 'aws', 'jenkins']"
Data Analyst,"['power bi', 'python', 'tableau', 'power bi', 'tableau']"
Software Engineer,"['python', 'tableau', 'java', 'power bi', 'python', 'tableau']"
Data Analyst,"['tableau', 'cloud', 'azure', 'power bi', 'python', 'aws', 'power bi', 'tableau']"
Data Analyst,"['nosql', 'sql', 'excel', 'power bi', 'sql', 'python']"
Data Analyst,"['hadoop', 'python', 'sql', 'tableau', 'excel', 'python', 'tableau']"
Data Analyst,"['machine learning', 'python', 'sql', 'python', 'sql', 'tableau']"
Data Analyst,"['sql', 'data cleaning', 'business analysis', 'dashboarding', 'power bi', 'python', 'tableau']"
Data Analyst,"['data cleaning', 'data analysis', 'sql', 'dashboarding', 'power bi', 'python', 'tableau']"
Data Analyst,"['data cleaning', 'business analysis', 'sql', 'dashboarding', 'tableau', 'excel', 'sql', 'power bi', 'python']"
Data Analyst,"['business analysis', 'sql', 'data cleaning', 'data analysis', 'dashboarding', 'excel', 'python', 'tableau']"
Data Analyst,"['sql', 'business analysis', 'data cleaning', 'data analysis', 'dashboarding', 'excel', 'power bi', 'python', 'sql']"
Data Analyst,"['python', 'sql', 'excel', 'power bi', 'python', 'tableau']"
Data Analyst,"['hadoop', 'power bi', 'excel', 'python', 'sql', 'tableau']"
Data Analyst,"['spark', 'hadoop', 'tableau', 'python', 'sql', 'power bi', 'tableau']"
Data Analyst,"['excel', 'mongodb', 'python', 'power bi', 'python', 'tableau']"
Data Analyst,"['spark', 'python', 'sql', 'tableau', 'excel', 'sql', 'power bi', 'python']"
Data Analyst,"['sas', 'excel', 'python', 'sql']"
Data Analyst,"['sql', 'business analysis', 'data cleaning', 'data analysis', 'dashboarding', 'excel', 'power bi', 'sql', 'tableau']"
Data Analyst,"['power bi', 'python', 'sql', 'excel', 'power bi', 'python', 'tableau']"
Data Analyst,"['power bi', 'tableau', 'power bi', 'tableau']"
Data Analyst,"['sql', 'tableau', 'excel', 'sql', 'power bi', 'python']"
Data Analyst,"['power bi', 'tableau', 'power bi', 'tableau']"
Data Analyst,"['excel', 'azure', 'excel', 'git']"
Data Analyst,"['sql', 'excel', 'power bi', 'sql', 'tableau']"
Data Analyst,"['excel', 'python', 'sql', 'power bi', 'tableau']"
Data Analyst,"['excel', 'power bi', 'python', 'sql', 'tableau']"
Data Analyst,"['power bi', 'aws', 'cloud', 'python', 'sql', 'tableau']"
Data Analyst,"['excel', 'sql', 'tableau', 'excel', 'tableau']"
Data Analyst,"['power bi', 'sql', 'tableau', 'power bi', 'tableau']"
Data Analyst,"['spark', 'hadoop', 'sql', 'tableau', 'excel', 'sql', 'power bi', 'python']"
Data Analyst,"['sas', 'excel', 'power bi', 'tableau']"
Data Analyst,"['tableau', 'python', 'sql', 'tableau']"
Data Analyst,"['excel', 'excel', 'power bi', 'python', 'tableau']"
Data Analyst,"['sql', 'business analysis', 'data cleaning', 'data analysis', 'dashboarding', 'power bi', 'python', 'sql']"
Data Analyst,"['excel', 'tableau', 'excel', 'sql', 'power bi', 'python']"
Data Analyst,"['machine learning', 'sas', 'excel', 'power bi', 'sql', 'tableau']"
Data Analyst,"['sas', 'tableau', 'tableau', 'excel', 'sql', 'power bi', 'python']"
Data Analyst,"['data cleaning', 'data analysis', 'business analysis', 'sql', 'tableau', 'excel', 'sql', 'power bi', 'python']"
Data Analyst,"['machine learning', 'sas', 'excel', 'python', 'sql', 'tableau']"
Data Analyst,"['machine learning', 'python', 'sql', 'excel', 'power bi', 'python', 'tableau']"
Data Analyst,"['power bi', 'tableau', 'power bi', 'tableau']"
Data Analyst,"['excel', 'sql', 'excel', 'sql', 'tableau']"
Data Analyst,"['python', 'sql', 'tableau', 'excel', 'sql', 'power bi', 'python']"
Data Analyst,"['excel', 'tableau', 'excel', 'sql', 'power bi', 'python']"
Data Analyst,"['sql', 'business analysis', 'data cleaning', 'data analysis', 'dashboarding', 'tableau', 'excel', 'sql', 'power bi', 'python']"
Data Analyst,"['sql', 'excel', 'python', 'tableau']"
Data Analyst,"['data cleaning', 'data analysis', 'business analysis', 'dashboarding', 'tableau', 'excel', 'sql', 'power bi', 'python']"
Data Analyst,"['sql', 'power bi', 'sql', 'tableau']"
Data Analyst,"['sql', 'tableau', 'excel', 'power bi', 'sql', 'tableau']"
Data Analyst,"['business analysis', 'sql', 'data cleaning', 'data analysis', 'dashboarding', 'excel', 'power bi', 'sql', 'tableau']"
Data Analyst,"['sql', 'business analysis', 'data cleaning', 'data analysis', 'dashboarding', 'excel', 'power bi', 'python', 'tableau']"
Data Analyst,"['business analysis', 'sql', 'data cleaning', 'data analysis', 'dashboarding', 'tableau', 'excel', 'sql', 'power bi', 'python']"
Data Analyst,"['excel', 'excel', 'python', 'sql', 'tableau']"
Data Analyst,"['business analysis', 'sql', 'data cleaning', 'data analysis', 'dashboarding', 'python', 'sql', 'tableau', 'power bi']"
Data Analyst,"['sql', 'excel', 'power bi', 'sql']"
Data Analyst,"['data cleaning', 'data analysis', 'business analysis', 'dashboarding', 'tableau', 'excel', 'sql', 'power bi', 'python']"
Data Analyst,"['python', 'sql', 'tableau', 'excel', 'sql', 'power bi', 'python']"
Data Analyst,"['tableau', 'java', 'javascript', 'power bi', 'python', 'power bi', 'tableau']"
Data Analyst,"['excel', 'sql', 'excel', 'power bi', 'python', 'tableau']"
Data Analyst,"['power bi', 'python', 'tableau', 'power bi', 'tableau']"
Data Analyst,"['business analysis', 'sql', 'data cleaning', 'data analysis', 'dashboarding', 'power bi', 'python', 'sql', 'tableau']"
Data Analyst,"['sql', 'business analysis', 'data cleaning', 'data analysis', 'dashboarding', 'power bi', 'python', 'sql', 'tableau']"
Data Analyst,"['excel', 'hadoop', 'sql', 'tableau', 'excel', 'tableau']"
Data Analyst,"['machine learning', 'excel', 'python', 'excel', 'power bi', 'python']"
Data Analyst,"['python', 'sql', 'excel', 'python', 'sql', 'tableau']"
Data Analyst,"['sql', 'business analysis', 'data cleaning', 'data analysis', 'dashboarding', 'tableau', 'excel', 'sql', 'power bi', 'python']"
Data Analyst,"['sas', 'javascript', 'java', 'tableau', 'excel', 'sql', 'power bi', 'python']"
Data Analyst,"['cloud', 'python', 'sql', 'tableau', 'excel', 'sql', 'power bi', 'python']"
Data Analyst,"['business analysis', 'sql', 'data cleaning', 'data analysis', 'dashboarding', 'tableau', 'excel', 'sql', 'power bi', 'python']"
Data Analyst,"['sql', 'excel', 'python', 'sql', 'tableau']"
Data Analyst,"['python', 'sql', 'power bi', 'sql', 'python']"
Data Analyst,"['machine learning', 'spark', 'excel', 'hadoop', 'power bi', 'excel', 'power bi']"
Data Analyst,"['machine learning', 'python', 'aws', 'cloud', 'power bi', 'sql', 'python', 'tableau']"
Data Analyst,"['sql', 'tableau', 'tableau', 'excel', 'sql', 'power bi', 'python']"
Data Analyst,"['business analysis', 'sql', 'data cleaning', 'data analysis', 'dashboarding', 'tableau', 'excel', 'sql', 'power bi', 'python']"
Data Analyst,"['excel', 'excel', 'sql', 'tableau']"
Data Analyst,"['python', 'cloud', 'tableau', 'excel', 'sql', 'power bi', 'python']"
Data Analyst,"['machine learning', 'power bi', 'python', 'sql', 'power bi', 'python', 'sql']"
Data Analyst,"['data cleaning', 'business analysis', 'sql', 'dashboarding', 'excel', 'sql', 'tableau']"
Data Analyst,"['sql', 'business analysis', 'data cleaning', 'data analysis', 'dashboarding', 'python', 'sql', 'tableau']"
Data Analyst,"['sql', 'business analysis', 'data cleaning', 'data analysis', 'dashboarding', 'excel', 'power bi', 'sql', 'tableau']"
Data Analyst,"['business analysis', 'sql', 'data cleaning', 'data analysis', 'dashboarding', 'tableau', 'excel', 'sql', 'power bi', 'python']"
Data Analyst,"['business analysis', 'sql', 'data cleaning', 'data analysis', 'dashboarding', 'tableau', 'excel', 'sql', 'power bi', 'python']"
Data Analyst,"['business analysis', 'sql', 'data cleaning', 'data analysis', 'dashboarding', 'tableau', 'excel', 'sql', 'power bi', 'python']"
Data Analyst,"['data cleaning', 'business analysis', 'sql', 'dashboarding', 'excel', 'power bi', 'sql', 'python']"
Data Analyst,"['data cleaning', 'data analysis', 'business analysis', 'sql', 'python', 'sql', 'power bi', 'tableau']"
Data Analyst,"['machine learning', 'deep learning', 'excel', 'python', 'tableau']"
Data Analyst,"['business analysis', 'sql', 'data cleaning', 'data analysis', 'dashboarding', 'power bi', 'sql', 'python', 'tableau']"
Data Analyst,"['sql', 'data analysis', 'business analysis', 'dashboarding', 'power bi', 'sql', 'python']"
Data Analyst,"['sql', 'excel', 'python', 'sql', 'tableau']"
Data Analyst,"['power bi', 'cloud', 'tableau', 'excel', 'sql', 'power bi', 'python']"
Data Analyst,"['power bi', 'tableau', 'power bi', 'tableau']"
Data Analyst,"['machine learning', 'sas', 'excel', 'power bi', 'sql', 'tableau']"
Data Analyst,"['data cleaning', 'data analysis', 'business analysis', 'dashboarding', 'excel', 'python', 'sql', 'tableau']"
Data Analyst,"['business analysis', 'sql', 'data cleaning', 'data analysis', 'dashboarding', 'power bi', 'python', 'sql', 'tableau']"
Data Analyst,"['sql', 'business analysis', 'data cleaning', 'data analysis', 'dashboarding', 'excel', 'power bi', 'sql', 'tableau']"
Data Analyst,"['sql', 'business analysis', 'data cleaning', 'data analysis', 'dashboarding', 'tableau', 'excel', 'sql', 'power bi', 'python']"
Data Analyst,"['python', 'cloud', 'tableau', 'excel', 'sql', 'power bi', 'python']"
Data Analyst,"['excel', 'sql', 'tableau', 'excel', 'sql', 'power bi', 'python']"
Data Analyst,"['excel', 'excel', 'power bi', 'sql', 'tableau']"
Data Analyst,"['excel', 'excel', 'power bi', 'sql', 'python']"
Data Analyst,"['business analysis', 'sql', 'data cleaning', 'data analysis', 'dashboarding', 'excel', 'python', 'tableau']"
Data Analyst,"['excel', 'power bi', 'python', 'sql']"
Data Analyst,"['data cleaning', 'data analysis', 'business analysis', 'dashboarding', 'python', 'sql', 'power bi']"
Data Analyst,"['business analysis', 'sql', 'data cleaning', 'data analysis', 'dashboarding', 'power bi', 'sql', 'python', 'tableau']"
Data Analyst,"['sas', 'javascript', 'java', 'tableau', 'excel', 'sql', 'power bi', 'python']"
Data Analyst,"['javascript', 'java', 'excel', 'power bi', 'python', 'sql']"
Data Analyst,"['power bi', 'python', 'sql', 'tableau', 'power bi', 'tableau']"
Data Analyst,"['sas', 'power bi', 'python', 'tableau']"
Data Analyst,"['excel', 'tableau', 'excel', 'sql', 'power bi', 'python']"
Data Analyst,"['sql', 'excel', 'python', 'sql', 'tableau']"
Data Analyst,"['python', 'javascript', 'java', 'power bi', 'python', 'tableau']"
Data Analyst,"['power bi', 'excel', 'python', 'sql', 'tableau']"
Data Analyst,"['sas', 'sql', 'power bi', 'sql', 'tableau']"
Data Analyst,"['excel', 'sql', 'tableau', 'excel', 'tableau']"
Data Analyst,"['data cleaning', 'data analysis', 'sql', 'dashboarding', 'python', 'sql', 'tableau']"
Data Analyst,"['power bi', 'tableau', 'excel', 'sql', 'power bi', 'python']"
Data Analyst,"['excel', 'power bi', 'sql', 'tableau', 'excel', 'power bi', 'tableau']"
Data Analyst,"['sql', 'business analysis', 'data cleaning', 'data analysis', 'dashboarding', 'python', 'sql', 'tableau']"
Data Analyst,"['sql', 'business analysis', 'data cleaning', 'data analysis', 'dashboarding', 'python', 'sql', 'power bi']"
Data Analyst,"['excel', 'power bi', 'tableau', 'excel', 'power bi', 'tableau']"
Data Analyst,"['excel', 'sql', 'tableau', 'excel', 'tableau']"
Data Analyst,"['business analysis', 'sql', 'data cleaning', 'data analysis', 'dashboarding', 'tableau', 'excel', 'sql', 'power bi', 'python']"
Data Analyst,"['sas', 'sql', 'excel', 'power bi', 'python', 'tableau']"
Data Analyst,"['sas', 'sql', 'excel', 'python', 'sql']"
Data Analyst,"['data cleaning', 'data analysis', 'sql', 'dashboarding', 'excel', 'power bi', 'tableau']"
Data Analyst,"['excel', 'excel', 'python', 'sql', 'tableau']"
Data Analyst,"['data cleaning', 'data analysis', 'sql', 'dashboarding', 'tableau', 'excel', 'sql', 'power bi', 'python']"
Data Analyst,"['excel', 'sql', 'tableau', 'excel', 'tableau']"
Data Analyst,"['excel', 'python', 'aws', 'cloud', 'tableau', 'excel', 'sql', 'power bi', 'python']"
Data Analyst,"['sql', 'data cleaning', 'business analysis', 'dashboarding', 'tableau', 'excel', 'sql', 'power bi', 'python']"
Data Analyst,"['sql', 'business analysis', 'data cleaning', 'data analysis', 'dashboarding', 'excel', 'power bi', 'sql', 'tableau']"
Data Analyst,"['spark', 'excel', 'hadoop', 'sql', 'azure', 'power bi', 'python', 'sql']"
Data Analyst,"['cloud', 'excel', 'power bi', 'sql']"
Data Analyst,"['sql', 'business analysis', 'data cleaning', 'data analysis', 'dashboarding', 'power bi', 'python', 'sql']"
Data Analyst,"['data cleaning', 'data analysis', 'sql', 'dashboarding', 'excel', 'power bi', 'sql', 'tableau']"
Data Analyst,"['data cleaning', 'business analysis', 'sql', 'dashboarding', 'excel', 'python', 'sql', 'tableau']"
Data Analyst,"['business analysis', 'sql', 'data cleaning', 'data analysis', 'dashboarding', 'tableau', 'excel', 'sql', 'power bi', 'python']"
Data Analyst,"['power bi', 'python', 'sql', 'tableau']"
Data Analyst,"['excel', 'excel', 'python', 'sql']"
Data Analyst,"['sql', 'business analysis', 'data cleaning', 'data analysis', 'dashboarding', 'tableau', 'excel', 'sql', 'power bi', 'python']"
Data Analyst,"['python', 'aws', 'cloud', 'azure', 'tableau', 'excel', 'sql', 'power bi', 'python']"
Data Analyst,"['data cleaning', 'data analysis', 'sql', 'dashboarding', 'excel', 'python', 'sql', 'tableau']"
Data Analyst,"['business analysis', 'sql', 'data cleaning', 'data analysis', 'dashboarding', 'power bi', 'sql', 'tableau']"
Data Analyst,"['business analysis', 'data analysis', 'sql', 'dashboarding', 'excel', 'power bi', 'tableau']"
Data Analyst,"['hadoop', 'python', 'sql', 'tableau', 'excel', 'sql', 'power bi', 'python']"
Data Analyst,"['azure', 'tableau', 'excel', 'sql', 'power bi', 'python']"
Data Analyst,"['excel', 'power bi', 'excel', 'power bi']"
Data Analyst,"['excel', 'python', 'sql', 'excel', 'power bi', 'sql', 'tableau']"
Data Analyst,"['business analysis', 'data analysis', 'sql', 'dashboarding', 'tableau', 'excel', 'sql', 'power bi', 'python']"
Data Analyst,"['data cleaning', 'data analysis', 'sql', 'dashboarding', 'python', 'sql', 'tableau']"
Data Analyst,"['excel', 'tableau', 'excel', 'tableau']"
Data Analyst,"['excel', 'power bi', 'python', 'sql', 'tableau']"
Data Analyst,"['excel', 'tableau', 'excel', 'sql', 'power bi', 'python']"
Data Analyst,"['spark', 'python', 'sql', 'power bi', 'tableau']"
Data Analyst,"['excel', 'tableau', 'excel', 'sql', 'power bi', 'python']"
Data Analyst,"['tableau', 'excel', 'python', 'tableau']"
Data Analyst,"['sql', 'business analysis', 'data cleaning', 'data analysis', 'dashboarding', 'excel', 'power bi', 'python']"
Data Analyst,"['excel', 'tableau', 'excel', 'sql', 'power bi', 'python']"
Data Analyst,"['sas', 'python', 'sql', 'tableau']"
Data Analyst,"['sql', 'tableau', 'excel', 'sql', 'power bi', 'python']"
Data Analyst,"['excel', 'python', 'sql', 'tableau', 'power bi']"
Data Analyst,"['sql', 'business analysis', 'data cleaning', 'data analysis', 'dashboarding', 'power bi', 'python', 'tableau']"
Data Analyst,"['excel', 'azure', 'tableau', 'excel', 'tableau']"
Data Analyst,"['business analysis', 'sql', 'data cleaning', 'data analysis', 'dashboarding', 'excel', 'power bi', 'tableau']"
Data Analyst,"['data cleaning', 'data analysis', 'business analysis', 'sql', 'excel', 'power bi', 'tableau']"
Data Analyst,"['machine learning', 'javascript', 'java', 'excel', 'power bi', 'tableau']"
Data Analyst,"['sas', 'tableau', 'excel', 'sql', 'power bi', 'python']"
Data Analyst,"['spark', 'hadoop', 'nosql', 'java', 'sql', 'excel', 'power bi', 'sql', 'tableau']"
Data Analyst,"['power bi', 'excel', 'sql', 'tableau']"
Data Analyst,"['business analysis', 'sql', 'data cleaning', 'data analysis', 'dashboarding', 'excel', 'power bi', 'tableau']"
Data Analyst,"['sql', 'tableau', 'excel', 'python', 'sql', 'tableau']"
Data Analyst,"['machine learning', 'power bi', 'python', 'tableau', 'power bi', 'tableau']"
Data Analyst,"['sql', 'javascript', 'java', 'power bi', 'python', 'tableau']"
Data Analyst,"['sql', 'data cleaning', 'business analysis', 'dashboarding', 'excel', 'python', 'tableau']"
Data Analyst,"['business analysis', 'sql', 'data cleaning', 'data analysis', 'dashboarding', 'excel', 'python', 'sql', 'tableau']"
Data Analyst,"['data cleaning', 'data analysis', 'sql', 'dashboarding', 'tableau', 'excel', 'sql', 'power bi', 'python']"
Data Analyst,"['nosql', 'python', 'sql', 'excel', 'power bi', 'python']"
Data Analyst,"['business analysis', 'sql', 'data cleaning', 'data analysis', 'dashboarding', 'power bi', 'sql', 'tableau']"
Data Analyst,"['machine learning', 'power bi', 'excel', 'python', 'sql']"
Data Analyst,"['sql', 'python', 'sql', 'power bi', 'tableau']"
Data Analyst,"['data cleaning', 'data analysis', 'business analysis', 'sql', 'python', 'sql', 'power bi', 'tableau']"
Data Analyst,"['python', 'excel', 'sql', 'tableau']"
Data Analyst,"['python', 'aws', 'cloud', 'tableau', 'excel', 'python', 'sql', 'tableau']"
Data Analyst,"['excel', 'gcp', 'tableau', 'excel', 'sql', 'power bi', 'python']"
Data Analyst,"['business analysis', 'sql', 'data cleaning', 'data analysis', 'dashboarding', 'excel', 'power bi', 'python', 'tableau']"
Data Analyst,"['power bi', 'python', 'sql', 'tableau', 'power bi', 'tableau']"
Data Analyst,"['data cleaning', 'data analysis', 'business analysis', 'dashboarding', 'tableau', 'excel', 'sql', 'power bi', 'python']"
Data Analyst,"['business analysis', 'sql', 'data cleaning', 'data analysis', 'dashboarding', 'power bi', 'sql', 'tableau']"
Data Analyst,"['aws', 'cloud', 'excel', 'python', 'sql', 'tableau']"
Data Analyst,"['data cleaning', 'data analysis', 'sql', 'dashboarding', 'excel', 'power bi', 'sql', 'tableau']"
Data Analyst,"['excel', 'excel', 'power bi', 'python', 'tableau']"
Data Analyst,"['power bi', 'python', 'sql', 'tableau', 'power bi', 'tableau']"
Data Analyst,"['data cleaning', 'data analysis', 'business analysis', 'sql', 'excel', 'power bi', 'python', 'tableau']"
Data Analyst,"['business analysis', 'sql', 'data cleaning', 'data analysis', 'dashboarding', 'tableau', 'excel', 'sql', 'power bi', 'python']"
Data Analyst,"['excel', 'excel', 'power bi', 'sql', 'tableau']"
Data Analyst,"['business analysis', 'sql', 'data cleaning', 'data analysis', 'dashboarding', 'excel', 'power bi', 'sql']"
Data Analyst,"['excel', 'power bi', 'python', 'cloud', 'excel', 'power bi']"
Data Analyst,"['sas', 'javascript', 'java', 'tableau', 'excel', 'sql', 'power bi', 'python']"
Data Analyst,"['data cleaning', 'data analysis', 'sql', 'dashboarding', 'excel', 'power bi', 'python', 'sql']"
Data Analyst,"['business analysis', 'sql', 'data cleaning', 'data analysis', 'dashboarding', 'excel', 'python', 'sql', 'tableau']"
Data Analyst,"['excel', 'sql', 'power bi', 'python', 'sql']"
Data Analyst,"['tableau', 'excel', 'sql', 'tableau']"
Data Analyst,"['excel', 'tableau', 'excel', 'sql', 'power bi', 'python']"
Data Analyst,"['excel', 'tableau', 'excel', 'sql', 'power bi', 'python']"
Data Analyst,"['sql', 'business analysis', 'data cleaning', 'data analysis', 'dashboarding', 'excel', 'power bi', 'sql', 'tableau']"
Data Analyst,"['hadoop', 'sql', 'python', 'sql', 'tableau']"
Data Analyst,"['data cleaning', 'business analysis', 'data analysis', 'sql', 'tableau', 'excel', 'sql', 'power bi', 'python']"
Data Analyst,"['excel', 'sql', 'python', 'sql', 'tableau']"
Data Analyst,"['sql', 'javascript', 'java', 'power bi', 'python', 'sql', 'tableau']"
Data Analyst,"['business analysis', 'sql', 'data cleaning', 'data analysis', 'dashboarding', 'excel', 'python', 'sql']"
Data Analyst,"['excel', 'tableau', 'excel', 'sql', 'power bi', 'python']"
Data Analyst,"['data cleaning', 'data analysis', 'business analysis', 'dashboarding', 'power bi', 'sql', 'tableau']"
Data Analyst,"['data cleaning', 'data analysis', 'business analysis', 'dashboarding', 'tableau', 'excel', 'sql', 'power bi', 'python']"
Data Analyst,"['excel', 'power bi', 'sql', 'python']"
Data Analyst,"['business analysis', 'sql', 'data cleaning', 'data analysis', 'dashboarding', 'tableau', 'excel', 'sql', 'power bi', 'python']"
Data Analyst,"['sql', 'power bi', 'sql', 'tableau']"
Data Analyst,"['power bi', 'sql', 'tableau', 'power bi', 'tableau']"
Data Analyst,"['sql', 'excel', 'power bi', 'python', 'sql']"
Data Analyst,"['excel', 'excel', 'power bi', 'tableau']"
Data Analyst,"['excel', 'tableau', 'excel', 'sql', 'power bi', 'python']"
Data Analyst,"['java', 'sas', 'sql', 'javascript', 'python', 'tableau', 'excel', 'sql', 'power bi', 'python']"
Data Analyst,"['data cleaning', 'data analysis', 'business analysis', 'dashboarding', 'tableau', 'excel', 'sql', 'power bi', 'python']"
Data Analyst,"['excel', 'sql', 'power bi', 'python', 'sql', 'tableau']"
Data Analyst,"['excel', 'excel', 'power bi', 'sql', 'tableau']"
Data Analyst,"['excel', 'power bi', 'python', 'sql', 'tableau']"
Data Analyst,"['business analysis', 'sql', 'data cleaning', 'data analysis', 'dashboarding', 'power bi', 'python', 'sql', 'tableau']"
Data Analyst,"['excel', 'tableau', 'excel', 'sql', 'power bi', 'python']"
Data Analyst,"['excel', 'sql', 'excel', 'python', 'sql', 'tableau']"
Data Analyst,"['excel', 'sql', 'tableau', 'excel', 'sql', 'power bi', 'python']"
Data Analyst,"['sql', 'business analysis', 'data cleaning', 'data analysis', 'dashboarding', 'excel', 'power bi', 'sql', 'tableau']"
Data Analyst,"['business analysis', 'sql', 'data cleaning', 'data analysis', 'dashboarding', 'power bi', 'sql', 'python']"
Data Analyst,"['data cleaning', 'data analysis', 'sql', 'dashboarding', 'python', 'sql', 'tableau']"
Data Analyst,"['machine learning', 'excel', 'sql', 'tableau', 'excel', 'tableau']"
Data Analyst,"['python', 'excel', 'power bi', 'sql']"
Data Analyst,"['python', 'sql', 'excel', 'power bi', 'python', 'tableau']"
Data Analyst,"['data cleaning', 'data analysis', 'sql', 'dashboarding', 'tableau', 'excel', 'sql', 'power bi', 'python']"
Data Analyst,"['javascript', 'java', 'excel', 'power bi', 'sql', 'tableau']"
Data Analyst,"['nosql', 'mongodb', 'python', 'sql', 'tableau', 'excel', 'sql', 'power bi', 'python']"
Data Analyst,"['spark', 'sql', 'excel', 'power bi', 'sql', 'tableau']"
Data Analyst,"['machine learning', 'power bi', 'python', 'sql']"
Data Analyst,"['power bi', 'excel', 'python', 'tableau']"
Data Analyst,"['excel', 'tableau', 'excel', 'sql', 'power bi', 'python']"
Data Analyst,"['excel', 'sql', 'spark', 'excel', 'power bi', 'python']"
Data Analyst,"['machine learning', 'python', 'tensorflow', 'sql', 'python', 'sql', 'tableau']"
Data Analyst,"['spark', 'sql', 'power bi', 'python', 'tableau']"
Data Analyst,"['machine learning', 'python', 'tensorflow', 'excel', 'python', 'sql', 'tableau']"
Data Analyst,"['spark', 'sql', 'excel', 'python', 'sql', 'tableau']"
Data Analyst,"['excel', 'python', 'tableau', 'excel', 'sql', 'power bi', 'python']"
Data Analyst,"['business analysis', 'sql', 'data cleaning', 'data analysis', 'dashboarding', 'python', 'sql', 'tableau']"
Data Analyst,"['machine learning', 'tableau', 'excel', 'sql', 'power bi', 'python']"
Data Analyst,"['sql', 'business analysis', 'data cleaning', 'data analysis', 'dashboarding', 'tableau', 'excel', 'sql', 'power bi', 'python']"
Data Analyst,"['excel', 'sql', 'spark', 'excel', 'python', 'sql', 'tableau']"
Data Analyst,"['machine learning', 'excel', 'python', 'sql', 'tableau']"
Data Analyst,"['excel', 'sql', 'spark', 'excel', 'sql', 'tableau']"
Data Analyst,"['business analysis', 'sql', 'data cleaning', 'data analysis', 'dashboarding', 'python', 'sql', 'tableau']"
Data Analyst,"['excel', 'power bi', 'python', 'sql', 'tableau']"
Data Analyst,"['power bi', 'python', 'excel', 'power bi', 'tableau']"
Data Analyst,"['machine learning', 'python', 'power bi', 'python', 'sql', 'tableau']"
Data Analyst,"['business analysis', 'sql', 'data cleaning', 'data analysis', 'dashboarding', 'excel', 'power bi', 'sql', 'tableau']"
Data Analyst,"['data cleaning', 'data analysis', 'business analysis', 'sql', 'excel', 'python', 'tableau']"
Data Analyst,"['data cleaning', 'data analysis', 'business analysis', 'dashboarding', 'excel', 'power bi', 'sql', 'tableau']"
Data Analyst,"['sql', 'business analysis', 'data cleaning', 'data analysis', 'dashboarding', 'tableau', 'excel', 'sql', 'power bi', 'python']"
Data Analyst,"['business analysis', 'sql', 'data cleaning', 'data analysis', 'dashboarding', 'excel', 'power bi', 'python', 'sql']"
Data Analyst,"['spark', 'python', 'sql', 'java', 'tableau', 'excel', 'sql', 'power bi', 'python']"
Data Analyst,"['business analysis', 'sql', 'data cleaning', 'data analysis', 'dashboarding', 'power bi', 'python', 'sql']"
Data Analyst,"['excel', 'tableau', 'excel', 'sql', 'power bi', 'python']"
Data Analyst,"['excel', 'excel', 'power bi', 'sql']"
Data Analyst,"['sql', 'azure', 'tableau', 'tableau', 'jira']"
Data Analyst,"['excel', 'python', 'sql', 'tableau', 'excel', 'tableau']"
Data Analyst,"['excel', 'excel', 'python', 'sql']"
Data Analyst,"['tableau', 'power bi', 'python', 'sql', 'tableau']"
Data Analyst,"['excel', 'sql', 'excel', 'power bi', 'sql']"
Data Analyst,"['power bi', 'sql', 'excel', 'python', 'sql']"
Data Analyst,"['excel', 'excel', 'power bi', 'sql']"
Data Analyst,"['excel', 'power bi', 'excel', 'power bi']"
Data Analyst,"['power bi', 'sql', 'excel', 'power bi', 'tableau']"
Data Analyst,"['sql', 'business analysis', 'data cleaning', 'data analysis', 'dashboarding', 'excel', 'power bi', 'sql', 'tableau']"
Data Analyst,"['excel', 'tableau', 'excel', 'sql', 'power bi', 'python']"
Data Analyst,"['nosql', 'sql', 'azure', 'power bi', 'python', 'excel', 'python', 'tableau']"
Data Analyst,"['data cleaning', 'business analysis', 'sql', 'dashboarding', 'excel', 'python', 'sql']"
Data Analyst,"['business analysis', 'sql', 'data cleaning', 'data analysis', 'dashboarding', 'excel', 'power bi', 'sql', 'python']"
Data Analyst,"['business analysis', 'sql', 'data cleaning', 'data analysis', 'dashboarding', 'excel', 'python', 'tableau']"
Data Analyst,"['machine learning', 'excel', 'python', 'sql', 'power bi']"
Data Analyst,"['python', 'tableau', 'excel', 'python', 'sql']"
Data Analyst,"['sql', 'tableau', 'excel', 'sql', 'power bi', 'python']"
Data Analyst,"['sql', 'business analysis', 'data cleaning', 'data analysis', 'dashboarding', 'excel', 'power bi', 'sql', 'tableau']"
Data Analyst,"['excel', 'excel', 'python', 'tableau']"
Data Analyst,"['power bi', 'power bi', 'sql', 'tableau']"
Data Analyst,"['business analysis', 'sql', 'data cleaning', 'data analysis', 'dashboarding', 'tableau', 'excel', 'sql', 'power bi', 'python']"
Data Analyst,"['python', 'sql', 'excel', 'python', 'sql', 'tableau']"
Data Analyst,"['sas', 'python', 'excel', 'power bi', 'sql']"
Data Analyst,"['excel', 'python', 'java', 'excel', 'power bi', 'python', 'tableau']"
Data Analyst,"['data cleaning', 'data analysis', 'business analysis', 'sql', 'excel', 'python', 'sql']"
Data Analyst,"['data cleaning', 'data analysis', 'business analysis', 'dashboarding', 'excel', 'power bi', 'python', 'tableau']"
Data Analyst,"['sql', 'data analysis', 'business analysis', 'dashboarding', 'python', 'sql', 'tableau']"
Data Analyst,"['excel', 'excel', 'power bi', 'sql']"
Software Engineer,"['power bi', 'sql', 'tableau', 'power bi', 'tableau']"
Data Analyst,"['data cleaning', 'data analysis', 'business analysis', 'sql', 'excel', 'power bi', 'python']"
Data Analyst,"['data cleaning', 'data analysis', 'business analysis', 'dashboarding', 'excel', 'python', 'sql']"
Data Analyst,"['business analysis', 'sql', 'data cleaning', 'data analysis', 'dashboarding', 'tableau', 'excel', 'sql', 'power bi', 'python']"
Data Analyst,"['power bi', 'tableau', 'excel', 'sql', 'power bi', 'python']"
Data Analyst,"['excel', 'sql', 'tableau', 'excel', 'tableau']"
Data Analyst,"['business analysis', 'data analysis', 'sql', 'dashboarding', 'excel', 'power bi', 'python', 'tableau']"
Data Analyst,"['data cleaning', 'business analysis', 'sql', 'dashboarding', 'excel', 'python', 'sql']"
Data Analyst,"['business analysis', 'sql', 'data cleaning', 'data analysis', 'dashboarding', 'tableau', 'excel', 'sql', 'power bi', 'python']"
Data Analyst,"['business analysis', 'sql', 'data cleaning', 'data analysis', 'dashboarding', 'excel', 'power bi', 'tableau']"
Data Analyst,"['data cleaning', 'business analysis', 'sql', 'dashboarding', 'excel', 'sql', 'tableau']"
Data Analyst,"['excel', 'python', 'excel', 'power bi', 'sql', 'tableau']"
Data Analyst,"['python', 'tableau', 'tableau', 'excel', 'sql', 'power bi', 'python']"
Data Analyst,"['spark', 'python', 'sql', 'power bi', 'python', 'sql', 'tableau']"
Software Engineer,"['sql', 'gcp', 'git']"
Software Engineer,"['cloud', 'git']"
Machine Learning Engineer,"['machine learning', 'pytorch', 'cloud', 'gcp', 'azure', 'pytorch', 'mlflow', 'tensorflow', 'kubeflow']"
Software Engineer,"['machine learning', 'nosql', 'sql', 'git']"
Data Analyst,"['machine learning', 'python', 'sql', 'tableau', 'excel', 'sql', 'power bi', 'python']"
Data Analyst,"['excel', 'sas', 'tableau', 'excel', 'tableau']"
Data Analyst,"['sql', 'tableau', 'excel', 'sql', 'power bi', 'python']"
Data Analyst,"['business analysis', 'sql', 'data cleaning', 'data analysis', 'dashboarding', 'power bi', 'python', 'sql', 'tableau']"
Data Analyst,"['sql', 'business analysis', 'data cleaning', 'data analysis', 'dashboarding', 'excel', 'power bi', 'python', 'sql']"
Data Analyst,"['java', 'sas', 'sql', 'javascript', 'python', 'excel', 'python', 'sql', 'tableau']"
Data Analyst,"['data cleaning', 'data analysis', 'business analysis', 'dashboarding', 'excel', 'power bi', 'sql', 'tableau']"
Data Analyst,"['data cleaning', 'data analysis', 'business analysis', 'dashboarding', 'excel', 'power bi', 'sql', 'tableau']"
Data Analyst,"['business analysis', 'sql', 'data cleaning', 'data analysis', 'dashboarding', 'tableau', 'excel', 'sql', 'power bi', 'python']"
Data Analyst,"['data cleaning', 'data analysis', 'business analysis', 'dashboarding', 'tableau', 'excel', 'sql', 'power bi', 'python']"
Data Analyst,"['sql', 'business analysis', 'data cleaning', 'data analysis', 'dashboarding', 'excel', 'python', 'tableau']"
Data Analyst,"['sas', 'excel', 'power bi', 'sql', 'tableau']"
Data Analyst,"['business analysis', 'sql', 'data cleaning', 'data analysis', 'dashboarding', 'excel', 'sql', 'tableau']"
Data Analyst,"['excel', 'sql', 'tableau', 'excel', 'tableau']"
Data Analyst,"['excel', 'sql', 'tableau', 'excel', 'sql', 'power bi', 'python']"
Data Analyst,"['machine learning', 'tableau', 'excel', 'sql', 'power bi', 'python']"
Data Analyst,"['power bi', 'sql', 'tableau', 'power bi', 'tableau']"
Data Analyst,"['sas', 'python', 'sql', 'tableau', 'excel', 'sql', 'power bi', 'python']"
Data Analyst,"['excel', 'tableau', 'excel', 'sql', 'power bi', 'python']"
Data Analyst,"['data cleaning', 'data analysis', 'business analysis', 'dashboarding', 'excel', 'python', 'tableau']"
Data Analyst,"['excel', 'excel', 'power bi', 'sql']"
Data Analyst,"['sql', 'business analysis', 'data cleaning', 'data analysis', 'dashboarding', 'tableau', 'excel', 'sql', 'power bi', 'python']"
Data Analyst,"['sql', 'tableau', 'excel', 'sql', 'power bi', 'python']"
Data Analyst,"['excel', 'sql', 'tableau', 'excel', 'sql', 'power bi', 'python']"
Data Analyst,"['excel', 'excel', 'power bi', 'tableau']"
Data Analyst,"['data cleaning', 'data analysis', 'business analysis', 'dashboarding', 'excel', 'power bi', 'python']"
Data Analyst,"['business analysis', 'sql', 'data cleaning', 'data analysis', 'dashboarding', 'python', 'sql', 'tableau']"
Data Analyst,"['power bi', 'python', 'sql', 'tableau', 'power bi', 'tableau']"
Data Analyst,"['business analysis', 'sql', 'data cleaning', 'data analysis', 'dashboarding', 'excel', 'python', 'sql']"
Data Analyst,"['sql', 'tableau', 'excel', 'sql', 'power bi', 'python']"
Data Scientist,"['python', 'sql', 'numpy', 'pandas', 'python', 'matplotlib']"
Data Scientist,"['machine learning', 'jupyter', 'scikit-learn', 'matplotlib']"
Machine Learning Engineer,"['machine learning', 'pytorch', 'mlflow', 'kubeflow', 'docker']"
Machine Learning Engineer,"['spark', 'hadoop', 'sql', 'python', 'aws', 'tensorflow', 'mlflow', 'kubeflow']"
Data Analyst,"['excel', 'power bi', 'excel', 'power bi']"
Machine Learning Engineer,"['machine learning', 'pytorch', 'tensorflow', 'docker']"
Machine Learning Engineer,"['python', 'git']"
Data Analyst,"['excel', 'sql', 'excel']"
Data Scientist,"['machine learning', 'sas', 'numpy', 'jupyter', 'python']"
Data Scientist,"['machine learning', 'deep learning', 'python', 'numpy', 'jupyter', 'python', 'matplotlib']"
Data Scientist,"['machine learning', 'pytorch', 'deep learning', 'tensorflow', 'python', 'jupyter', 'pandas', 'matplotlib']"
Data Analyst,"['python', 'sql', 'tableau', 'tableau']"
Data Analyst,"['hadoop', 'tableau', 'tableau']"
Data Analyst,"['excel', 'sas', 'tableau', 'excel', 'tableau']"
Machine Learning Engineer,"['pytorch', 'python', 'tensorflow', 'tensorflow', 'keras', 'docker']"
Software Engineer,"['tableau', 'cloud', 'sql', 'azure', 'power bi', 'python', 'power bi', 'tableau']"
Data Analyst,"['excel', 'power bi', 'excel', 'power bi']"
Data Analyst,"['power bi', 'sql', 'power bi']"
Data Analyst,"['power bi', 'power bi']"
Data Analyst,['jira']
Machine Learning Engineer,"['machine learning', 'python', 'cloud', 'tensorflow', 'kubeflow', 'docker']"
Data Analyst,"['power bi', 'sql', 'power bi']"
Machine Learning Engineer,"['machine learning', 'pytorch', 'mlflow', 'tensorflow']"
Software Engineer,"['machine learning', 'gcp', 'git', 'jira']"
Data Analyst,['git']
Data Analyst,"['power bi', 'sql', 'power bi']"
Machine Learning Engineer,"['machine learning', 'tensorflow', 'mlflow', 'kubeflow', 'docker']"
Software Engineer,['git']
Data Analyst,"['python', 'aws', 'cloud', 'tableau', 'tableau']"
Data Analyst,"['power bi', 'azure', 'tableau', 'power bi', 'tableau']"
Data Analyst,"['tableau', 'tableau']"
Data Analyst,"['excel', 'excel']"
Machine Learning Engineer,"['machine learning', 'pytorch', 'java', 'tensorflow', 'python', 'pytorch', 'docker', 'tensorflow', 'mlflow', 'kubeflow']"
Data Scientist,"['machine learning', 'deep learning', 'numpy', 'python', 'pandas', 'matplotlib']"
Machine Learning Engineer,"['machine learning', 'pytorch', 'java', 'tensorflow', 'python', 'pytorch', 'mlflow', 'kubeflow', 'docker']"
Software Engineer,"['azure', 'cloud', 'git']"
Software Engineer,"['github', 'git']"
Machine Learning Engineer,"['machine learning', 'python', 'mlflow', 'tensorflow', 'kubeflow']"
Data Analyst,"['python', 'sql', 'tableau', 'tableau']"
Data Analyst,"['power bi', 'power bi']"
Data Analyst,"['power bi', 'python', 'sql', 'tableau', 'power bi', 'tableau']"
Software Engineer,"['python', 'cloud', 'docker', 'jira']"
Machine Learning Engineer,"['deep learning', 'pytorch', 'pytorch', 'tensorflow', 'keras', 'docker']"
Software Engineer,"['mongodb', 'sql', 'git']"
Software Engineer,"['sql', 'jira']"
Software Engineer,"['cloud', 'java', 'jenkins']"
Software Engineer,"['javascript', 'java', 'git']"
Data Analyst,"['power bi', 'sql', 'power bi']"
Data Analyst,"['power bi', 'power bi']"
Data Analyst,"['power bi', 'power bi']"
Data Analyst,"['nosql', 'sql', 'azure', 'power bi', 'python', 'power bi']"
Data Analyst,"['power bi', 'sql', 'javascript', 'java', 'power bi']"
Data Analyst,"['python', 'tableau', 'tableau']"
Software Engineer,"['power bi', 'sql', 'power bi']"
Machine Learning Engineer,"['ml pipelines', 'feature stores', 'model deployment', 'deep learning', 'model monitoring', 'tensorflow', 'pytorch', 'mlflow', 'kubeflow']"
Machine Learning Engineer,"['machine learning', 'python', 'java', 'pytorch', 'tensorflow', 'docker']"
Machine Learning Engineer,"['machine learning', 'java', 'pytorch', 'docker', 'tensorflow', 'mlflow', 'kubeflow']"
Software Engineer,"['sql', 'git']"
Software Engineer,"['sql', 'tableau', 'java', 'tableau']"
Software Engineer,"['tableau', 'java', 'tableau']"
Software Engineer,"['machine learning', 'nosql', 'sql', 'git']"
Machine Learning Engineer,"['machine learning', 'python', 'gcp', 'pytorch', 'tensorflow', 'keras']"
Machine Learning Engineer,"['machine learning', 'pytorch', 'kubeflow', 'docker']"
Software Engineer,"['java', 'jenkins']"
Data Analyst,['git']
Data Analyst,"['power bi', 'sql', 'cloud', 'tableau', 'power bi', 'tableau']"
Data Analyst,"['tableau', 'excel', 'sql', 'power bi', 'python', 'excel', 'power bi', 'tableau']"
Data Analyst,"['tableau', 'github', 'git', 'tableau', 'jira']"
Data Analyst,"['tableau', 'github', 'git', 'tableau', 'jira']"
Data Analyst,"['excel', 'power bi', 'excel', 'power bi']"
Software Engineer,"['power bi', 'python', 'power bi']"
Software Engineer,"['gcp', 'cloud', 'jenkins']"
Software Engineer,"['gcp', 'cloud', 'jenkins']"
Software Engineer,"['gcp', 'cloud', 'jenkins']"
Machine Learning Engineer,"['machine learning', 'python', 'cloud', 'azure', 'mlflow', 'kubeflow', 'docker']"
Machine Learning Engineer,"['machine learning', 'pytorch', 'tensorflow', 'kubeflow', 'docker']"
Data Analyst,"['power bi', 'python', 'power bi']"
Machine Learning Engineer,"['machine learning', 'python', 'java', 'pytorch', 'tensorflow', 'keras', 'docker']"
Machine Learning Engineer,"['machine learning', 'python', 'pytorch', 'kubeflow', 'docker']"
Data Analyst,"['power bi', 'python', 'power bi']"
Data Analyst,"['excel', 'power bi', 'python', 'excel', 'power bi']"
Data Analyst,"['power bi', 'python', 'tableau', 'power bi', 'tableau']"
Software Engineer,"['spark', 'sql', 'tableau', 'tableau', 'jira']"
Software Engineer,"['sql', 'java', 'jira']"
Machine Learning Engineer,"['machine learning', 'python', 'cloud', 'java', 'pytorch', 'mlflow', 'tensorflow', 'kubeflow']"
Machine Learning Engineer,"['machine learning', 'sql', 'gcp', 'pytorch', 'mlflow', 'tensorflow', 'kubeflow']"
Machine Learning Engineer,"['machine learning', 'python', 'azure', 'tensorflow', 'mlflow', 'kubeflow', 'docker']"
Data Analyst,"['power bi', 'sql', 'tableau', 'power bi', 'tableau']"
Data Analyst,"['power bi', 'sql', 'power bi']"
Data Analyst,"['power bi', 'sql', 'power bi']"
Machine Learning Engineer,"['machine learning', 'pytorch', 'mlflow', 'kubeflow', 'docker']"
Machine Learning Engineer,"['machine learning', 'python', 'cloud', 'java', 'pytorch', 'docker', 'tensorflow', 'mlflow', 'kubeflow']"
Machine Learning Engineer,"['machine learning', 'pytorch', 'mlflow', 'kubeflow', 'docker']"
Software Engineer,"['machine learning', 'python', 'tableau', 'java', 'tableau']"
Software Engineer,"['power bi', 'sql', 'azure', 'power bi']"
Machine Learning Engineer,"['machine learning', 'python', 'cloud', 'azure', 'pytorch', 'docker', 'tensorflow', 'mlflow', 'kubeflow']"
Software Engineer,"['excel', 'sql', 'azure', 'excel']"
Software Engineer,"['power bi', 'sql', 'power bi']"
Software Engineer,"['power bi', 'sql', 'azure', 'power bi']"
Machine Learning Engineer,"['machine learning', 'sql', 'pytorch', 'tensorflow', 'kubeflow']"
Machine Learning Engineer,"['ml pipelines', 'feature stores', 'model deployment', 'deep learning', 'model monitoring', 'pytorch', 'tensorflow', 'kubeflow']"
Machine Learning Engineer,"['machine learning', 'nosql', 'java', 'sql', 'python', 'pytorch', 'docker', 'tensorflow', 'mlflow', 'kubeflow']"
Software Engineer,"['power bi', 'python', 'sql', 'tableau', 'power bi', 'tableau']"
Software Engineer,"['docker', 'jenkins']"
Machine Learning Engineer,"['machine learning', 'pytorch', 'mlflow', 'kubeflow', 'docker']"
Software Engineer,"['python', 'tableau', 'tableau']"
Data Analyst,"['excel', 'excel']"
Data Analyst,"['sql', 'tableau', 'tableau']"
Data Analyst,"['power bi', 'power bi']"
Data Analyst,"['excel', 'excel']"
Data Analyst,"['power bi', 'sql', 'tableau', 'power bi', 'tableau']"
Data Analyst,"['excel', 'excel']"
Data Analyst,"['excel', 'tableau', 'excel', 'git', 'tableau']"
Software Engineer,"['cloud', 'sql', 'azure', 'python', 'aws', 'jenkins']"
Software Engineer,"['nosql', 'sql', 'git']"
Software Engineer,['git']
Machine Learning Engineer,"['machine learning', 'python', 'pytorch', 'tensorflow', 'kubeflow', 'docker']"
Machine Learning Engineer,"['machine learning', 'pytorch', 'tensorflow', 'kubeflow']"
Machine Learning Engineer,"['machine learning', 'python', 'tensorflow', 'pytorch', 'tensorflow', 'kubeflow', 'docker']"
Machine Learning Engineer,"['machine learning', 'pytorch', 'mlflow', 'tensorflow', 'docker']"
Machine Learning Engineer,"['machine learning', 'spark', 'cloud', 'java', 'python', 'pytorch', 'docker', 'tensorflow', 'mlflow', 'kubeflow']"
Machine Learning Engineer,"['machine learning', 'power bi', 'python', 'azure', 'pytorch', 'mlflow', 'docker']"
Machine Learning Engineer,"['machine learning', 'deep learning', 'python', 'pytorch', 'mlflow', 'tensorflow']"
Machine Learning Engineer,"['machine learning', 'deep learning', 'python', 'pytorch', 'tensorflow', 'kubeflow']"
Machine Learning Engineer,"['machine learning', 'tensorflow', 'pytorch', 'mlflow']"
Machine Learning Engineer,"['machine learning', 'java', 'deep learning', 'sql', 'python', 'tensorflow', 'kubeflow', 'docker']"
Machine Learning Engineer,"['machine learning', 'pytorch', 'docker', 'tensorflow', 'mlflow', 'kubeflow']"
Machine Learning Engineer,"['ml pipelines', 'feature stores', 'model deployment', 'deep learning', 'model monitoring', 'tensorflow', 'mlflow', 'kubeflow']"
Software Engineer,"['mongodb', 'sql', 'jira']"
Machine Learning Engineer,"['machine learning', 'gcp', 'tensorflow', 'pytorch', 'mlflow', 'docker']"
Machine Learning Engineer,"['machine learning', 'python', 'tensorflow', 'mlflow', 'kubeflow', 'docker']"
Software Engineer,"['javascript', 'java', 'git']"
Data Analyst,"['power bi', 'sql', 'power bi']"
Software Engineer,"['nosql', 'java', 'sql', 'javascript', 'python', 'git']"
Software Engineer,"['javascript', 'java', 'git']"
Software Engineer,"['power bi', 'python', 'sql', 'power bi']"
Machine Learning Engineer,"['machine learning', 'python', 'pytorch', 'docker', 'tensorflow', 'mlflow', 'kubeflow']"
Machine Learning Engineer,"['machine learning', 'deep learning', 'tensorflow', 'pytorch', 'kubeflow', 'docker']"
Machine Learning Engineer,"['machine learning', 'spark', 'hadoop', 'docker', 'tensorflow', 'pytorch', 'docker', 'tensorflow', 'mlflow', 'kubeflow']"
Machine Learning Engineer,"['machine learning', 'python', 'aws', 'docker', 'pytorch', 'docker', 'tensorflow', 'mlflow', 'kubeflow']"
Machine Learning Engineer,"['machine learning', 'sql', 'pytorch', 'tensorflow', 'kubeflow', 'docker']"
Machine Learning Engineer,"['python', 'tensorflow', 'sql', 'pytorch', 'mlflow', 'kubeflow']"
Software Engineer,"['javascript', 'java', 'git']"
Data Analyst,"['excel', 'excel']"
Data Analyst,"['power bi', 'python', 'tableau', 'power bi', 'tableau']"
Machine Learning Engineer,"['machine learning', 'pytorch', 'tensorflow', 'tensorflow', 'pytorch', 'mlflow', 'kubeflow']"
Software Engineer,"['machine learning', 'python', 'spark', 'sql', 'git']"
Software Engineer,"['spark', 'hadoop', 'java', 'gcp', 'python', 'jira']"
Software Engineer,"['tableau', 'tableau']"
Software Engineer,['git']
Software Engineer,"['sql', 'git']"
Machine Learning Engineer,"['machine learning', 'deep learning', 'docker', 'pytorch', 'tensorflow', 'opencv']"
Machine Learning Engineer,"['machine learning', 'python', 'java', 'mlflow', 'tensorflow', 'kubeflow', 'docker']"
Software Engineer,"['machine learning', 'hadoop', 'power bi', 'spark', 'power bi']"
Machine Learning Engineer,"['machine learning', 'deep learning', 'python', 'tensorflow', 'pytorch', 'tensorflow', 'kubeflow']"
Machine Learning Engineer,"['machine learning', 'java', 'sql', 'python', 'aws', 'pytorch', 'tensorflow', 'kubeflow', 'docker']"
Machine Learning Engineer,"['machine learning', 'hadoop', 'pytorch', 'mlflow', 'tensorflow']"
Machine Learning Engineer,"['machine learning', 'pytorch', 'tensorflow', 'pytorch', 'mlflow', 'kubeflow', 'docker']"
Machine Learning Engineer,"['machine learning', 'python', 'pytorch', 'tensorflow', 'kubeflow', 'docker']"
Machine Learning Engineer,"['python', 'aws', 'cloud', 'azure', 'pytorch', 'tensorflow', 'kubeflow']"
Software Engineer,"['sas', 'sql', 'git', 'jira']"
Machine Learning Engineer,"['machine learning', 'python', 'pytorch', 'mlflow', 'kubeflow']"
Machine Learning Engineer,"['machine learning', 'pytorch', 'python', 'spark', 'pytorch', 'mlflow', 'kubeflow', 'docker']"
Software Engineer,"['angular', 'html', 'css', 'javascript', 'react', 'angular', 'vue', 'webpack']"
Software Engineer,"['node', 'mysql', 'azure', 'aws']"
Data Scientist,"['spark', 'machine learning', 'pytorch', 'data science', 'hadoop', 'deep learning', 'tensorflow', 'python', 'scikit-learn', 'pandas', 'python', 'tensorflow']"
Software Engineer,"['angular', 'html', 'css', 'javascript', 'react', 'figma', 'angular', 'npm', 'tailwind css', 'git']"
Software Engineer,"['angular', 'html', 'css', 'javascript', 'react', 'angular', 'figma', 'webpack']"
Software Engineer,"['node', 'mysql', 'sql', 'postgresql', 'mysql', 'django']"
Software Engineer,"['flask', 'mysql', 'node', 'python', 'django', 'kubernetes', 'docker']"
Data Scientist,"['spark', 'machine learning', 'pytorch', 'hadoop', 'tensorflow', 'python', 'jupyter', 'matplotlib', 'tensorflow', 'numpy', 'python']"
Data Scientist,"['spark', 'machine learning', 'pytorch', 'data science', 'tensorflow', 'python', 'kubernetes', 'docker']"
Software Engineer,"['html', 'css', 'javascript', 'react', 'webpack', 'npm', 'vue', 'tailwind css', 'git']"
Software Engineer,"['node', 'flask', 'mysql', 'azure', 'aws']"
Data Scientist,"['machine learning', 'pytorch', 'data science', 'tensorflow', 'python', 'kubernetes', 'docker']"
Data Scientist,"['machine learning', 'pandas', 'tensorflow', 'numpy', 'python', 'azure', 'aws']"
Software Engineer,"['angular', 'html', 'css', 'javascript', 'react', 'tailwind css', 'webpack', 'npm']"
Software Engineer,"['node', 'flask', 'mysql', 'azure', 'aws']"
Data Scientist,"['machine learning', 'pytorch', 'data science', 'tensorflow', 'python', 'kubernetes', 'docker']"
Data Scientist,"['machine learning', 'pandas', 'tensorflow', 'numpy', 'python', 'azure', 'aws']"
Software Engineer,"['html', 'css', 'javascript', 'react', 'github', 'git']"
Software Engineer,"['node', 'flask', 'mysql', 'kubernetes', 'docker']"
Data Scientist,"['machine learning', 'pytorch', 'data science', 'tensorflow', 'python', 'kubernetes', 'git', 'github', 'docker']"
Data Scientist,"['machine learning', 'pandas', 'tensorflow', 'numpy', 'python', 'github', 'git', 'azure', 'aws']"
Software Engineer,"['machine learning', 'css', 'flask', 'mysql', 'java', 'node', 'javascript', 'python', 'react', 'github', 'git', 'aws']"
Software Engineer,"['machine learning', 'angular', 'css', 'mysql', 'java', 'node', 'javascript', 'python', 'react', 'django', 'github', 'git', 'aws']"
Machine Learning Engineer,"['machine learning', 'pytorch', 'deep learning', 'tensorflow', 'computer vision', 'python', 'matlab', 'jupyter', 'scikit-learn', 'python', 'tensorflow']"
Machine Learning Engineer,"['spark', 'machine learning', 'tensorflow', 'scala', 'data analysis', 'python', 'aws sagemaker', 'airflow', 'tensorflow', 'docker']"
Machine Learning Engineer,"['machine learning', 'pytorch', 'java', 'tensorflow', 'computer vision', 'python', 'jupyter', 'airflow', 'pytorch', 'scikit-learn', 'python']"
Machine Learning Engineer,"['machine learning', 'tensorflow', 'computer vision', 'python', 'matlab', 'scikit-learn', 'tensorflow', 'mlflow']"
Machine Learning Engineer,"['spark', 'machine learning', 'java', 'tensorflow', 'python', 'aws sagemaker', 'tensorflow', 'kubeflow', 'docker']"
Machine Learning Engineer,"['machine learning', 'pytorch', 'deep learning', 'tensorflow', 'computer vision', 'python', 'matlab', 'jupyter', 'mlflow', 'kubeflow']"
Machine Learning Engineer,"['machine learning', 'tensorflow', 'scala', 'data analysis', 'python', 'aws sagemaker', 'tensorflow', 'mlflow', 'kubeflow']"
Machine Learning Engineer,"['machine learning', 'pytorch', 'java', 'tensorflow', 'computer vision', 'python', 'jupyter', 'scikit-learn', 'tensorflow']"
Machine Learning Engineer,"['machine learning', 'pytorch', 'deep learning', 'tensorflow', 'computer vision', 'python', 'matlab', 'aws sagemaker', 'pytorch', 'kubeflow', 'docker']"
Machine Learning Engineer,"['spark', 'machine learning', 'tensorflow', 'scala', 'data analysis', 'python', 'aws sagemaker', 'mlflow', 'kubeflow', 'docker']"
Machine Learning Engineer,"['machine learning', 'pytorch', 'java', 'tensorflow', 'computer vision', 'python', 'aws sagemaker', 'scikit-learn', 'mlflow', 'docker']"
Machine Learning Engineer,"['machine learning', 'tensorflow', 'computer vision', 'python', 'matlab', 'jupyter', 'airflow', 'pytorch', 'scikit-learn', 'kubeflow']"
Machine Learning Engineer,"['spark', 'machine learning', 'data science', 'java', 'tensorflow', 'python', 'aws sagemaker', 'airflow', 'tensorflow']"
Machine Learning Engineer,"['machine learning', 'pytorch', 'deep learning', 'tensorflow', 'computer vision', 'python', 'matlab', 'jupyter', 'tensorflow', 'kubeflow']"
Machine Learning Engineer,"['machine learning', 'tensorflow', 'scala', 'data analysis', 'python', 'aws sagemaker', 'airflow', 'pytorch', 'tensorflow', 'kubeflow']"
Cloud Engineer,"['distributed systems', 'devops', 'security', 'infrastructure as code', 'kubernetes', 'azure', 'aws', 'docker']"
Cloud Engineer,"['networking', 'security', 'cloud computing', 'distributed systems', 'containerization', 'linux administration', 'azure', 'aws']"
Cloud Engineer,"['infrastructure as code', 'security', 'cloud computing', 'distributed systems', 'containerization', 'kubernetes', 'gitlab', 'azure', 'aws']"
Cloud Engineer,"['cloud computing', 'networking', 'linux administration', 'infrastructure as code', 'kubernetes', 'azure', 'aws', 'docker']"
Cloud Engineer,"['infrastructure as code', 'networking', 'security', 'cloud computing', 'devops', 'kubernetes', 'azure', 'aws', 'docker']"
Cloud Engineer,"['infrastructure as code', 'virtualization', 'security', 'cloud computing', 'devops', 'linux administration', 'kubernetes', 'gitlab', 'azure', 'aws']"
Cloud Engineer,"['infrastructure as code', 'virtualization', 'security', 'scalability', 'distributed systems', 'containerization', 'azure', 'aws']"
Cloud Engineer,"['infrastructure as code', 'virtualization', 'cloud computing', 'scalability', 'containerization', 'linux administration', 'kubernetes', 'gitlab', 'azure', 'aws']"
Cloud Engineer,"['containerization', 'security', 'linux administration', 'infrastructure as code', 'kubernetes', 'azure', 'aws', 'docker']"
Cloud Engineer,"['virtualization', 'networking', 'cloud computing', 'scalability', 'devops', 'distributed systems', 'kubernetes', 'azure', 'aws', 'docker']"
Cloud Engineer,"['scalability', 'containerization', 'networking', 'linux administration', 'kubernetes', 'gitlab', 'azure', 'aws']"
Cloud Engineer,"['infrastructure as code', 'virtualization', 'networking', 'cloud computing', 'scalability', 'distributed systems', 'azure', 'aws']"
Cloud Engineer,"['virtualization', 'networking', 'scalability', 'devops', 'linux administration', 'kubernetes', 'gitlab', 'azure', 'aws']"
Cloud Engineer,"['distributed systems', 'devops', 'networking', 'linux administration', 'kubernetes', 'azure', 'aws', 'docker']"
Cloud Engineer,"['networking', 'security', 'cloud computing', 'devops', 'containerization', 'kubernetes', 'azure', 'aws', 'docker']"
Cloud Engineer,"['infrastructure as code', 'virtualization', 'scalability', 'devops', 'containerization', 'kubernetes', 'gitlab', 'azure', 'aws']"
Software Engineer,"['javascript', 'react', 'tailwind css', 'npm', 'webpack', 'react']"
Software Engineer,"['typescript', 'react', 'javascript', 'angular', 'angular', 'git', 'figma', 'react']"
Software Engineer,"['angular', 'javascript', 'react', 'webpack', 'npm', 'tailwind css', 'git', 'react']"
Software Engineer,"['html', 'css', 'javascript', 'react', 'figma', 'webpack', 'npm', 'tailwind css', 'react']"
Software Engineer,"['angular', 'javascript', 'react', 'figma', 'webpack', 'npm', 'vue', 'tailwind css']"
Software Engineer,"['html', 'javascript', 'react', 'tailwind css', 'vue', 'webpack', 'react']"
Software Engineer,"['angular', 'css', 'javascript', 'react', 'figma', 'angular', 'webpack', 'vue', 'react']"
Software Engineer,"['css', 'javascript', 'react', 'figma', 'angular', 'webpack', 'git', 'react']"
Software Engineer,"['angular', 'javascript', 'react', 'tailwind css', 'vue', 'git', 'npm']"
Software Engineer,"['angular', 'javascript', 'react', 'angular', 'figma', 'webpack', 'react']"
Software Engineer,"['html', 'javascript', 'react', 'figma', 'angular', 'tailwind css', 'git', 'react']"
Software Engineer,"['angular', 'css', 'javascript', 'react', 'angular', 'tailwind css', 'npm']"
Software Engineer,"['css', 'javascript', 'react', 'angular', 'vue', 'react']"
Software Engineer,"['angular', 'javascript', 'react', 'figma', 'webpack', 'npm', 'vue', 'git']"
Software Engineer,"['angular', 'javascript', 'react', 'tailwind css', 'git', 'angular']"
Software Engineer,"['html', 'javascript', 'react', 'npm', 'git', 'figma', 'react']"
Software Engineer,"['angular', 'css', 'javascript', 'react', 'figma', 'webpack', 'react']"
Software Engineer,"['css', 'javascript', 'react', 'tailwind css', 'npm', 'figma', 'react']"
Software Engineer,"['angular', 'javascript', 'react', 'figma', 'angular', 'npm', 'vue', 'git']"
Software Engineer,"['angular', 'javascript', 'react', 'tailwind css', 'vue', 'figma']"
Software Engineer,"['flask', 'mysql', 'java', 'node', 'python', 'django', 'mysql', 'spring boot', 'django']"
Software Engineer,"['java', 'flask', 'python', 'django', 'postgresql', 'mysql', 'node.js', 'django']"
Software Engineer,"['java', 'flask', 'python', 'django', 'mysql', 'spring boot', 'docker']"
Software Engineer,"['flask', 'mysql', 'java', 'node', 'python', 'django', 'postgresql', 'mysql', 'node.js', 'django']"
Software Engineer,"['flask', 'mysql', 'java', 'node', 'python', 'django', 'redis', 'node.js', 'docker']"
Software Engineer,"['flask', 'mysql', 'java', 'node', 'python', 'django', 'postgresql', 'mysql', 'spring boot', 'node.js']"
Software Engineer,"['java', 'flask', 'python', 'django', 'postgresql', 'mysql', 'docker', 'django']"
Software Engineer,"['java', 'flask', 'python', 'django', 'spring boot', 'node.js', 'django']"
Software Engineer,"['flask', 'mysql', 'java', 'node', 'python', 'django', 'postgresql', 'docker', 'spring boot', 'redis', 'django']"
Software Engineer,"['flask', 'mysql', 'java', 'node', 'python', 'django', 'docker', 'spring boot', 'node.js', 'django']"
Software Engineer,"['flask', 'mysql', 'java', 'node', 'python', 'django', 'postgresql', 'mysql', 'docker', 'spring boot', 'django']"
Software Engineer,"['java', 'flask', 'python', 'django', 'node.js', 'mysql', 'docker', 'redis', 'django']"
Software Engineer,"['java', 'flask', 'python', 'django', 'node.js', 'spring boot', 'redis', 'docker']"
Software Engineer,"['flask', 'mysql', 'java', 'node', 'python', 'django', 'postgresql', 'spring boot', 'node.js', 'docker']"
Software Engineer,"['flask', 'mysql', 'java', 'node', 'python', 'django', 'postgresql', 'spring boot', 'redis', 'django']"
Software Engineer,"['angular', 'mysql', 'node', 'javascript', 'react', 'django', 'mongodb', 'webpack', 'git', 'express', 'react']"
Software Engineer,"['node', 'javascript', 'react', 'mongodb', 'node.js', 'docker', 'next.js', 'react']"
Software Engineer,"['node', 'flask', 'mysql', 'javascript', 'mongodb', 'docker', 'react']"
Software Engineer,"['mysql', 'node', 'javascript', 'django', 'react', 'next.js', 'express', 'docker']"
Software Engineer,"['node', 'javascript', 'angular', 'git', 'next.js', 'nginx', 'docker']"
Software Engineer,"['angular', 'mysql', 'node', 'javascript', 'react', 'django', 'mongodb', 'webpack', 'react']"
Software Engineer,"['node', 'javascript', 'react', 'mongodb', 'react', 'docker']"
Software Engineer,"['node', 'flask', 'mysql', 'javascript', 'postgresql', 'mongodb', 'docker', 'git', 'express']"
Software Engineer,"['mysql', 'node', 'javascript', 'django', 'react', 'mongodb', 'nginx', 'next.js', 'express', 'react']"
Software Engineer,"['node', 'javascript', 'angular', 'mongodb', 'webpack', 'docker', 'express', 'react']"
Data Scientist,"['machine learning', 'data science', 'pandas', 'numpy', 'python', 'jupyter', 'scikit-learn', 'pandas', 'matplotlib', 'numpy']"
Data Scientist,"['machine learning', 'data science', 'pandas', 'sql', 'python', 'jupyter', 'scikit-learn', 'pandas', 'matplotlib', 'numpy']"
Data Scientist,"['spark', 'machine learning', 'data science', 'deep learning', 'scala', 'python', 'jupyter', 'scikit-learn', 'matplotlib', 'numpy', 'python']"
Data Scientist,"['python', 'matlab', 'data science', 'jupyter', 'pandas', 'tensorflow', 'matplotlib', 'numpy']"
Data Scientist,"['machine learning', 'data science', 'pandas', 'numpy', 'python', 'jupyter', 'scikit-learn', 'python']"
Data Scientist,"['machine learning', 'data science', 'pandas', 'sql', 'python', 'scikit-learn', 'pandas', 'matplotlib', 'tensorflow', 'numpy']"
Data Scientist,"['spark', 'machine learning', 'data science', 'deep learning', 'scala', 'python', 'jupyter', 'tensorflow', 'pandas', 'matplotlib']"
Data Scientist,"['python', 'matlab', 'data science', 'python', 'pandas', 'matplotlib']"
Data Scientist,"['machine learning', 'data science', 'pandas', 'numpy', 'python', 'jupyter', 'matplotlib', 'tensorflow', 'numpy', 'python']"
Data Scientist,"['machine learning', 'data science', 'pandas', 'sql', 'python', 'numpy', 'jupyter', 'python', 'matplotlib']"
Data Scientist,"['spark', 'machine learning', 'data science', 'deep learning', 'scala', 'python', 'jupyter', 'python', 'tensorflow']"
Data Scientist,"['python', 'matlab', 'data science', 'numpy', 'jupyter', 'python', 'pandas']"
Software Engineer,"['node', 'mysql', 'javascript', 'react', 'mongodb', 'node.js', 'next.js', 'git', 'react']"
Software Engineer,"['angular', 'html', 'flask', 'css', 'node', 'javascript', 'python', 'react', 'django', 'nginx', 'postgresql', 'webpack', 'react']"
Software Engineer,"['angular', 'html', 'css', 'node', 'javascript', 'react', 'django', 'postgresql', 'mongodb', 'git']"
Software Engineer,"['html', 'css', 'node', 'javascript', 'django', 'react', 'azure', 'aws', 'docker']"
Software Engineer,"['angular', 'html', 'css', 'mysql', 'node', 'javascript', 'react', 'next.js', 'express', 'docker']"
Software Engineer,"['html', 'css', 'node', 'javascript', 'django', 'react', 'next.js', 'node.js', 'react']"
Software Engineer,"['angular', 'html', 'flask', 'css', 'node', 'javascript', 'react', 'azure', 'aws']"
Software Engineer,"['html', 'css', 'node', 'javascript', 'django', 'react', 'azure', 'aws', 'docker']"
Software Engineer,"['angular', 'html', 'css', 'mysql', 'node', 'javascript', 'react', 'nginx', 'node.js', 'next.js', 'mongodb']"
Software Engineer,"['html', 'css', 'node', 'javascript', 'django', 'react', 'git', 'node.js', 'nginx', 'docker']"
Software Engineer,"['angular', 'html', 'flask', 'css', 'node', 'javascript', 'react', 'azure', 'aws']"
Software Engineer,"['html', 'css', 'node', 'javascript', 'django', 'react', 'azure', 'aws', 'docker']"
Software Engineer,"['angular', 'html', 'css', 'mysql', 'node', 'javascript', 'react', 'mongodb', 'express', 'webpack', 'react']"
Software Engineer,"['html', 'css', 'node', 'javascript', 'django', 'react', 'git', 'next.js', 'node.js']"
Software Engineer,"['angular', 'html', 'flask', 'css', 'node', 'javascript', 'react', 'azure', 'aws']"
Software Engineer,"['html', 'css', 'node', 'javascript', 'django', 'react', 'azure', 'aws', 'docker']"
Machine Learning Engineer,"['machine learning', 'pytorch', 'deep learning', 'tensorflow', 'python', 'aws sagemaker', 'mlflow', 'docker']"
Machine Learning Engineer,"['machine learning', 'python', 'jupyter', 'pytorch', 'scikit-learn', 'docker', 'python']"
Machine Learning Engineer,"['machine learning', 'pandas', 'numpy', 'computer vision', 'python', 'airflow', 'tensorflow', 'kubeflow']"
Machine Learning Engineer,"['machine learning', 'python', 'tensorflow', 'airflow', 'scikit-learn', 'docker', 'python', 'kubeflow']"
Machine Learning Engineer,"['machine learning', 'pytorch', 'deep learning', 'tensorflow', 'python', 'scikit-learn', 'pytorch', 'tensorflow', 'docker']"
Machine Learning Engineer,"['machine learning', 'python', 'scikit-learn', 'python', 'mlflow', 'docker']"
Machine Learning Engineer,"['machine learning', 'pandas', 'numpy', 'computer vision', 'python', 'airflow', 'aws sagemaker', 'pytorch', 'tensorflow', 'kubeflow']"
Machine Learning Engineer,"['machine learning', 'python', 'tensorflow', 'airflow', 'mlflow', 'tensorflow', 'docker']"
Machine Learning Engineer,"['machine learning', 'pytorch', 'deep learning', 'tensorflow', 'python', 'jupyter', 'scikit-learn', 'tensorflow', 'aws sagemaker']"
Machine Learning Engineer,"['machine learning', 'python', 'python', 'mlflow', 'kubeflow', 'docker']"
Machine Learning Engineer,"['machine learning', 'pandas', 'numpy', 'computer vision', 'python', 'jupyter', 'pytorch', 'docker', 'tensorflow', 'python']"
Machine Learning Engineer,"['machine learning', 'python', 'tensorflow', 'scikit-learn', 'pytorch', 'python', 'tensorflow']"
Cloud Engineer,"['networking', 'security', 'devops', 'distributed systems', 'containerization', 'kubernetes', 'azure', 'aws']"
Cloud Engineer,"['virtualization', 'security', 'cloud computing', 'devops', 'containerization', 'linux administration', 'kubernetes', 'aws', 'docker']"
Cloud Engineer,"['distributed systems', 'cloud computing', 'scalability', 'networking', 'azure', 'aws']"
Cloud Engineer,"['virtualization', 'networking', 'security', 'scalability', 'linux administration', 'kubernetes', 'gitlab', 'aws', 'docker']"
Cloud Engineer,"['infrastructure as code', 'virtualization', 'networking', 'cloud computing', 'distributed systems', 'linux administration', 'kubernetes', 'azure', 'aws']"
Cloud Engineer,"['networking', 'security', 'cloud computing', 'scalability', 'devops', 'containerization', 'kubernetes', 'aws', 'docker']"
Cloud Engineer,"['infrastructure as code', 'virtualization', 'cloud computing', 'devops', 'linux administration', 'azure', 'aws']"
Cloud Engineer,"['networking', 'cloud computing', 'scalability', 'devops', 'distributed systems', 'containerization', 'kubernetes', 'gitlab', 'aws', 'docker']"
Cloud Engineer,"['virtualization', 'networking', 'security', 'scalability', 'containerization', 'kubernetes', 'azure', 'aws']"
Cloud Engineer,"['distributed systems', 'devops', 'linux administration', 'infrastructure as code', 'kubernetes', 'aws', 'docker']"
Cloud Engineer,"['virtualization', 'security', 'cloud computing', 'devops', 'linux administration', 'azure', 'aws']"
Cloud Engineer,"['virtualization', 'networking', 'security', 'cloud computing', 'devops', 'linux administration', 'kubernetes', 'gitlab', 'aws', 'docker']"
Software Engineer,"['css', 'javascript', 'react', 'angular', 'vue', 'figma', 'react']"
Software Engineer,"['angular', 'javascript', 'vue', 'npm', 'react']"
Software Engineer,"['css', 'javascript', 'react', 'tailwind css', 'npm', 'webpack', 'react']"
Software Engineer,"['angular', 'css', 'javascript', 'webpack', 'vue', 'tailwind css', 'git', 'react']"
Software Engineer,"['css', 'javascript', 'react', 'angular', 'git', 'npm']"
Software Engineer,"['angular', 'javascript', 'tailwind css', 'angular', 'webpack', 'react']"
Software Engineer,"['css', 'javascript', 'react', 'tailwind css', 'vue', 'webpack', 'react']"
Software Engineer,"['angular', 'css', 'javascript', 'tailwind css', 'git', 'figma', 'react']"
Software Engineer,"['css', 'javascript', 'react', 'angular', 'vue', 'figma', 'npm']"
Software Engineer,"['angular', 'javascript', 'figma', 'angular', 'vue', 'git', 'react']"
Software Engineer,"['css', 'javascript', 'react', 'angular', 'vue', 'webpack', 'react']"
Software Engineer,"['angular', 'css', 'javascript', 'angular', 'vue', 'git', 'webpack']"
Software Engineer,"['java', 'python', 'django', 'node.js', 'mysql', 'spring boot', 'redis', 'django']"
Software Engineer,"['database design', 'api development', 'authentication', 'performance optimization', 'system architecture', 'azure', 'aws']"
Software Engineer,"['flask', 'python', 'scala', 'postgresql', 'redis', 'docker']"
Software Engineer,"['flask', 'python', 'java', 'node.js', 'docker', 'redis', 'django']"
Software Engineer,"['java', 'python', 'django', 'mysql', 'node.js', 'django']"
Software Engineer,"['api development', 'system architecture', 'performance optimization', 'authentication', 'azure', 'aws']"
Software Engineer,"['flask', 'python', 'scala', 'redis', 'docker', 'node.js', 'django']"
Software Engineer,"['flask', 'python', 'java', 'mysql', 'spring boot', 'node.js']"
Software Engineer,"['java', 'python', 'django', 'node.js', 'docker', 'spring boot', 'redis', 'django']"
Software Engineer,"['database design', 'api development', 'authentication', 'performance optimization', 'system architecture', 'azure', 'aws']"
Software Engineer,"['flask', 'python', 'scala', 'redis', 'mysql', 'node.js', 'django']"
Software Engineer,"['flask', 'python', 'java', 'node.js', 'mysql', 'docker', 'spring boot', 'django']"
Software Engineer,"['java', 'python', 'django', 'django', 'node.js', 'docker']"
Software Engineer,"['database design', 'api development', 'authentication', 'performance optimization', 'system architecture', 'azure', 'aws']"
Software Engineer,"['flask', 'python', 'scala', 'postgresql', 'spring boot', 'redis']"
Software Engineer,"['flask', 'python', 'java', 'postgresql', 'mysql', 'node.js']"
Machine Learning Engineer,"['machine learning', 'pytorch', 'python', 'tensorflow', 'kubernetes', 'docker']"
Machine Learning Engineer,"['machine learning', 'data analysis', 'computer vision', 'python', 'jupyter', 'pytorch', 'scikit-learn', 'docker', 'mlflow']"
Machine Learning Engineer,"['machine learning', 'deep learning', 'python', 'tensorflow', 'jupyter', 'airflow', 'pytorch', 'tensorflow', 'python']"
Machine Learning Engineer,"['machine learning', 'pytorch', 'python', 'tensorflow', 'aws sagemaker', 'scikit-learn', 'python', 'docker']"
Machine Learning Engineer,"['machine learning', 'pytorch', 'python', 'tensorflow', 'kubernetes', 'docker']"
Machine Learning Engineer,"['machine learning', 'data analysis', 'computer vision', 'python', 'aws sagemaker', 'pytorch', 'docker']"
Machine Learning Engineer,"['machine learning', 'deep learning', 'python', 'tensorflow', 'jupyter', 'airflow', 'pytorch', 'mlflow']"
Machine Learning Engineer,"['machine learning', 'pytorch', 'python', 'tensorflow', 'aws sagemaker', 'scikit-learn', 'docker', 'tensorflow', 'kubeflow']"
Machine Learning Engineer,"['machine learning', 'pytorch', 'python', 'tensorflow', 'kubernetes', 'docker']"
Machine Learning Engineer,"['machine learning', 'data analysis', 'computer vision', 'python', 'jupyter', 'pytorch', 'docker', 'tensorflow', 'mlflow']"
Machine Learning Engineer,"['machine learning', 'deep learning', 'python', 'tensorflow', 'aws sagemaker', 'pytorch', 'kubeflow']"
Machine Learning Engineer,"['machine learning', 'pytorch', 'python', 'tensorflow', 'aws sagemaker', 'pytorch', 'docker', 'tensorflow', 'python']"
Machine Learning Engineer,"['machine learning', 'pytorch', 'python', 'tensorflow', 'kubernetes', 'docker']"
Machine Learning Engineer,"['machine learning', 'data analysis', 'computer vision', 'python', 'airflow', 'scikit-learn', 'pytorch', 'python']"
Machine Learning Engineer,"['machine learning', 'deep learning', 'python', 'tensorflow', 'airflow', 'aws sagemaker', 'docker', 'python', 'kubeflow']"
Machine Learning Engineer,"['machine learning', 'pytorch', 'python', 'tensorflow', 'scikit-learn', 'pytorch', 'kubeflow', 'docker']"
Cloud Engineer,"['infrastructure as code', 'virtualization', 'cloud computing', 'scalability', 'devops', 'linux administration', 'aws', 'gcp', 'azure']"
Cloud Engineer,"['infrastructure as code', 'virtualization', 'security', 'cloud computing', 'scalability', 'devops', 'kubernetes', 'azure', 'aws']"
Cloud Engineer,"['virtualization', 'security', 'cloud computing', 'distributed systems', 'containerization', 'linux administration', 'gitlab', 'aws', 'gcp', 'azure']"
Cloud Engineer,"['security', 'cloud computing', 'scalability', 'devops', 'distributed systems', 'linux administration', 'docker', 'gcp', 'kubernetes', 'azure', 'aws']"
Cloud Engineer,"['infrastructure as code', 'virtualization', 'security', 'cloud computing', 'devops', 'linux administration', 'aws', 'gcp', 'azure']"
Cloud Engineer,"['infrastructure as code', 'virtualization', 'networking', 'scalability', 'devops', 'kubernetes', 'azure', 'aws']"
Cloud Engineer,"['scalability', 'distributed systems', 'containerization', 'devops', 'gitlab', 'aws', 'gcp', 'azure']"
Cloud Engineer,"['infrastructure as code', 'networking', 'security', 'scalability', 'distributed systems', 'linux administration', 'docker', 'gcp', 'kubernetes', 'azure', 'aws']"
Cloud Engineer,"['distributed systems', 'containerization', 'devops', 'networking', 'aws', 'gcp', 'azure']"
Cloud Engineer,"['cloud computing', 'virtualization', 'linux administration', 'security', 'kubernetes', 'azure', 'aws']"
Cloud Engineer,"['virtualization', 'networking', 'security', 'scalability', 'devops', 'distributed systems', 'gitlab', 'aws', 'gcp', 'azure']"
Cloud Engineer,"['infrastructure as code', 'networking', 'security', 'cloud computing', 'scalability', 'distributed systems', 'docker', 'gcp', 'kubernetes', 'azure', 'aws']"
Data Scientist,"['machine learning', 'pytorch', 'data science', 'tensorflow', 'python', 'numpy', 'jupyter', 'scikit-learn', 'tensorflow']"
Data Scientist,"['machine learning', 'data science', 'tensorflow', 'data analysis', 'python', 'numpy', 'jupyter', 'scikit-learn', 'pandas']"
Data Scientist,"['machine learning', 'data science', 'deep learning', 'sql', 'tensorflow', 'python', 'scikit-learn', 'pandas', 'matplotlib', 'tensorflow', 'python']"
Data Scientist,"['machine learning', 'pytorch', 'data science', 'sql', 'tensorflow', 'python', 'jupyter', 'scikit-learn', 'python']"
Data Scientist,"['machine learning', 'pytorch', 'data science', 'tensorflow', 'python', 'numpy', 'jupyter', 'pandas', 'tensorflow']"
Data Scientist,"['machine learning', 'data science', 'tensorflow', 'data analysis', 'python', 'numpy', 'python', 'pandas', 'matplotlib']"
Data Scientist,"['machine learning', 'data science', 'deep learning', 'sql', 'tensorflow', 'python', 'numpy', 'pandas', 'tensorflow']"
Data Scientist,"['machine learning', 'pytorch', 'data science', 'sql', 'tensorflow', 'python', 'scikit-learn', 'matplotlib', 'tensorflow', 'numpy', 'python']"
Data Scientist,"['machine learning', 'pytorch', 'data science', 'tensorflow', 'python', 'jupyter', 'scikit-learn', 'pandas', 'matplotlib', 'python']"
Data Scientist,"['machine learning', 'data science', 'tensorflow', 'data analysis', 'python', 'numpy', 'jupyter', 'python', 'tensorflow']"
Data Scientist,"['machine learning', 'data science', 'deep learning', 'sql', 'tensorflow', 'python', 'jupyter', 'pandas', 'matplotlib', 'numpy', 'python']"
Data Scientist,"['machine learning', 'pytorch', 'data science', 'sql', 'tensorflow', 'python', 'numpy', 'jupyter', 'tensorflow']"
Data Scientist,"['machine learning', 'pytorch', 'data science', 'tensorflow', 'python', 'numpy', 'scikit-learn', 'python', 'matplotlib']"
Data Scientist,"['machine learning', 'data science', 'tensorflow', 'data analysis', 'python', 'jupyter', 'scikit-learn', 'matplotlib', 'tensorflow', 'numpy']"
Data Scientist,"['machine learning', 'data science', 'deep learning', 'sql', 'tensorflow', 'python', 'numpy', 'jupyter', 'scikit-learn', 'tensorflow']"
Data Scientist,"['machine learning', 'pytorch', 'data science', 'sql', 'tensorflow', 'python', 'jupyter', 'pandas', 'matplotlib', 'tensorflow', 'numpy']"
Software Engineer,"['node', 'java', 'python', 'django', 'node.js', 'mysql', 'docker', 'spring boot', 'redis']"
Software Engineer,"['flask', 'python', 'java', 'redis', 'mysql', 'django', 'docker']"
Software Engineer,"['node', 'java', 'python', 'django', 'postgresql', 'node.js', 'spring boot', 'redis']"
Software Engineer,"['node', 'java', 'python', 'django', 'node.js', 'mysql', 'docker', 'spring boot', 'django']"
Software Engineer,"['node', 'java', 'python', 'django', 'postgresql', 'docker', 'redis', 'django']"
Software Engineer,"['flask', 'python', 'java', 'spring boot', 'redis', 'docker']"
Software Engineer,"['node', 'java', 'python', 'django', 'node.js', 'docker', 'spring boot', 'redis', 'django']"
Software Engineer,"['node', 'java', 'python', 'django', 'postgresql', 'docker', 'redis', 'django']"
Software Engineer,"['node', 'java', 'python', 'django', 'postgresql', 'mysql', 'spring boot', 'redis', 'django']"
Software Engineer,"['flask', 'python', 'java', 'postgresql', 'spring boot', 'redis']"
Software Engineer,"['node', 'java', 'python', 'django', 'node.js', 'mysql', 'docker', 'spring boot', 'django']"
Software Engineer,"['node', 'java', 'python', 'django', 'docker', 'mysql', 'spring boot', 'django']"
Software Engineer,"['node', 'java', 'python', 'django', 'postgresql', 'spring boot', 'redis', 'django']"
Software Engineer,"['flask', 'python', 'java', 'postgresql', 'node.js', 'spring boot', 'redis']"
Software Engineer,"['node', 'java', 'python', 'django', 'node.js', 'mysql', 'redis', 'django']"
Software Engineer,"['node', 'java', 'python', 'django', 'mysql', 'redis', 'django']"
Software Engineer,"['node', 'java', 'python', 'django', 'node.js', 'docker', 'spring boot', 'redis', 'django']"
Software Engineer,"['flask', 'python', 'java', 'postgresql', 'node.js', 'mysql', 'spring boot', 'redis']"
Software Engineer,"['node', 'java', 'python', 'django', 'node.js', 'docker', 'redis', 'django']"
Software Engineer,"['node', 'java', 'python', 'django', 'postgresql', 'node.js', 'docker', 'spring boot', 'django']"
Software Engineer,"['angular', 'html', 'css', 'javascript', 'react', 'tailwind css', 'figma', 'webpack']"
Software Engineer,"['angular', 'html', 'css', 'javascript', 'react', 'tailwind css', 'npm', 'git', 'react']"
Software Engineer,"['html', 'css', 'javascript', 'react', 'angular', 'vue', 'npm', 'react']"
Software Engineer,"['angular', 'html', 'css', 'javascript', 'react', 'angular', 'git', 'webpack']"
Software Engineer,"['angular', 'html', 'css', 'javascript', 'react', 'tailwind css', 'vue', 'figma', 'webpack']"
Software Engineer,"['angular', 'html', 'css', 'javascript', 'react', 'figma', 'angular', 'webpack', 'git', 'react']"
Software Engineer,"['html', 'css', 'javascript', 'react', 'figma', 'webpack', 'react']"
Software Engineer,"['angular', 'html', 'css', 'javascript', 'react', 'webpack', 'vue', 'tailwind css', 'git', 'react']"
Software Engineer,"['angular', 'html', 'css', 'javascript', 'react', 'tailwind css', 'npm', 'figma', 'angular']"
Software Engineer,"['angular', 'html', 'css', 'javascript', 'react', 'webpack', 'npm', 'vue', 'tailwind css', 'git']"
Software Engineer,"['html', 'css', 'javascript', 'react', 'figma', 'angular', 'webpack', 'npm', 'tailwind css']"
Software Engineer,"['angular', 'html', 'css', 'javascript', 'react', 'tailwind css', 'vue', 'npm']"
Software Engineer,"['angular', 'html', 'css', 'javascript', 'react', 'figma', 'angular', 'webpack', 'npm', 'tailwind css']"
Software Engineer,"['angular', 'html', 'css', 'javascript', 'react', 'angular', 'webpack', 'vue', 'tailwind css', 'git']"
Software Engineer,"['html', 'css', 'javascript', 'react', 'figma', 'angular', 'webpack', 'npm', 'vue']"
Software Engineer,"['angular', 'html', 'css', 'javascript', 'react', 'angular', 'react', 'npm']"
Software Engineer,"['html', 'flask', 'css', 'node', 'sql', 'javascript', 'python', 'react', 'django', 'nginx', 'docker', 'webpack', 'react']"
Software Engineer,"['html', 'css', 'node', 'sql', 'javascript', 'python', 'react', 'django', 'azure', 'aws']"
Software Engineer,"['angular', 'html', 'flask', 'css', 'sql', 'javascript', 'python', 'react', 'django', 'nginx', 'react', 'webpack', 'docker']"
Software Engineer,"['html', 'flask', 'css', 'node', 'sql', 'javascript', 'python', 'react', 'postgresql', 'express', 'webpack', 'node.js']"
Software Engineer,"['angular', 'html', 'flask', 'css', 'node', 'sql', 'javascript', 'python', 'react', 'next.js', 'webpack', 'docker']"
Software Engineer,"['html', 'flask', 'css', 'sql', 'javascript', 'python', 'django', 'react', 'nginx', 'express', 'git']"
Software Engineer,"['angular', 'html', 'css', 'node', 'sql', 'javascript', 'python', 'react', 'django', 'express', 'git', 'node.js', 'webpack']"
Software Engineer,"['html', 'flask', 'css', 'sql', 'javascript', 'python', 'django', 'react', 'nginx', 'next.js', 'mongodb']"
Software Engineer,"['angular', 'html', 'flask', 'css', 'node', 'sql', 'javascript', 'python', 'react', 'nginx', 'express', 'git']"
Software Engineer,"['html', 'flask', 'css', 'sql', 'javascript', 'python', 'django', 'react', 'postgresql', 'mongodb', 'webpack', 'docker', 'react']"
Software Engineer,"['angular', 'html', 'css', 'node', 'sql', 'javascript', 'python', 'react', 'django', 'azure', 'aws']"
Software Engineer,"['html', 'flask', 'css', 'node', 'sql', 'javascript', 'python', 'react', 'mongodb', 'express', 'next.js', 'webpack']"
Software Engineer,"['angular', 'html', 'flask', 'css', 'node', 'sql', 'javascript', 'python', 'react', 'mongodb', 'postgresql', 'nginx', 'docker', 'express']"
Software Engineer,"['html', 'flask', 'css', 'sql', 'javascript', 'python', 'django', 'react', 'next.js', 'express', 'node.js']"
Software Engineer,"['angular', 'html', 'css', 'node', 'sql', 'javascript', 'python', 'react', 'django', 'git', 'node.js', 'mongodb', 'docker']"
Software Engineer,"['html', 'flask', 'css', 'sql', 'javascript', 'python', 'django', 'react', 'nginx', 'mongodb', 'next.js', 'git', 'express']"
Data Scientist,"['machine learning', 'data science', 'pandas', 'numpy', 'python', 'jupyter', 'scikit-learn', 'pandas', 'tensorflow', 'numpy']"
Data Scientist,"['machine learning', 'pytorch', 'data science', 'deep learning', 'tensorflow', 'data analysis', 'python', 'jupyter', 'python', 'matplotlib']"
Data Scientist,"['machine learning', 'data science', 'pandas', 'data analysis', 'python', 'scikit-learn', 'pandas', 'matplotlib', 'tensorflow', 'numpy']"
Data Scientist,"['machine learning', 'data science', 'pandas', 'numpy', 'python', 'jupyter', 'scikit-learn', 'python', 'tensorflow']"
Data Scientist,"['machine learning', 'pytorch', 'data science', 'deep learning', 'tensorflow', 'data analysis', 'python', 'jupyter', 'pandas', 'tensorflow']"
Data Scientist,"['machine learning', 'data science', 'pandas', 'tensorflow', 'data analysis', 'python', 'numpy', 'jupyter', 'python']"
Data Scientist,"['machine learning', 'data science', 'pandas', 'numpy', 'python', 'jupyter', 'tensorflow', 'pandas', 'matplotlib']"
Data Scientist,"['machine learning', 'data science', 'pandas', 'numpy', 'data analysis', 'python', 'scikit-learn', 'pandas', 'matplotlib']"
Data Scientist,"['machine learning', 'pytorch', 'data science', 'deep learning', 'tensorflow', 'data analysis', 'python', 'jupyter', 'matplotlib', 'tensorflow', 'numpy', 'python']"
Data Scientist,"['machine learning', 'data science', 'pandas', 'data analysis', 'python', 'scikit-learn', 'matplotlib', 'tensorflow', 'numpy', 'python']"
Data Scientist,"['machine learning', 'data science', 'pandas', 'numpy', 'data analysis', 'python', 'jupyter', 'pandas', 'tensorflow', 'matplotlib', 'numpy']"
Data Scientist,"['machine learning', 'data science', 'pandas', 'numpy', 'python', 'jupyter', 'scikit-learn', 'python']"
Data Scientist,"['machine learning', 'pytorch', 'data science', 'deep learning', 'tensorflow', 'data analysis', 'python', 'jupyter', 'scikit-learn', 'pandas', 'tensorflow']"
Data Scientist,"['machine learning', 'data science', 'pandas', 'tensorflow', 'data analysis', 'python', 'numpy', 'matplotlib', 'scikit-learn', 'tensorflow']"
Data Scientist,"['machine learning', 'data science', 'pandas', 'numpy', 'python', 'jupyter', 'scikit-learn', 'matplotlib', 'numpy', 'python']"
Data Scientist,"['machine learning', 'data science', 'pandas', 'numpy', 'data analysis', 'python', 'jupyter', 'scikit-learn', 'pandas', 'matplotlib']"
Cloud Engineer,"['networking', 'security', 'devops', 'distributed systems', 'linux administration', 'aws', 'gcp', 'azure']"
Cloud Engineer,"['containerization', 'devops', 'virtualization', 'security', 'docker', 'gcp', 'kubernetes', 'azure', 'aws']"
Cloud Engineer,"['cloud computing', 'virtualization', 'linux administration', 'infrastructure as code', 'aws', 'gcp', 'azure']"
Cloud Engineer,"['distributed systems', 'cloud computing', 'containerization', 'networking', 'aws', 'gcp', 'azure']"
Cloud Engineer,"['infrastructure as code', 'virtualization', 'security', 'scalability', 'distributed systems', 'linux administration', 'aws', 'gcp', 'azure']"
Cloud Engineer,"['networking', 'security', 'cloud computing', 'scalability', 'devops', 'distributed systems', 'kubernetes', 'aws', 'gcp', 'azure']"
Cloud Engineer,"['infrastructure as code', 'networking', 'cloud computing', 'devops', 'distributed systems', 'kubernetes', 'aws', 'gcp', 'azure']"
Cloud Engineer,"['infrastructure as code', 'virtualization', 'networking', 'scalability', 'containerization', 'linux administration', 'aws', 'gcp', 'azure']"
Cloud Engineer,"['distributed systems', 'networking', 'linux administration', 'security', 'aws', 'gcp', 'azure']"
Cloud Engineer,"['infrastructure as code', 'virtualization', 'cloud computing', 'devops', 'containerization', 'kubernetes', 'aws', 'gcp', 'azure']"
Cloud Engineer,"['virtualization', 'networking', 'devops', 'distributed systems', 'linux administration', 'kubernetes', 'aws', 'gcp', 'azure']"
Cloud Engineer,"['infrastructure as code', 'security', 'devops', 'containerization', 'linux administration', 'aws', 'gcp', 'azure']"
Cloud Engineer,"['cloud computing', 'scalability', 'devops', 'infrastructure as code', 'aws', 'gcp', 'azure']"
Cloud Engineer,"['infrastructure as code', 'virtualization', 'security', 'containerization', 'linux administration', 'kubernetes', 'aws', 'gcp', 'azure']"
Cloud Engineer,"['distributed systems', 'scalability', 'virtualization', 'networking', 'kubernetes', 'aws', 'gcp', 'azure']"
Cloud Engineer,"['virtualization', 'networking', 'security', 'scalability', 'linux administration', 'aws', 'gcp', 'azure']"
Software Engineer,"['html', 'flask', 'mysql', 'css', 'node', 'sql', 'javascript', 'react', 'mongodb', 'postgresql', 'node.js', 'webpack', 'express']"
Software Engineer,"['angular', 'flask', 'mysql', 'sql', 'django', 'react', 'mongodb', 'node.js', 'git', 'express', 'react']"
Software Engineer,"['angular', 'html', 'css', 'mysql', 'node', 'sql', 'javascript', 'react', 'django', 'postgresql', 'nginx', 'node.js']"
Machine Learning Engineer,"['spark', 'kubernetes', 'blockchain', 'docker', 'kubernetes', 'docker']"
Data Scientist,"['agile', 'mongodb', 'rest apis', 'react', 'scikit-learn', 'python', 'pandas']"
Cloud Engineer,"['node.js', 'cloud computing', 'scrum', 'computer vision', 'azure', 'azure']"
Machine Learning Engineer,"['agile', 'java', 'graphql', 'tensorflow', 'kubernetes', 'kubernetes', 'tensorflow', 'java']"
Software Engineer,"['network security', 'microservices', 'rest apis', 'natural language processing', 'docker', 'docker']"
Machine Learning Engineer,"['blockchain', 'kafka', 'java', 'rest apis', 'sql', 'cybersecurity', 'azure', 'terraform', 'azure', 'sql', 'java']"
Software Engineer,"['kubernetes', 'mongodb', 'git', 'kafka', 'kubernetes', 'git', 'mongodb']"
Software Engineer,"['penetration testing', 'cd', 'ci', 'ansible', 'kafka', 'git', 'git']"
Software Engineer,"['machine learning', 'penetration testing', 'pytorch', 'kafka', 'data analysis', 'figma', 'angular', 'webpack', 'vue', 'react']"
Software Engineer,"['natural language processing', 'sql', 'tensorflow', 'kubernetes', 'computer vision', 'kubernetes', 'sql', 'tensorflow']"
Software Engineer,"['network security', 'solidity', 'rest apis', 'cloud computing', 'data analysis', 'terraform', 'figma', 'angular', 'webpack', 'vue', 'react']"
Software Engineer,"['network security', 'agile', 'penetration testing', 'microservices', 'solidity', 'docker', 'scrum', 'terraform', 'docker']"
Data Scientist,"['network security', 'microservices', 'node.js', 'terraform', 'natural language processing', 'linux', 'javascript', 'statistics', 'linux', 'java']"
Cloud Engineer,"['network security', 'mongodb', 'javascript', 'git', 'aws', 'git', 'aws', 'mongodb', 'java']"
Cloud Engineer,"['spark', 'agile', 'kafka', 'java', 'scrum', 'tensorflow', 'data analysis', 'git', 'git', 'tensorflow', 'java']"
Software Engineer,"['cd', 'ci', 'linux', 'kubernetes', 'cybersecurity', 'kubernetes', 'linux']"
Cloud Engineer,"['pytorch', 'microservices', 'ansible', 'solidity', 'linux', 'cloud computing', 'javascript', 'cybersecurity', 'linux', 'pytorch', 'java']"
Cloud Engineer,"['blockchain', 'java', 'docker', 'jenkins', 'cloud computing', 'natural language processing', 'python', 'statistics', 'java', 'python', 'docker']"
Machine Learning Engineer,"['cd', 'ci', 'rest apis', 'java', 'linux', 'natural language processing', 'tensorflow', 'data analysis', 'aws', 'linux', 'tensorflow', 'aws', 'java']"
Data Scientist,"['penetration testing', 'microservices', 'docker', 'natural language processing', 'devops', 'javascript', 'kubernetes', 'aws', 'kubernetes', 'java', 'aws', 'docker']"
Software Engineer,"['agile', 'microservices', 'cybersecurity', 'linux', 'scrum', 'tensorflow', 'computer vision', 'terraform', 'tensorflow', 'linux']"
Data Scientist,"['network security', 'mongodb', 'javascript', 'tensorflow', 'git', 'python', 'statistics', 'mongodb', 'java', 'tensorflow', 'git', 'python']"
Machine Learning Engineer,"['pytorch', 'blockchain', 'rest apis', 'jenkins', 'tensorflow', 'statistics', 'pytorch', 'tensorflow']"
Software Engineer,"['cd', 'git', 'ci', 'cybersecurity', 'natural language processing', 'computer vision', 'python', 'aws', 'react', 'git', 'python', 'aws']"
Cloud Engineer,"['rest apis', 'deep learning', 'devops', 'azure', 'terraform', 'docker', 'gcp', 'azure', 'aws', 'terraform']"
Machine Learning Engineer,"['network security', 'microservices', 'ansible', 'linux', 'scrum', 'devops', 'react', 'tensorflow', 'mlflow', 'kubeflow', 'docker']"
Software Engineer,"['machine learning', 'penetration testing', 'pytorch', 'git', 'python', 'aws', 'pytorch', 'git', 'python', 'aws']"
Software Engineer,"['linux', 'java', 'jenkins', 'tensorflow', 'javascript', 'terraform', 'linux', 'tensorflow', 'java']"
Machine Learning Engineer,"['microservices', 'ansible', 'natural language processing', 'graphql', 'devops', 'sql', 'pytorch', 'tensorflow', 'keras', 'docker']"
Software Engineer,"['cd', 'ci', 'linux', 'tensorflow', 'terraform', 'tensorflow', 'linux']"
Software Engineer,"['network security', 'solidity', 'java', 'deep learning', 'graphql', 'sql', 'kubernetes', 'kubernetes', 'sql', 'java']"
Software Engineer,"['network security', 'agile', 'ansible', 'linux', 'data analysis', 'azure', 'statistics', 'azure', 'linux']"
Machine Learning Engineer,"['cd', 'ci', 'sql', 'kubernetes', 'data analysis', 'computer vision', 'kubernetes', 'sql']"
Cloud Engineer,"['network security', 'kubernetes', 'python', 'azure', 'kubernetes', 'python', 'azure']"
Software Engineer,"['spark', 'kafka', 'linux', 'natural language processing', 'java', 'scrum', 'tensorflow', 'linux', 'tensorflow', 'java']"
Software Engineer,"['network security', 'mongodb', 'linux', 'deep learning', 'jenkins', 'javascript', 'tensorflow', 'linux', 'mongodb', 'tensorflow', 'java']"
Software Engineer,"['computer vision', 'node.js', 'mongodb', 'linux', 'mongodb', 'linux']"
Machine Learning Engineer,"['pytorch', 'ansible', 'graphql', 'computer vision', 'terraform', 'tensorflow', 'pytorch', 'mlflow', 'kubeflow']"
Cloud Engineer,"['machine learning', 'pytorch', 'mongodb', 'java', 'sql', 'kubernetes', 'statistics', 'pytorch', 'mongodb', 'java', 'sql', 'kubernetes']"
Software Engineer,"['scrum', 'mongodb', 'sql', 'docker', 'mongodb', 'sql', 'docker']"
Data Scientist,"['spark', 'solidity', 'docker', 'jenkins', 'devops', 'tensorflow', 'kubernetes', 'aws', 'kubernetes', 'tensorflow', 'aws', 'docker']"
Software Engineer,"['penetration testing', 'ansible', 'solidity', 'scrum', 'tensorflow', 'kubernetes', 'computer vision', 'terraform', 'kubernetes', 'tensorflow']"
Software Engineer,"['penetration testing', 'python', 'azure', 'tensorflow', 'python', 'azure', 'tensorflow']"
Software Engineer,"['network security', 'java', 'graphql', 'computer vision', 'statistics', 'spring boot', 'redis', 'django']"
Software Engineer,"['spark', 'agile', 'penetration testing', 'mongodb', 'tensorflow', 'computer vision', 'azure', 'statistics', 'mongodb', 'azure', 'tensorflow']"
Machine Learning Engineer,"['network security', 'agile', 'spark', 'linux', 'sql', 'tensorflow', 'sql', 'tensorflow', 'linux']"
Software Engineer,"['graphql', 'scrum', 'javascript', 'kubernetes', 'statistics', 'kubernetes', 'java']"
Software Engineer,"['agile', 'penetration testing', 'mongodb', 'blockchain', 'natural language processing', 'deep learning', 'jenkins', 'devops', 'mongodb']"
Cloud Engineer,"['machine learning', 'agile', 'cd', 'git', 'ci', 'ansible', 'cloud computing', 'cybersecurity', 'react', 'git']"
Cloud Engineer,"['spark', 'microservices', 'linux', 'natural language processing', 'graphql', 'cloud computing', 'data analysis', 'azure', 'gcp', 'terraform', 'docker']"
Machine Learning Engineer,"['kubernetes', 'data analysis', 'pytorch', 'react', 'kubernetes', 'pytorch']"
Software Engineer,"['node.js', 'solidity', 'cloud computing', 'tensorflow', 'statistics', 'tensorflow']"
Machine Learning Engineer,"['network security', 'spark', 'node.js', 'scrum', 'git', 'react', 'pytorch', 'docker', 'tensorflow', 'mlflow', 'kubeflow']"
Software Engineer,"['agile', 'blockchain', 'node.js', 'java', 'docker', 'sql', 'javascript', 'cybersecurity', 'java', 'sql', 'docker']"
Cloud Engineer,"['spark', 'jenkins', 'python', 'rest apis', 'azure', 'gcp', 'aws', 'docker']"
Machine Learning Engineer,"['spark', 'cd', 'blockchain', 'ci', 'linux', 'natural language processing', 'jenkins', 'kubernetes', 'python', 'kubernetes', 'python', 'linux']"
Software Engineer,"['machine learning', 'spark', 'pytorch', 'kafka', 'natural language processing', 'deep learning', 'computer vision', 'pytorch']"
Machine Learning Engineer,"['cd', 'mongodb', 'microservices', 'ci', 'kafka', 'linux', 'mongodb', 'linux']"
Cloud Engineer,"['spark', 'pytorch', 'terraform', 'jenkins', 'tensorflow', 'statistics', 'pytorch', 'tensorflow']"
Software Engineer,"['penetration testing', 'blockchain', 'git', 'kafka', 'scrum', 'devops', 'tensorflow', 'cybersecurity', 'git', 'tensorflow']"
Software Engineer,"['python', 'javascript', 'rest apis', 'natural language processing', 'python', 'java']"
Machine Learning Engineer,"['pytorch', 'ansible', 'solidity', 'linux', 'java', 'deep learning', 'scrum', 'linux', 'pytorch', 'java']"
Software Engineer,"['network security', 'pytorch', 'microservices', 'linux', 'docker', 'graphql', 'devops', 'statistics', 'linux', 'pytorch', 'docker']"
Machine Learning Engineer,"['agile', 'penetration testing', 'rest apis', 'docker', 'sql', 'azure', 'statistics', 'azure', 'sql', 'docker']"
Cloud Engineer,"['spark', 'blockchain', 'node.js', 'natural language processing', 'linux', 'sql', 'data analysis', 'aws', 'sql', 'aws', 'linux']"
Machine Learning Engineer,"['spark', 'mongodb', 'microservices', 'linux', 'deep learning', 'cloud computing', 'mongodb', 'linux']"
Software Engineer,"['network security', 'node.js', 'solidity', 'linux', 'tensorflow', 'tensorflow', 'linux']"
Data Scientist,"['mongodb', 'ansible', 'solidity', 'rest apis', 'natural language processing', 'devops', 'javascript', 'cybersecurity', 'mongodb', 'java']"
Software Engineer,"['graphql', 'git', 'solidity', 'statistics', 'figma', 'angular', 'webpack', 'vue', 'react']"
Software Engineer,"['agile', 'ansible', 'cybersecurity', 'sql', 'javascript', 'git', 'python', 'aws', 'java', 'sql', 'git', 'python', 'aws']"
Software Engineer,"['kubernetes', 'data analysis', 'aws', 'docker', 'kubernetes', 'aws', 'docker']"
Software Engineer,"['mongodb', 'solidity', 'kafka', 'linux', 'tensorflow', 'cybersecurity', 'aws', 'tensorflow', 'mongodb', 'aws', 'linux']"
Machine Learning Engineer,"['machine learning', 'pytorch', 'microservices', 'solidity', 'terraform', 'linux', 'statistics', 'pytorch', 'linux']"
Machine Learning Engineer,"['agile', 'penetration testing', 'graphql', 'cloud computing', 'scrum', 'cybersecurity', 'statistics', 'tensorflow', 'pytorch', 'mlflow']"
Software Engineer,"['cloud computing', 'data analysis', 'azure', 'node.js', 'postgresql', 'spring boot', 'node.js']"
Cloud Engineer,"['network security', 'pytorch', 'solidity', 'sql', 'javascript', 'azure', 'pytorch', 'azure', 'sql', 'java']"
Software Engineer,"['machine learning', 'agile', 'node.js', 'linux', 'javascript', 'tensorflow', 'azure', 'aws', 'linux', 'java', 'tensorflow', 'azure', 'aws']"
Cloud Engineer,"['graphql', 'scrum', 'git', 'python', 'git', 'python']"
Data Scientist,"['kubernetes', 'tensorflow', 'terraform', 'react', 'kubernetes', 'tensorflow']"
Software Engineer,"['penetration testing', 'kafka', 'data analysis', 'cybersecurity', 'python', 'python']"
Software Engineer,"['spark', 'cd', 'node.js', 'ci', 'ansible', 'javascript', 'tensorflow', 'cybersecurity', 'tensorflow', 'java']"
Software Engineer,"['agile', 'devops', 'deep learning', 'java', 'java']"
Machine Learning Engineer,"['cd', 'ci', 'linux', 'docker', 'scrum', 'linux', 'docker']"
Software Engineer,"['graphql', 'jenkins', 'sql', 'tensorflow', 'data analysis', 'cybersecurity', 'python', 'python', 'tensorflow', 'sql']"
Cloud Engineer,"['java', 'jenkins', 'cloud computing', 'kubernetes', 'computer vision', 'react', 'kubernetes', 'java']"
Machine Learning Engineer,"['spark', 'agile', 'java', 'devops', 'tensorflow', 'git', 'aws', 'tensorflow', 'git', 'aws', 'java']"
Cloud Engineer,"['network security', 'deep learning', 'computer vision', 'azure', 'docker', 'gcp', 'azure', 'aws', 'terraform']"
Data Scientist,"['network security', 'microservices', 'linux', 'scrum', 'computer vision', 'statistics', 'react', 'jupyter', 'scikit-learn', 'pandas', 'numpy', 'python']"
Software Engineer,"['mongodb', 'microservices', 'ansible', 'kafka', 'linux', 'java', 'jenkins', 'linux', 'mongodb', 'java']"
Software Engineer,"['machine learning', 'blockchain', 'node.js', 'kafka', 'linux', 'graphql', 'postgresql', 'spring boot', 'redis', 'django']"
Software Engineer,"['pytorch', 'rest apis', 'linux', 'git', 'python', 'pytorch', 'git', 'python', 'linux']"
Software Engineer,"['cd', 'pytorch', 'ci', 'rest apis', 'linux', 'graphql', 'sql', 'tensorflow', 'statistics', 'pytorch', 'sql', 'tensorflow', 'linux']"
Software Engineer,"['cd', 'blockchain', 'ci', 'docker', 'sql', 'kubernetes', 'computer vision', 'python', 'aws', 'docker', 'sql', 'kubernetes', 'python', 'aws']"
Software Engineer,"['java', 'docker', 'graphql', 'tensorflow', 'statistics', 'java', 'tensorflow', 'docker']"
Cloud Engineer,"['agile', 'mongodb', 'node.js', 'ansible', 'jenkins', 'react', 'mongodb']"
Cloud Engineer,"['agile', 'solidity', 'javascript', 'linux', 'linux', 'java']"
Machine Learning Engineer,"['machine learning', 'penetration testing', 'pytorch', 'java', 'aws', 'pytorch', 'aws', 'java']"
Software Engineer,"['penetration testing', 'blockchain', 'kafka', 'graphql', 'sql', 'azure', 'react', 'azure', 'sql']"
Data Scientist,"['mongodb', 'git', 'microservices', 'react', 'git', 'mongodb']"
Cloud Engineer,"['node.js', 'ansible', 'linux', 'graphql', 'cybersecurity', 'react', 'docker', 'gcp', 'azure', 'aws', 'terraform']"
Software Engineer,"['node.js', 'solidity', 'rest apis', 'kafka', 'java', 'sql', 'terraform', 'sql', 'java']"
Machine Learning Engineer,"['pytorch', 'java', 'scrum', 'sql', 'data analysis', 'pytorch', 'sql', 'java']"
Machine Learning Engineer,"['blockchain', 'linux', 'graphql', 'data analysis', 'cybersecurity', 'aws', 'react', 'aws', 'linux']"
Cloud Engineer,"['network security', 'deep learning', 'jenkins', 'javascript', 'cybersecurity', 'python', 'terraform', 'python', 'java']"
Machine Learning Engineer,"['cd', 'pytorch', 'ci', 'solidity', 'kafka', 'java', 'javascript', 'pytorch', 'java']"
Cloud Engineer,"['agile', 'azure', 'aws', 'microservices', 'azure', 'aws']"
Software Engineer,"['git', 'terraform', 'rest apis', 'scrum', 'azure', 'computer vision', 'python', 'statistics', 'python', 'git', 'azure']"
Software Engineer,"['cd', 'ci', 'linux', 'graphql', 'devops', 'kubernetes', 'python', 'react', 'kubernetes', 'python', 'linux']"
Software Engineer,"['agile', 'pytorch', 'microservices', 'rest apis', 'jenkins', 'javascript', 'python', 'pytorch', 'python', 'java']"
Software Engineer,"['machine learning', 'solidity', 'terraform', 'react', 'angular', 'vue', 'webpack', 'react']"
Software Engineer,"['machine learning', 'mongodb', 'linux', 'deep learning', 'scrum', 'tensorflow', 'aws', 'tensorflow', 'mongodb', 'aws', 'linux']"
Machine Learning Engineer,"['machine learning', 'ansible', 'tensorflow', 'kafka', 'mlflow', 'tensorflow', 'kubeflow']"
Software Engineer,"['cd', 'blockchain', 'ci', 'graphql', 'devops', 'tensorflow', 'kubernetes', 'statistics', 'kubernetes', 'tensorflow']"
Software Engineer,"['network security', 'agile', 'deep learning', 'sql', 'azure', 'aws', 'terraform', 'azure', 'aws', 'sql']"
Software Engineer,"['machine learning', 'agile', 'network security', 'microservices', 'docker', 'statistics', 'react', 'docker']"
Cloud Engineer,"['machine learning', 'penetration testing', 'pytorch', 'ansible', 'docker', 'python', 'statistics', 'pytorch', 'python', 'docker']"
Software Engineer,"['cd', 'ci', 'ansible', 'solidity', 'sql', 'python', 'aws', 'python', 'aws', 'sql']"
Software Engineer,"['mongodb', 'node.js', 'linux', 'tensorflow', 'terraform', 'mongodb', 'tensorflow', 'linux']"
Data Scientist,"['microservices', 'linux', 'scrum', 'tensorflow', 'terraform', 'tensorflow', 'linux']"
Software Engineer,"['pytorch', 'rest apis', 'docker', 'deep learning', 'javascript', 'data analysis', 'azure', 'aws', 'pytorch', 'java', 'docker', 'azure', 'aws']"
Machine Learning Engineer,"['network security', 'computer vision', 'blockchain', 'tensorflow', 'mlflow', 'tensorflow', 'kubeflow', 'docker']"
Cloud Engineer,"['machine learning', 'spark', 'jenkins', 'tensorflow', 'kubernetes', 'python', 'kubernetes', 'python', 'tensorflow']"
Software Engineer,"['spark', 'penetration testing', 'cd', 'blockchain', 'ci', 'solidity', 'docker', 'deep learning', 'docker']"
Machine Learning Engineer,"['cloud computing', 'mongodb', 'terraform', 'statistics', 'pytorch', 'docker', 'tensorflow', 'mlflow', 'keras']"
Machine Learning Engineer,"['spark', 'cloud computing', 'tensorflow', 'javascript', 'tensorflow', 'java']"
Machine Learning Engineer,"['git', 'python', 'sql', 'linux', 'git', 'python', 'sql', 'linux']"
Data Scientist,"['mongodb', 'microservices', 'ansible', 'natural language processing', 'docker', 'python', 'statistics', 'react', 'mongodb', 'python', 'docker']"
Data Scientist,"['machine learning', 'penetration testing', 'cd', 'blockchain', 'microservices', 'ci', 'kafka', 'devops', 'react', 'numpy', 'jupyter', 'scikit-learn', 'python']"
Cloud Engineer,"['agile', 'blockchain', 'ansible', 'kafka', 'graphql', 'scrum', 'cybersecurity', 'aws', 'gcp', 'terraform', 'docker']"
Machine Learning Engineer,"['agile', 'blockchain', 'linux', 'natural language processing', 'devops', 'kubernetes', 'kubernetes', 'linux']"
Software Engineer,"['natural language processing', 'java', 'deep learning', 'scrum', 'tensorflow', 'cybersecurity', 'azure', 'azure', 'tensorflow', 'java']"
Software Engineer,"['network security', 'graphql', 'javascript', 'data analysis', 'react', 'java']"
Machine Learning Engineer,"['ansible', 'terraform', 'rest apis', 'devops', 'javascript', 'azure', 'statistics', 'azure', 'java']"
Software Engineer,"['network security', 'cd', 'mongodb', 'ci', 'java', 'deep learning', 'aws', 'react', 'mongodb', 'aws', 'java']"
Data Scientist,"['machine learning', 'pytorch', 'microservices', 'cybersecurity', 'python', 'pytorch', 'python']"
Cloud Engineer,"['deep learning', 'jenkins', 'statistics', 'java', 'azure', 'gcp', 'terraform', 'docker']"
Software Engineer,"['pytorch', 'blockchain', 'docker', 'deep learning', 'sql', 'statistics', 'pytorch', 'sql', 'docker']"
Software Engineer,"['spark', 'pytorch', 'kafka', 'graphql', 'computer vision', 'azure', 'pytorch', 'azure']"
Cloud Engineer,"['mongodb', 'jenkins', 'devops', 'sql', 'data analysis', 'cybersecurity', 'react', 'mongodb', 'sql']"
Software Engineer,"['penetration testing', 'node.js', 'rest apis', 'data analysis', 'git', 'figma', 'angular', 'webpack', 'vue', 'react']"
Software Engineer,"['pytorch', 'mongodb', 'microservices', 'solidity', 'azure', 'terraform', 'pytorch', 'mongodb', 'azure']"
Machine Learning Engineer,"['agile', 'node.js', 'graphql', 'jenkins', 'tensorflow', 'terraform', 'mlflow', 'tensorflow', 'docker']"
Software Engineer,"['python', 'react', 'node.js', 'natural language processing', 'python']"
Software Engineer,"['node.js', 'solidity', 'kafka', 'linux', 'sql', 'data analysis', 'react', 'sql', 'linux']"
Cloud Engineer,"['cd', 'ci', 'javascript', 'kubernetes', 'statistics', 'kubernetes', 'java']"
Machine Learning Engineer,"['node.js', 'deep learning', 'cloud computing', 'graphql', 'sql', 'aws', 'react', 'sql', 'aws']"
Cloud Engineer,"['cd', 'ci', 'solidity', 'graphql', 'scrum', 'sql', 'azure', 'aws', 'terraform', 'docker']"
Cloud Engineer,"['blockchain', 'node.js', 'java', 'javascript', 'kubernetes', 'kubernetes', 'java']"
Cloud Engineer,"['graphql', 'scrum', 'solidity', 'node.js', 'azure', 'gcp', 'terraform']"
Machine Learning Engineer,"['mongodb', 'kafka', 'deep learning', 'cloud computing', 'data analysis', 'pytorch', 'docker', 'tensorflow', 'mlflow', 'kubeflow']"
Cloud Engineer,"['mongodb', 'jenkins', 'scrum', 'kubernetes', 'aws', 'statistics', 'kubernetes', 'mongodb', 'aws']"
Machine Learning Engineer,"['network security', 'cd', 'pytorch', 'ci', 'kafka', 'java', 'javascript', 'python', 'terraform', 'pytorch', 'python', 'java']"
Data Scientist,"['network security', 'spark', 'penetration testing', 'natural language processing', 'graphql', 'numpy', 'jupyter', 'python']"
Software Engineer,"['network security', 'mongodb', 'rest apis', 'cloud computing', 'javascript', 'kubernetes', 'git', 'statistics', 'kubernetes', 'git', 'mongodb', 'java']"
Data Scientist,"['machine learning', 'agile', 'mongodb', 'docker', 'sql', 'kubernetes', 'kubernetes', 'mongodb', 'sql', 'docker']"
Software Engineer,"['machine learning', 'mongodb', 'tensorflow', 'data analysis', 'computer vision', 'mongodb', 'tensorflow']"
Cloud Engineer,"['penetration testing', 'linux', 'docker', 'kubernetes', 'python', 'linux', 'kubernetes', 'python', 'docker']"
Software Engineer,"['linux', 'graphql', 'deep learning', 'tensorflow', 'data analysis', 'azure', 'azure', 'tensorflow', 'linux']"
Software Engineer,"['penetration testing', 'kafka', 'linux', 'cybersecurity', 'azure', 'azure', 'linux']"
Machine Learning Engineer,"['microservices', 'linux', 'jenkins', 'cloud computing', 'azure', 'azure', 'linux']"
Software Engineer,"['cd', 'blockchain', 'microservices', 'ci', 'tensorflow', 'aws', 'terraform', 'tensorflow', 'aws']"
Software Engineer,"['spark', 'mongodb', 'linux', 'data analysis', 'cybersecurity', 'mongodb', 'linux']"
Software Engineer,"['ansible', 'rest apis', 'kafka', 'deep learning', 'cloud computing', 'terraform', 'spring boot', 'redis', 'django']"
Cloud Engineer,"['computer vision', 'aws', 'kafka', 'docker', 'aws', 'docker']"
Software Engineer,"['cd', 'ci', 'docker', 'linux', 'cloud computing', 'scrum', 'devops', 'kubernetes', 'linux', 'kubernetes', 'docker']"
Cloud Engineer,"['network security', 'jenkins', 'scrum', 'cybersecurity', 'python', 'gcp', 'terraform', 'docker']"
Data Scientist,"['spark', 'ansible', 'natural language processing', 'jenkins', 'devops', 'tensorflow', 'computer vision', 'jupyter', 'scikit-learn', 'pandas', 'numpy', 'python']"
Software Engineer,"['penetration testing', 'mongodb', 'kafka', 'natural language processing', 'cybersecurity', 'mongodb']"
Software Engineer,"['pytorch', 'solidity', 'cybersecurity', 'graphql', 'computer vision', 'python', 'aws', 'pytorch', 'python', 'aws']"
Software Engineer,"['machine learning', 'pytorch', 'blockchain', 'microservices', 'ansible', 'linux', 'pytorch', 'linux']"
Software Engineer,"['agile', 'node.js', 'solidity', 'docker', 'tensorflow', 'data analysis', 'cybersecurity', 'tensorflow', 'docker']"
Machine Learning Engineer,"['mongodb', 'rest apis', 'deep learning', 'sql', 'statistics', 'mongodb', 'sql']"
Cloud Engineer,"['penetration testing', 'node.js', 'natural language processing', 'docker', 'graphql', 'kubernetes', 'azure', 'react', 'kubernetes', 'azure', 'docker']"
Cloud Engineer,"['spark', 'mongodb', 'scrum', 'devops', 'tensorflow', 'kubernetes', 'kubernetes', 'mongodb', 'tensorflow']"
Software Engineer,"['penetration testing', 'mongodb', 'scrum', 'devops', 'javascript', 'sql', 'react', 'mongodb', 'sql', 'java']"
Software Engineer,"['linux', 'network security', 'mongodb', 'java', 'linux', 'mongodb', 'java']"
Machine Learning Engineer,"['pytorch', 'cybersecurity', 'scrum', 'tensorflow', 'computer vision', 'react', 'pytorch', 'tensorflow']"
Software Engineer,"['pytorch', 'rest apis', 'docker', 'jenkins', 'data analysis', 'pytorch', 'docker']"
Software Engineer,"['docker', 'graphql', 'kubernetes', 'aws', 'terraform', 'kubernetes', 'aws', 'docker']"
Software Engineer,"['pytorch', 'linux', 'docker', 'scrum', 'sql', 'aws', 'statistics', 'pytorch', 'linux', 'docker', 'sql', 'aws']"
Software Engineer,"['agile', 'cd', 'blockchain', 'microservices', 'ci', 'cloud computing', 'javascript', 'data analysis', 'java']"
Software Engineer,"['spark', 'penetration testing', 'solidity', 'kafka', 'tensorflow', 'statistics', 'react', 'tensorflow']"
Software Engineer,"['statistics', 'docker', 'data analysis', 'python', 'terraform', 'python', 'docker']"
Software Engineer,"['machine learning', 'spark', 'java', 'cloud computing', 'git', 'python', 'git', 'python', 'java']"
Software Engineer,"['network security', 'docker', 'graphql', 'scrum', 'cybersecurity', 'statistics', 'docker']"
Software Engineer,"['network security', 'cd', 'ci', 'rest apis', 'linux', 'devops', 'aws', 'aws', 'linux']"
Software Engineer,"['network security', 'devops', 'tensorflow', 'computer vision', 'aws', 'terraform', 'react', 'tensorflow', 'aws']"
Cloud Engineer,"['agile', 'git', 'deep learning', 'tensorflow', 'git', 'tensorflow']"
Machine Learning Engineer,"['penetration testing', 'cd', 'mongodb', 'blockchain', 'ci', 'graphql', 'javascript', 'data analysis', 'terraform', 'mongodb', 'java']"
Machine Learning Engineer,"['data analysis', 'devops', 'python', 'kafka', 'pytorch', 'mlflow', 'keras', 'docker']"
Software Engineer,"['cd', 'pytorch', 'ci', 'solidity', 'rest apis', 'pytorch']"
Cloud Engineer,"['sql', 'graphql', 'ansible', 'node.js', 'sql']"
Software Engineer,"['network security', 'agile', 'penetration testing', 'ansible', 'jenkins', 'sql', 'azure', 'terraform', 'azure', 'sql']"
Cloud Engineer,"['data analysis', 'mongodb', 'tensorflow', 'node.js', 'mongodb', 'tensorflow']"
Cloud Engineer,"['load balancing', 'cloud computing', 'security fundamentals', 'infrastructure as code', 'cloudformation', 'ansible', 'linux', 'azure', 'terraform']"
Cloud Engineer,"['virtualization', 'cloud computing', 'scalability design', 'distributed systems', 'security fundamentals', 'cloudformation', 'azure', 'gcp']"
Cloud Engineer,"['load balancing', 'infrastructure as code', 'linux administration', 'system architecture', 'cloudformation', 'ansible', 'aws', 'docker']"
Cloud Engineer,"['infrastructure as code', 'virtualization', 'load balancing', 'system architecture', 'linux administration', 'jenkins', 'cloudformation', 'aws', 'docker']"
Cloud Engineer,"['scalability design', 'system architecture', 'networking', 'infrastructure as code', 'kubernetes', 'jenkins', 'linux']"
Cloud Engineer,"['load balancing', 'infrastructure as code', 'linux administration', 'system architecture', 'docker', 'gcp', 'linux']"
Cloud Engineer,"['infrastructure as code', 'virtualization', 'cloud computing', 'system architecture', 'distributed systems', 'security fundamentals', 'cloudformation', 'ansible', 'terraform', 'azure']"
Cloud Engineer,"['infrastructure as code', 'virtualization', 'load balancing', 'cloud computing', 'scalability design', 'distributed systems', 'gcp', 'aws', 'linux']"
Cloud Engineer,"['load balancing', 'cloud computing', 'distributed systems', 'security fundamentals', 'linux administration', 'kubernetes', 'cloudformation', 'gcp']"
Cloud Engineer,"['infrastructure as code', 'load balancing', 'cloud computing', 'scalability design', 'security fundamentals', 'linux administration', 'cloudformation', 'jenkins', 'kubernetes', 'aws', 'terraform']"
Cloud Engineer,"['virtualization', 'networking', 'load balancing', 'system architecture', 'linux administration', 'jenkins', 'ansible', 'gcp']"
Cloud Engineer,"['infrastructure as code', 'networking', 'scalability design', 'security fundamentals', 'linux administration', 'cloudformation', 'gcp', 'linux']"
Cloud Engineer,"['infrastructure as code', 'virtualization', 'load balancing', 'cloud computing', 'security fundamentals', 'cloudformation', 'linux', 'kubernetes', 'azure', 'terraform']"
Cloud Engineer,"['infrastructure as code', 'virtualization', 'load balancing', 'distributed systems', 'linux administration', 'kubernetes', 'cloudformation', 'gcp', 'azure']"
Cloud Engineer,"['virtualization', 'load balancing', 'scalability design', 'system architecture', 'distributed systems', 'docker', 'linux', 'gcp', 'azure', 'terraform']"
Cloud Engineer,"['system architecture', 'networking', 'linux administration', 'infrastructure as code', 'kubernetes', 'azure', 'gcp', 'jenkins']"
Cloud Engineer,"['cloud computing', 'scalability design', 'networking', 'system architecture', 'kubernetes', 'ansible', 'terraform', 'docker']"
Cloud Engineer,"['infrastructure as code', 'virtualization', 'scalability design', 'system architecture', 'security fundamentals', 'cloudformation', 'gcp', 'terraform']"
Cloud Engineer,"['distributed systems', 'infrastructure as code', 'virtualization', 'system architecture', 'aws', 'gcp', 'terraform', 'linux']"
Cloud Engineer,"['infrastructure as code', 'virtualization', 'networking', 'distributed systems', 'linux administration', 'cloudformation', 'linux', 'gcp', 'aws', 'terraform']"
Cloud Engineer,"['distributed systems', 'networking', 'linux administration', 'system architecture', 'azure', 'aws', 'terraform', 'linux']"
Cloud Engineer,"['system architecture', 'security fundamentals', 'linux administration', 'infrastructure as code', 'cloudformation', 'ansible', 'gcp']"
Cloud Engineer,"['distributed systems', 'cloud computing', 'virtualization', 'infrastructure as code', 'kubernetes', 'ansible', 'jenkins', 'aws']"
Cloud Engineer,"['load balancing', 'distributed systems', 'virtualization', 'security fundamentals', 'aws', 'gcp', 'linux']"
Cloud Engineer,"['infrastructure as code', 'scalability design', 'distributed systems', 'security fundamentals', 'linux administration', 'jenkins', 'azure', 'aws', 'terraform']"
Cloud Engineer,"['virtualization', 'networking', 'linux administration', 'infrastructure as code', 'ansible', 'linux', 'gcp', 'kubernetes', 'terraform']"
Cloud Engineer,"['distributed systems', 'cloud computing', 'networking', 'system architecture', 'cloudformation', 'gcp', 'kubernetes', 'aws', 'terraform']"
Cloud Engineer,"['virtualization', 'cloud computing', 'distributed systems', 'security fundamentals', 'linux administration', 'kubernetes', 'ansible', 'aws']"
Cloud Engineer,"['distributed systems', 'scalability design', 'networking', 'system architecture', 'kubernetes', 'cloudformation', 'azure', 'ansible']"
Cloud Engineer,"['virtualization', 'cloud computing', 'scalability design', 'system architecture', 'linux administration', 'azure', 'aws', 'terraform', 'docker']"
Cloud Engineer,"['networking', 'load balancing', 'scalability design', 'system architecture', 'linux administration', 'linux', 'cloudformation', 'aws', 'docker']"
Cloud Engineer,"['virtualization', 'networking', 'cloud computing', 'distributed systems', 'security fundamentals', 'linux administration', 'kubernetes', 'aws', 'gcp', 'terraform']"
Cloud Engineer,"['distributed systems', 'cloud computing', 'load balancing', 'infrastructure as code', 'ansible', 'docker', 'kubernetes', 'aws', 'terraform']"
Cloud Engineer,"['load balancing', 'cloud computing', 'networking', 'system architecture', 'ansible', 'aws', 'terraform']"
Cloud Engineer,"['system architecture', 'security fundamentals', 'linux administration', 'infrastructure as code', 'cloudformation', 'linux', 'gcp', 'aws', 'terraform']"
Cloud Engineer,"['infrastructure as code', 'networking', 'scalability design', 'distributed systems', 'security fundamentals', 'linux', 'kubernetes', 'azure', 'aws', 'terraform']"
Cloud Engineer,"['infrastructure as code', 'networking', 'load balancing', 'scalability design', 'system architecture', 'security fundamentals', 'cloudformation', 'linux', 'gcp', 'kubernetes', 'azure']"
Cloud Engineer,"['infrastructure as code', 'virtualization', 'load balancing', 'cloud computing', 'system architecture', 'distributed systems', 'cloudformation', 'jenkins', 'gcp', 'kubernetes', 'aws']"
Cloud Engineer,"['cloud computing', 'scalability design', 'security fundamentals', 'linux administration', 'cloudformation', 'aws', 'linux']"
Cloud Engineer,"['virtualization', 'load balancing', 'system architecture', 'distributed systems', 'security fundamentals', 'cloudformation', 'jenkins', 'gcp', 'kubernetes', 'terraform']"
Cloud Engineer,"['infrastructure as code', 'virtualization', 'networking', 'load balancing', 'distributed systems', 'linux administration', 'linux', 'jenkins', 'ansible', 'docker']"
Cloud Engineer,"['networking', 'load balancing', 'scalability design', 'system architecture', 'distributed systems', 'security fundamentals', 'kubernetes', 'ansible', 'gcp', 'docker']"
Cloud Engineer,"['load balancing', 'cloud computing', 'scalability design', 'security fundamentals', 'linux administration', 'kubernetes', 'cloudformation', 'gcp', 'azure']"
Cloud Engineer,"['virtualization', 'networking', 'load balancing', 'cloud computing', 'distributed systems', 'linux administration', 'kubernetes', 'cloudformation', 'gcp', 'linux']"
Cloud Engineer,"['infrastructure as code', 'scalability design', 'system architecture', 'security fundamentals', 'linux administration', 'ansible', 'docker', 'azure']"
Cloud Engineer,"['infrastructure as code', 'virtualization', 'load balancing', 'scalability design', 'security fundamentals', 'jenkins', 'azure', 'linux']"
Cloud Engineer,"['virtualization', 'networking', 'scalability design', 'system architecture', 'distributed systems', 'jenkins', 'cloudformation', 'aws']"
Cloud Engineer,"['virtualization', 'networking', 'scalability design', 'system architecture', 'security fundamentals', 'linux administration', 'cloudformation', 'gcp', 'linux']"
Cloud Engineer,"['infrastructure as code', 'virtualization', 'cloud computing', 'scalability design', 'system architecture', 'security fundamentals', 'docker', 'gcp', 'kubernetes', 'azure', 'terraform']"
Cloud Engineer,"['load balancing', 'distributed systems', 'cloud computing', 'infrastructure as code', 'ansible', 'aws', 'azure', 'docker']"
Cloud Engineer,"['virtualization', 'load balancing', 'scalability design', 'distributed systems', 'security fundamentals', 'linux', 'jenkins', 'cloudformation', 'azure']"
Cloud Engineer,"['cloud computing', 'scalability design', 'linux administration', 'infrastructure as code', 'gcp', 'cloudformation', 'aws', 'linux']"
Cloud Engineer,"['infrastructure as code', 'virtualization', 'networking', 'distributed systems', 'security fundamentals', 'linux administration', 'linux', 'docker', 'jenkins', 'kubernetes', 'aws']"
Cloud Engineer,"['infrastructure as code', 'virtualization', 'networking', 'cloud computing', 'system architecture', 'distributed systems', 'kubernetes', 'jenkins', 'terraform']"
Cloud Engineer,"['scalability design', 'security fundamentals', 'linux administration', 'system architecture', 'jenkins', 'ansible', 'aws', 'docker']"
Cloud Engineer,"['scalability design', 'virtualization', 'linux administration', 'system architecture', 'kubernetes', 'cloudformation', 'terraform', 'linux']"
Cloud Engineer,"['virtualization', 'load balancing', 'scalability design', 'distributed systems', 'security fundamentals', 'linux administration', 'ansible', 'aws', 'docker']"
Cloud Engineer,"['distributed systems', 'scalability design', 'linux administration', 'system architecture', 'kubernetes', 'jenkins', 'ansible', 'docker']"
Cloud Engineer,"['infrastructure as code', 'virtualization', 'networking', 'cloud computing', 'distributed systems', 'linux administration', 'kubernetes', 'cloudformation', 'aws', 'terraform']"
Cloud Engineer,"['distributed systems', 'networking', 'scalability design', 'security fundamentals', 'cloudformation', 'linux', 'gcp', 'kubernetes', 'aws']"
Cloud Engineer,"['infrastructure as code', 'networking', 'load balancing', 'scalability design', 'distributed systems', 'linux administration', 'cloudformation', 'gcp', 'terraform', 'linux']"
Cloud Engineer,"['infrastructure as code', 'load balancing', 'scalability design', 'distributed systems', 'security fundamentals', 'jenkins', 'aws', 'gcp', 'terraform']"
Cloud Engineer,"['infrastructure as code', 'virtualization', 'scalability design', 'system architecture', 'distributed systems', 'linux administration', 'aws', 'docker', 'terraform', 'linux']"
Cloud Engineer,"['infrastructure as code', 'virtualization', 'networking', 'cloud computing', 'security fundamentals', 'linux administration', 'jenkins', 'cloudformation', 'ansible', 'linux']"
Cloud Engineer,"['infrastructure as code', 'virtualization', 'system architecture', 'distributed systems', 'linux administration', 'jenkins', 'ansible', 'aws', 'azure']"
Cloud Engineer,"['virtualization', 'networking', 'cloud computing', 'scalability design', 'security fundamentals', 'jenkins', 'cloudformation', 'gcp']"
Cloud Engineer,"['networking', 'cloud computing', 'virtualization', 'security fundamentals', 'ansible', 'docker', 'linux', 'kubernetes', 'terraform']"
Cloud Engineer,"['virtualization', 'cloud computing', 'scalability design', 'distributed systems', 'security fundamentals', 'linux administration', 'cloudformation', 'ansible', 'aws', 'linux']"
Cloud Engineer,"['infrastructure as code', 'virtualization', 'scalability design', 'security fundamentals', 'linux administration', 'cloudformation', 'linux', 'azure', 'aws', 'terraform']"
Cloud Engineer,"['virtualization', 'networking', 'load balancing', 'scalability design', 'system architecture', 'security fundamentals', 'kubernetes', 'cloudformation', 'azure', 'gcp']"
Cloud Engineer,"['virtualization', 'load balancing', 'system architecture', 'distributed systems', 'linux administration', 'kubernetes', 'gcp', 'docker']"
Cloud Engineer,"['load balancing', 'scalability design', 'virtualization', 'linux administration', 'cloudformation', 'ansible', 'linux', 'jenkins', 'gcp']"
Cloud Engineer,"['cloud computing', 'security fundamentals', 'linux administration', 'system architecture', 'aws', 'gcp', 'terraform']"
Cloud Engineer,"['infrastructure as code', 'virtualization', 'load balancing', 'system architecture', 'linux administration', 'cloudformation', 'linux', 'docker', 'jenkins', 'azure']"
Cloud Engineer,"['networking', 'cloud computing', 'virtualization', 'security fundamentals', 'jenkins', 'ansible', 'aws', 'terraform']"
Cloud Engineer,"['load balancing', 'cloud computing', 'distributed systems', 'security fundamentals', 'linux administration', 'cloudformation', 'docker', 'kubernetes', 'azure', 'terraform']"
Cloud Engineer,"['virtualization', 'networking', 'load balancing', 'cloud computing', 'scalability design', 'kubernetes', 'azure', 'aws', 'docker']"
Cloud Engineer,"['infrastructure as code', 'virtualization', 'load balancing', 'cloud computing', 'scalability design', 'azure', 'ansible', 'terraform']"
Cloud Engineer,"['infrastructure as code', 'virtualization', 'networking', 'load balancing', 'distributed systems', 'security fundamentals', 'aws', 'gcp', 'docker']"
Cloud Engineer,"['infrastructure as code', 'virtualization', 'load balancing', 'system architecture', 'distributed systems', 'linux', 'azure', 'gcp', 'docker']"
Cloud Engineer,"['infrastructure as code', 'virtualization', 'cloud computing', 'scalability design', 'distributed systems', 'linux administration', 'ansible', 'linux', 'docker', 'gcp', 'azure']"
Cloud Engineer,"['infrastructure as code', 'virtualization', 'cloud computing', 'system architecture', 'distributed systems', 'security fundamentals', 'cloudformation', 'ansible', 'linux']"
Cloud Engineer,"['infrastructure as code', 'virtualization', 'scalability design', 'system architecture', 'security fundamentals', 'linux administration', 'cloudformation', 'ansible', 'linux', 'gcp', 'kubernetes']"
Cloud Engineer,"['virtualization', 'networking', 'load balancing', 'cloud computing', 'distributed systems', 'security fundamentals', 'linux', 'jenkins', 'gcp', 'azure', 'terraform']"
Cloud Engineer,"['infrastructure as code', 'virtualization', 'networking', 'load balancing', 'security fundamentals', 'linux administration', 'linux', 'docker', 'kubernetes', 'azure', 'terraform']"
Cloud Engineer,"['infrastructure as code', 'virtualization', 'networking', 'cloud computing', 'distributed systems', 'ansible', 'terraform', 'docker']"
Cloud Engineer,"['infrastructure as code', 'networking', 'cloud computing', 'scalability design', 'system architecture', 'linux administration', 'jenkins', 'kubernetes', 'gcp', 'terraform']"
Cloud Engineer,"['distributed systems', 'virtualization', 'security fundamentals', 'scalability design', 'jenkins', 'ansible', 'aws', 'linux']"
Cloud Engineer,"['networking', 'load balancing', 'scalability design', 'distributed systems', 'security fundamentals', 'kubernetes', 'azure', 'gcp', 'terraform']"
Cloud Engineer,"['distributed systems', 'scalability design', 'networking', 'linux administration', 'jenkins', 'gcp', 'docker', 'linux']"
Cloud Engineer,"['virtualization', 'networking', 'scalability design', 'system architecture', 'distributed systems', 'security fundamentals', 'ansible', 'aws', 'terraform']"
Cloud Engineer,"['load balancing', 'cloud computing', 'scalability design', 'infrastructure as code', 'kubernetes', 'azure', 'terraform', 'docker']"
Cloud Engineer,"['virtualization', 'load balancing', 'scalability design', 'distributed systems', 'linux administration', 'jenkins', 'azure', 'gcp', 'terraform']"
Cloud Engineer,"['infrastructure as code', 'cloud computing', 'system architecture', 'distributed systems', 'security fundamentals', 'linux administration', 'jenkins', 'ansible', 'terraform']"
Cloud Engineer,"['distributed systems', 'scalability design', 'virtualization', 'system architecture', 'cloudformation', 'ansible', 'linux', 'gcp', 'kubernetes']"
Cloud Engineer,"['virtualization', 'networking', 'scalability design', 'system architecture', 'distributed systems', 'linux administration', 'jenkins', 'ansible', 'gcp', 'linux']"
Cloud Engineer,"['security fundamentals', 'distributed systems', 'networking', 'system architecture', 'azure', 'gcp', 'docker']"
Cloud Engineer,"['virtualization', 'load balancing', 'scalability design', 'system architecture', 'security fundamentals', 'linux administration', 'cloudformation', 'ansible', 'jenkins', 'gcp', 'aws']"
Cloud Engineer,"['infrastructure as code', 'virtualization', 'cloud computing', 'security fundamentals', 'linux administration', 'cloudformation', 'azure', 'terraform', 'docker']"
Cloud Engineer,"['distributed systems', 'scalability design', 'linux administration', 'infrastructure as code', 'ansible', 'aws', 'azure']"
